time_ms,ax,ay,az,gx,gy,gz,label
2315983,12872,-20,10668,-635,29,408,insert_bolts_hand_tighten
2316005,13208,-80,10456,-1184,-806,320,insert_bolts_hand_tighten
2316027,13516,-248,10544,-1372,232,-43,insert_bolts_hand_tighten
2316049,14304,-12,10904,-2102,991,73,insert_bolts_hand_tighten
2316071,14896,-208,10504,-4367,1270,413,insert_bolts_hand_tighten
2316093,15712,-460,11196,-5787,3039,667,insert_bolts_hand_tighten
2316115,16508,48,12512,-7232,5416,1403,insert_bolts_hand_tighten
2316137,16684,-768,12584,-9910,7395,2306,insert_bolts_hand_tighten
2316159,16088,-2264,12364,-10993,8944,2871,insert_bolts_hand_tighten
2316181,16212,-1976,12880,-10495,10433,3476,insert_bolts_hand_tighten
2316203,15124,-2320,12772,-12082,10951,3802,insert_bolts_hand_tighten
2316225,14580,-2420,12292,-12429,10779,4026,insert_bolts_hand_tighten
2316247,13624,-2920,12536,-12485,10955,4360,insert_bolts_hand_tighten
2316269,12864,-2984,13124,-11942,11736,4077,insert_bolts_hand_tighten
2316291,11396,-4320,13412,-11308,11410,3437,insert_bolts_hand_tighten
2316313,10028,-4108,12632,-10285,10297,2106,insert_bolts_hand_tighten
2316335,9224,-4364,12516,-9465,9842,1059,insert_bolts_hand_tighten
2316357,8524,-4252,12164,-9819,9654,187,insert_bolts_hand_tighten
2316379,8380,-5016,12628,-10084,9488,-196,insert_bolts_hand_tighten
2316401,7640,-6168,12632,-10520,9742,-471,insert_bolts_hand_tighten
2316423,6844,-7124,12196,-10067,9568,-496,insert_bolts_hand_tighten
2316445,6588,-7552,11544,-8632,8834,-747,insert_bolts_hand_tighten
2316467,6092,-7968,11676,-6592,8582,-205,insert_bolts_hand_tighten
2316489,6112,-8572,12268,-4895,7706,678,insert_bolts_hand_tighten
2316511,6188,-8136,12784,-3031,6979,1235,insert_bolts_hand_tighten
2316533,5984,-8376,12728,-1089,6202,767,insert_bolts_hand_tighten
2316555,5964,-7952,12260,-300,6314,462,insert_bolts_hand_tighten
2316577,5612,-7272,12248,-713,6989,211,insert_bolts_hand_tighten
2316599,4960,-7600,12792,-1562,7642,-115,insert_bolts_hand_tighten
2316621,4492,-7704,12992,-2470,7107,-534,insert_bolts_hand_tighten
2316643,4212,-8268,12820,-1743,6826,-1303,insert_bolts_hand_tighten
2316665,3864,-8432,12272,-1197,6051,-1871,insert_bolts_hand_tighten
2316687,3620,-7872,11864,-1989,5463,-2036,insert_bolts_hand_tighten
2316709,3432,-8672,12512,-1421,5260,-2081,insert_bolts_hand_tighten
2316731,3252,-9792,12932,2917,5693,-2220,insert_bolts_hand_tighten
2316753,3008,-9796,12892,8522,7004,-2392,insert_bolts_hand_tighten
2316775,2036,-8080,12792,8576,6316,-2493,insert_bolts_hand_tighten
2316797,2200,-6328,12836,3213,3760,-2661,insert_bolts_hand_tighten
2316819,2508,-6672,13664,-2609,2561,-2777,insert_bolts_hand_tighten
2316841,2940,-7956,14024,-4732,2323,-3336,insert_bolts_hand_tighten
2316863,2868,-8628,14104,-2780,2554,-3275,insert_bolts_hand_tighten
2316885,2668,-8788,14016,197,2655,-2521,insert_bolts_hand_tighten
2316907,3024,-8252,13848,1057,732,-1321,insert_bolts_hand_tighten
2316929,3148,-8132,13472,336,-784,-165,insert_bolts_hand_tighten
2316951,3356,-8628,13916,766,-1229,712,insert_bolts_hand_tighten
2316973,3464,-8188,14424,2192,-985,1245,insert_bolts_hand_tighten
2316995,3132,-7096,14060,2143,-1194,1833,insert_bolts_hand_tighten
2317017,3160,-6808,13256,363,-1756,2363,insert_bolts_hand_tighten
2317039,3596,-7464,12904,-509,-2685,2921,insert_bolts_hand_tighten
2317061,3440,-7908,13704,1253,-2989,3349,insert_bolts_hand_tighten
2317083,3080,-6788,13836,2456,-3034,3615,insert_bolts_hand_tighten
2317105,3404,-6420,13652,1757,-3686,3818,insert_bolts_hand_tighten
2317127,3644,-7920,13164,712,-3830,3972,insert_bolts_hand_tighten
2317149,3912,-7876,13904,686,-3671,4047,insert_bolts_hand_tighten
2317171,3632,-7368,14984,1621,-2685,3367,insert_bolts_hand_tighten
2317193,3528,-5944,14884,599,-2194,2933,insert_bolts_hand_tighten
2317215,3752,-6180,14744,-644,-1821,2663,insert_bolts_hand_tighten
2317237,4132,-7824,15412,-11,-1143,2639,insert_bolts_hand_tighten
2317259,4184,-7760,15908,828,-342,2605,insert_bolts_hand_tighten
2317281,4028,-7020,16216,221,135,2527,insert_bolts_hand_tighten
2317303,3848,-7048,16132,-1093,398,2491,insert_bolts_hand_tighten
2317325,3608,-7064,15780,-2031,629,2221,insert_bolts_hand_tighten
2317347,3676,-7624,15768,-1714,994,1816,insert_bolts_hand_tighten
2317369,4036,-7604,15740,284,1096,1617,insert_bolts_hand_tighten
2317391,3928,-7012,15488,1469,1028,1585,insert_bolts_hand_tighten
2317413,3984,-6400,14952,915,482,1467,insert_bolts_hand_tighten
2317435,4168,-6492,14608,-342,145,1381,insert_bolts_hand_tighten
2317457,4164,-6804,14384,-579,519,1211,insert_bolts_hand_tighten
2317479,4084,-6972,14244,-416,435,992,insert_bolts_hand_tighten
2317501,4052,-6760,14292,446,367,1027,insert_bolts_hand_tighten
2317523,3772,-6612,14184,478,-340,969,insert_bolts_hand_tighten
2317545,3700,-6476,13976,88,-660,668,insert_bolts_hand_tighten
2317567,3940,-6836,13736,-488,-1269,366,insert_bolts_hand_tighten
2317589,4236,-7236,14400,144,-735,270,insert_bolts_hand_tighten
2317611,4088,-7460,14620,380,-407,200,insert_bolts_hand_tighten
2317633,4104,-7592,14940,447,-706,119,insert_bolts_hand_tighten
2317655,4000,-7664,14768,243,-1083,20,insert_bolts_hand_tighten
2317677,4072,-7428,14636,-69,-1361,29,insert_bolts_hand_tighten
2317699,4216,-7840,14420,-249,-1218,229,insert_bolts_hand_tighten
2317721,4224,-8284,15124,698,-483,526,insert_bolts_hand_tighten
2317743,3840,-7752,15080,874,-592,741,insert_bolts_hand_tighten
2317765,3832,-7448,15064,575,-973,782,insert_bolts_hand_tighten
2317787,3936,-7332,14796,312,-1075,754,insert_bolts_hand_tighten
2317809,3944,-7520,14852,463,-925,863,insert_bolts_hand_tighten
2317831,4024,-6900,14892,506,-478,897,insert_bolts_hand_tighten
2317853,4196,-7288,14900,381,-223,993,insert_bolts_hand_tighten
2317875,4152,-7248,15232,716,331,1175,insert_bolts_hand_tighten
2317897,4028,-6932,14684,349,287,1037,insert_bolts_hand_tighten
2317919,4072,-6992,14848,124,238,998,insert_bolts_hand_tighten
2317941,4112,-6540,14840,349,258,838,insert_bolts_hand_tighten
2317963,4176,-6688,14432,487,199,579,insert_bolts_hand_tighten
2317985,4268,-6732,14540,483,309,403,insert_bolts_hand_tighten
2318007,4212,-6460,14576,172,343,225,insert_bolts_hand_tighten
2318029,4204,-6516,14636,-533,210,226,insert_bolts_hand_tighten
2318051,4196,-6716,14408,-492,286,95,insert_bolts_hand_tighten
2318073,4136,-6900,14492,-214,60,87,insert_bolts_hand_tighten
2318095,4320,-6668,14664,-145,-15,29,insert_bolts_hand_tighten
2318117,4336,-7008,14640,-400,-59,-41,insert_bolts_hand_tighten
2318139,4344,-6724,14744,-549,99,-27,insert_bolts_hand_tighten
2318161,4120,-7156,14472,-557,79,-8,insert_bolts_hand_tighten
2318183,4072,-7112,14740,-268,3,57,insert_bolts_hand_tighten
2318205,4040,-7104,14628,-325,-288,35,insert_bolts_hand_tighten
2318227,4192,-7044,14652,-286,-326,-54,insert_bolts_hand_tighten
2318249,4204,-7072,14632,-425,-279,-28,insert_bolts_hand_tighten
2318271,4296,-7196,14888,-478,-124,-94,insert_bolts_hand_tighten
2318293,4320,-7176,14848,-583,-33,-16,insert_bolts_hand_tighten
2318315,4320,-7280,14988,-440,-89,-70,insert_bolts_hand_tighten
2318337,4252,-7016,14804,-233,70,9,insert_bolts_hand_tighten
2318359,4176,-7188,15088,-279,-166,-1,insert_bolts_hand_tighten
2318381,4328,-6808,14484,-415,-113,-75,insert_bolts_hand_tighten
2318403,4308,-6908,14620,-283,-80,-150,insert_bolts_hand_tighten
2318425,4308,-6844,14916,-113,-118,-120,insert_bolts_hand_tighten
2318447,4464,-6872,14564,-116,-213,-152,insert_bolts_hand_tighten
2318469,4508,-6984,15076,72,-39,-170,insert_bolts_hand_tighten
2318491,4568,-6764,14740,-192,100,-219,insert_bolts_hand_tighten
2318513,4444,-6764,14772,-394,365,-236,insert_bolts_hand_tighten
2318535,4340,-6956,14836,-409,304,-397,insert_bolts_hand_tighten
2318557,4264,-6708,14460,-55,181,-492,insert_bolts_hand_tighten
2318579,4280,-6896,14480,282,122,-558,insert_bolts_hand_tighten
2318601,4304,-6748,14852,118,52,-454,insert_bolts_hand_tighten
2318623,4508,-6908,14676,-330,-111,-418,insert_bolts_hand_tighten
2318645,4532,-7032,14712,-576,-6,-332,insert_bolts_hand_tighten
2318667,4540,-7156,14848,-363,37,-264,insert_bolts_hand_tighten
2318689,4544,-7168,14780,-261,207,-162,insert_bolts_hand_tighten
2318711,4532,-7316,15112,-475,300,-62,insert_bolts_hand_tighten
2318733,4868,-7696,15584,-679,296,19,insert_bolts_hand_tighten
2318755,4996,-8008,15536,-893,809,317,insert_bolts_hand_tighten
2318777,4636,-7408,15040,-1375,1400,583,insert_bolts_hand_tighten
2318799,4224,-7428,14752,-1805,1407,684,insert_bolts_hand_tighten
2318821,3912,-7112,14468,-1653,1367,581,insert_bolts_hand_tighten
2318843,3864,-7064,14316,-1429,980,374,insert_bolts_hand_tighten
2318865,3812,-6700,14228,-1137,745,213,insert_bolts_hand_tighten
2318887,3944,-6660,13872,-1189,469,84,insert_bolts_hand_tighten
2318909,3968,-6716,13944,-1085,482,-3,insert_bolts_hand_tighten
2318931,4040,-7156,14152,-302,195,-231,insert_bolts_hand_tighten
2318953,4400,-6884,14288,58,-2,-368,insert_bolts_hand_tighten
2318975,4428,-6856,14228,-441,-254,-411,insert_bolts_hand_tighten
2318997,4684,-7316,14484,-417,-185,-465,insert_bolts_hand_tighten
2319019,4580,-7320,14516,-57,13,-456,insert_bolts_hand_tighten
2319041,4508,-7288,14492,-12,20,-409,insert_bolts_hand_tighten
2319063,4540,-7216,14232,-328,-133,-527,insert_bolts_hand_tighten
2319085,4540,-7236,14512,-549,-263,-565,insert_bolts_hand_tighten
2319107,4700,-7312,14388,-819,-407,-717,insert_bolts_hand_tighten
2319129,4524,-7192,14132,-819,-148,-763,insert_bolts_hand_tighten
2319151,4400,-7044,13996,-655,-92,-751,insert_bolts_hand_tighten
2319173,4136,-6840,13888,-654,-170,-851,insert_bolts_hand_tighten
2319195,3948,-6612,13752,-916,-298,-992,insert_bolts_hand_tighten
2319217,3716,-6184,13368,-1562,-541,-1457,insert_bolts_hand_tighten
2319239,3716,-6236,13544,-1918,-910,-2075,insert_bolts_hand_tighten
2319261,3848,-5768,13316,-2256,-904,-2545,insert_bolts_hand_tighten
2319283,3960,-5860,13264,-2380,-271,-3438,insert_bolts_hand_tighten
2319305,3896,-5892,13376,-2929,-1335,-3812,insert_bolts_hand_tighten
2319327,3924,-5588,13560,-3428,-1772,-4411,insert_bolts_hand_tighten
2319349,4148,-5924,13420,-4215,-2598,-5341,insert_bolts_hand_tighten
2319371,4548,-6440,13748,-3453,-2605,-5816,insert_bolts_hand_tighten
2319393,4496,-6172,12968,-3239,-2903,-6265,insert_bolts_hand_tighten
2319415,4996,-7352,12892,-1642,-2878,-6637,insert_bolts_hand_tighten
2319437,5204,-6604,12652,-946,-3186,-6502,insert_bolts_hand_tighten
2319459,5536,-6416,12736,-1596,-3424,-6881,insert_bolts_hand_tighten
2319481,6060,-6756,12704,-2539,-3635,-7519,insert_bolts_hand_tighten
2319503,7864,-7456,12876,-2761,-4379,-7152,insert_bolts_hand_tighten
2319525,7304,-8160,12772,-942,-5312,-8355,insert_bolts_hand_tighten
2319547,8408,-8412,12784,2433,-4941,-8376,insert_bolts_hand_tighten
2319569,8752,-7752,12708,3502,-5065,-7700,insert_bolts_hand_tighten
2319591,9032,-7408,12292,2387,-6108,-7168,insert_bolts_hand_tighten
2319613,9740,-7432,12048,1874,-6518,-7163,insert_bolts_hand_tighten
2319635,10372,-7304,12504,3683,-6215,-7036,insert_bolts_hand_tighten
2319657,10848,-6448,12536,5312,-5736,-6346,insert_bolts_hand_tighten
2319679,11308,-6060,12996,5935,-5475,-5633,insert_bolts_hand_tighten
2319701,11800,-5780,13208,5183,-5182,-5112,insert_bolts_hand_tighten
2319723,12096,-5260,13420,4155,-4704,-5014,insert_bolts_hand_tighten
2319745,12588,-4804,12724,3961,-4213,-4533,insert_bolts_hand_tighten
2319767,12996,-4628,12868,4639,-3398,-3630,insert_bolts_hand_tighten
2319789,12632,-4396,12776,3829,-3055,-3104,insert_bolts_hand_tighten
2319811,12716,-4412,12712,2597,-2637,-2768,insert_bolts_hand_tighten
2319833,12704,-4420,12512,3485,-2505,-1903,insert_bolts_hand_tighten
2319855,12688,-3952,11752,4634,-2631,-754,insert_bolts_hand_tighten
2319877,12536,-3568,11488,5868,-2140,26,insert_bolts_hand_tighten
2319899,12340,-3416,11424,7548,-1771,739,insert_bolts_hand_tighten
2319921,12112,-2264,11504,8445,-1830,1101,insert_bolts_hand_tighten
2319943,11924,-1460,11208,7061,-2575,950,insert_bolts_hand_tighten
2319965,12372,-1552,10904,5745,-2757,539,insert_bolts_hand_tighten
2319987,12596,-1664,11568,5342,-2113,325,insert_bolts_hand_tighten
2320009,11856,-1356,12064,5542,-1334,-105,insert_bolts_hand_tighten
2320031,12508,-608,11924,4011,-1609,-301,insert_bolts_hand_tighten
2320053,12804,-1100,11696,2748,-1459,-616,insert_bolts_hand_tighten
2320075,12820,-876,11720,2067,-1607,-741,insert_bolts_hand_tighten
2320097,12892,-628,11820,1638,-1621,-736,insert_bolts_hand_tighten
2320119,13968,-508,12664,-419,-748,-438,insert_bolts_hand_tighten
2320141,13316,-856,13000,-74,1447,-341,insert_bolts_hand_tighten
2320163,12720,-1148,12664,-855,354,-496,insert_bolts_hand_tighten
2320185,13044,-764,12096,211,238,-383,insert_bolts_hand_tighten
2320207,12924,-216,11560,-340,437,-293,insert_bolts_hand_tighten
2320229,13260,-24,11888,-2564,698,-83,insert_bolts_hand_tighten
2320251,12976,-988,11372,-1702,124,-438,insert_bolts_hand_tighten
2320273,12592,-1236,11560,-1452,378,-339,insert_bolts_hand_tighten
2320295,12568,-1376,11476,-1254,273,-204,insert_bolts_hand_tighten
2320317,12584,-1164,11468,-1298,105,-180,insert_bolts_hand_tighten
2320339,12560,-964,11108,-965,-22,-189,insert_bolts_hand_tighten
2320361,12788,-1220,11176,-204,189,-157,insert_bolts_hand_tighten
2320383,12668,-848,11444,-265,296,-65,insert_bolts_hand_tighten
2320405,12568,-1300,11620,-356,92,-81,insert_bolts_hand_tighten
2320427,12512,-1020,11672,-1187,-90,-103,insert_bolts_hand_tighten
2320449,12752,-1712,11388,-1944,-315,-215,insert_bolts_hand_tighten
2320471,12904,-1288,11368,377,765,180,insert_bolts_hand_tighten
2320493,13052,-1140,11624,100,485,394,insert_bolts_hand_tighten
2320515,13876,-708,12608,-245,1042,159,insert_bolts_hand_tighten
2320537,14020,-196,11996,-2540,1682,-177,insert_bolts_hand_tighten
2320559,13608,-1176,11600,-3768,2837,328,insert_bolts_hand_tighten
2320581,13556,196,11784,-3561,4001,328,insert_bolts_hand_tighten
2320603,13132,-380,11260,-3996,3056,247,insert_bolts_hand_tighten
2320625,12676,-840,10652,-4681,2146,-494,insert_bolts_hand_tighten
2320647,12216,-1732,10028,-3327,1170,-1052,insert_bolts_hand_tighten
2320669,11160,-1980,10332,-1194,91,-1245,insert_bolts_hand_tighten
2320691,10692,-1576,10100,-347,-814,-1255,insert_bolts_hand_tighten
2320713,11020,-1684,10292,-783,-1646,-687,insert_bolts_hand_tighten
2320735,11076,-2572,11192,-952,-1772,-419,insert_bolts_hand_tighten
2320757,11368,-3388,11408,821,-1023,-943,insert_bolts_hand_tighten
2320779,11152,-2204,12256,1161,72,-1069,insert_bolts_hand_tighten
2320801,11012,-2408,12176,-1487,-492,-1574,insert_bolts_hand_tighten
2320823,11212,-2824,12428,-2411,-773,-1769,insert_bolts_hand_tighten
2320845,11304,-2476,11880,-2249,-1259,-1630,insert_bolts_hand_tighten
2320867,11760,-2516,11552,309,-1130,-1468,insert_bolts_hand_tighten
2320889,11860,-1836,11492,3282,-544,-1139,insert_bolts_hand_tighten
2320911,11720,-284,11760,4320,-189,-999,insert_bolts_hand_tighten
2320933,12628,-68,12368,2045,-806,-890,insert_bolts_hand_tighten
2320955,12832,-1112,13160,211,-187,-841,insert_bolts_hand_tighten
2320977,13184,-1520,12456,-570,48,-740,insert_bolts_hand_tighten
2320999,13300,-2164,12212,862,222,133,insert_bolts_hand_tighten
2321021,13536,-1688,12976,1810,1212,1497,insert_bolts_hand_tighten
2321043,14296,-1204,12784,2831,928,2601,insert_bolts_hand_tighten
2321065,14864,-544,13084,-166,2661,3715,insert_bolts_hand_tighten
2321087,14596,-2732,13984,-3675,4360,4101,insert_bolts_hand_tighten
2321109,14632,-2804,14140,-4037,6189,4852,insert_bolts_hand_tighten
2321131,14060,-3496,14220,-4045,7163,5841,insert_bolts_hand_tighten
2321153,13588,-2972,14420,-2727,7955,7032,insert_bolts_hand_tighten
2321175,13716,-3292,15032,-4441,7607,7663,insert_bolts_hand_tighten
2321197,14260,-4496,16360,-7800,7686,8375,insert_bolts_hand_tighten
2321219,13896,-5312,16356,-11815,7627,9114,insert_bolts_hand_tighten
2321241,13388,-7224,15080,-15657,5169,10823,insert_bolts_hand_tighten
2321263,13576,-8952,13792,-15822,3538,13001,insert_bolts_hand_tighten
2321285,13560,-9736,14072,-15686,3855,16376,insert_bolts_hand_tighten
2321307,12412,-11312,13368,-14804,3594,19187,insert_bolts_hand_tighten
2321329,11880,-11992,12452,-15503,2486,21644,insert_bolts_hand_tighten
2321351,10060,-11084,12652,-17343,2302,24116,insert_bolts_hand_tighten
2321373,7344,-9896,11192,-16869,226,24752,insert_bolts_hand_tighten
2321395,6124,-11520,9096,-16175,-1449,25299,insert_bolts_hand_tighten
2321417,5720,-11040,5988,-15148,-1322,24977,insert_bolts_hand_tighten
2321439,3616,-10152,4904,-12758,656,23669,insert_bolts_hand_tighten
2321461,1620,-9040,6364,-7517,1554,20965,insert_bolts_hand_tighten
2321483,1148,-9248,7224,-1083,-575,17426,insert_bolts_hand_tighten
2321505,1416,-7076,6796,4634,-1402,14346,insert_bolts_hand_tighten
2321527,1336,-6620,7080,7391,-1961,11933,insert_bolts_hand_tighten
2321549,1472,-6008,8300,6450,-3237,10005,insert_bolts_hand_tighten
2321571,2180,-8204,9356,6065,-3382,7982,insert_bolts_hand_tighten
2321593,2592,-8408,10388,5975,-2652,5390,insert_bolts_hand_tighten
2321615,2436,-10052,10988,6837,-1990,3330,insert_bolts_hand_tighten
2321637,2580,-9860,10796,9074,-1044,1571,insert_bolts_hand_tighten
2321659,2640,-9952,11036,8779,-85,1169,insert_bolts_hand_tighten
2321681,2056,-10084,12180,6218,797,782,insert_bolts_hand_tighten
2321703,1120,-9864,12248,3041,397,419,insert_bolts_hand_tighten
2321725,1040,-11564,12320,814,203,-129,insert_bolts_hand_tighten
2321747,948,-11268,12660,2539,909,-894,insert_bolts_hand_tighten
2321769,188,-11860,11764,5390,559,-1606,insert_bolts_hand_tighten
2321791,584,-10616,11524,5705,-110,-1137,insert_bolts_hand_tighten
2321813,616,-9744,12072,1346,309,-614,insert_bolts_hand_tighten
2321835,408,-11040,11860,-3611,-86,-279,insert_bolts_hand_tighten
2321857,324,-11672,11452,-2430,244,-796,insert_bolts_hand_tighten
2321879,672,-13312,12180,-283,512,-1150,insert_bolts_hand_tighten
2321901,600,-12680,11288,5248,-211,-1654,insert_bolts_hand_tighten
2321923,396,-9416,11308,3345,-1509,-345,insert_bolts_hand_tighten
2321945,1592,-9368,12648,-2241,-1987,272,insert_bolts_hand_tighten
2321967,1688,-10640,12296,-4360,-1877,-122,insert_bolts_hand_tighten
2321989,2016,-12460,11588,-3685,-1786,-494,insert_bolts_hand_tighten
2322011,2136,-14172,11148,2206,-654,-1155,insert_bolts_hand_tighten
2322033,1872,-13660,11284,8098,-314,-1307,insert_bolts_hand_tighten
2322055,2140,-9144,12952,4937,-24,1248,insert_bolts_hand_tighten
2322077,1968,-10520,13056,990,-1368,1384,insert_bolts_hand_tighten
2322099,1456,-10316,12064,-2643,-1459,1215,insert_bolts_hand_tighten
2322121,1752,-12300,11652,-1030,197,269,insert_bolts_hand_tighten
2322143,2236,-13496,12172,6641,2252,-527,insert_bolts_hand_tighten
2322165,980,-10848,12536,10711,2646,-161,insert_bolts_hand_tighten
2322187,704,-8240,12488,7090,-616,808,insert_bolts_hand_tighten
2322209,1496,-7816,12596,2023,-1398,1111,insert_bolts_hand_tighten
2322231,1216,-7280,12756,-2020,-1066,680,insert_bolts_hand_tighten
2322253,1316,-9128,12092,-3476,-359,-742,insert_bolts_hand_tighten
2322275,1420,-9984,11784,774,1063,-2154,insert_bolts_hand_tighten
2322297,2248,-8592,13532,3129,1767,-2766,insert_bolts_hand_tighten
2322319,2232,-6756,14724,-3720,798,-1679,insert_bolts_hand_tighten
2322341,1884,-9052,13952,-11274,-1934,-1487,insert_bolts_hand_tighten
2322363,2400,-9456,12592,-13245,-1155,-1711,insert_bolts_hand_tighten
2322385,2208,-10536,11504,-16252,-1129,-2115,insert_bolts_hand_tighten
2322407,2364,-12192,11344,-16307,-1134,-2801,insert_bolts_hand_tighten
2322429,2956,-12252,11320,-12591,-707,-2428,insert_bolts_hand_tighten
2322451,2796,-13444,11388,-10242,-832,-234,insert_bolts_hand_tighten
2322473,2220,-13688,10596,-10627,-1368,1665,insert_bolts_hand_tighten
2322495,1820,-13920,9044,-11613,-2885,1724,insert_bolts_hand_tighten
2322517,2024,-13136,8536,-12719,-2510,327,insert_bolts_hand_tighten
2322539,1868,-14656,8296,-11740,-835,-873,insert_bolts_hand_tighten
2322561,1992,-15100,7880,-8745,-1611,-1273,insert_bolts_hand_tighten
2322583,1920,-15776,6980,-5432,-2393,-810,insert_bolts_hand_tighten
2322605,2664,-15240,6964,-3125,-1708,31,insert_bolts_hand_tighten
2322627,2740,-13516,7052,-7849,-1905,1050,insert_bolts_hand_tighten
2322649,2924,-15072,6956,-8967,-1525,1002,insert_bolts_hand_tighten
2322671,3140,-15848,7188,-4906,-553,-47,insert_bolts_hand_tighten
2322693,3116,-15756,7684,-2378,706,-866,insert_bolts_hand_tighten
2322715,2888,-14772,7524,0,-7,-1363,insert_bolts_hand_tighten
2322737,3108,-13524,6484,-491,-158,-1357,insert_bolts_hand_tighten
2322759,3392,-14420,5916,-1207,237,-125,insert_bolts_hand_tighten
2322781,3056,-15136,6216,-1021,283,381,insert_bolts_hand_tighten
2322803,3396,-15580,6108,-650,560,117,insert_bolts_hand_tighten
2322825,2720,-15624,5776,344,785,40,insert_bolts_hand_tighten
2322847,3044,-15420,6408,1583,691,126,insert_bolts_hand_tighten
2322869,2692,-14848,6540,2843,341,-20,insert_bolts_hand_tighten
2322891,2968,-14528,6980,2497,-113,268,insert_bolts_hand_tighten
2322913,2808,-14448,6600,2322,-628,293,insert_bolts_hand_tighten
2322935,2980,-14484,6668,2685,-366,446,insert_bolts_hand_tighten
2322957,2860,-14428,7088,2648,-119,523,insert_bolts_hand_tighten
2322979,3192,-14076,7656,1837,-154,342,insert_bolts_hand_tighten
2323001,3372,-14120,8812,848,595,247,insert_bolts_hand_tighten
2323023,3136,-14216,8292,95,814,-103,insert_bolts_hand_tighten
2323045,3176,-14432,7656,51,997,-223,insert_bolts_hand_tighten
2323067,3156,-14632,7008,-226,1187,-116,insert_bolts_hand_tighten
2323089,2972,-14876,6704,-23,1298,109,insert_bolts_hand_tighten
2323111,2860,-14944,6972,8,778,470,insert_bolts_hand_tighten
2323133,3040,-14652,7348,960,504,272,insert_bolts_hand_tighten
2323155,3292,-14124,8028,2458,853,180,insert_bolts_hand_tighten
2323177,3056,-13740,8172,3135,1154,23,insert_bolts_hand_tighten
2323199,2768,-13212,8028,1876,938,-145,insert_bolts_hand_tighten
2323221,2960,-13084,8352,576,876,-197,insert_bolts_hand_tighten
2323243,3344,-12844,8544,-1008,1691,-705,insert_bolts_hand_tighten
2323265,3232,-13744,8620,-2554,3296,-1246,insert_bolts_hand_tighten
2323287,3060,-13852,8460,-2332,4771,-2145,insert_bolts_hand_tighten
2323309,2760,-13828,8368,-1908,5158,-2619,insert_bolts_hand_tighten
2323331,2744,-13792,8320,-838,5003,-2930,insert_bolts_hand_tighten
2323353,2696,-13532,8288,1003,4628,-3384,insert_bolts_hand_tighten
2323375,2712,-13416,8020,3607,4634,-4062,insert_bolts_hand_tighten
2323397,2896,-12972,7796,6505,4671,-4655,insert_bolts_hand_tighten
2323419,2776,-11644,8028,7500,5382,-5538,insert_bolts_hand_tighten
2323441,2648,-10004,8164,5483,5291,-5989,insert_bolts_hand_tighten
2323463,2540,-9652,8960,3800,5793,-7062,insert_bolts_hand_tighten
2323485,2808,-9836,8500,4402,6209,-8973,insert_bolts_hand_tighten
2323507,3216,-10184,7888,6553,7527,-11010,insert_bolts_hand_tighten
2323529,3656,-10500,8756,8969,7642,-13244,insert_bolts_hand_tighten
2323551,4504,-9116,10164,8697,7628,-13885,insert_bolts_hand_tighten
2323573,4636,-8108,10188,5039,5941,-13801,insert_bolts_hand_tighten
2323595,4900,-9020,10112,4170,5338,-14132,insert_bolts_hand_tighten
2323617,4896,-9504,9744,7774,5172,-15314,insert_bolts_hand_tighten
2323639,5656,-9668,10916,10031,5483,-16472,insert_bolts_hand_tighten
2323661,6604,-9376,12196,6278,2013,-16090,insert_bolts_hand_tighten
2323683,7888,-10700,12824,5489,832,-16161,insert_bolts_hand_tighten
2323705,8388,-9244,11956,7975,2443,-16181,insert_bolts_hand_tighten
2323727,7668,-9032,11084,7536,419,-14536,insert_bolts_hand_tighten
2323749,8644,-8808,11032,4789,-1568,-12864,insert_bolts_hand_tighten
2323771,8176,-9840,11928,4648,-2175,-13274,insert_bolts_hand_tighten
2323793,9576,-8788,13168,4668,-4624,-12524,insert_bolts_hand_tighten
2323815,9784,-8496,13084,3444,-5069,-11992,insert_bolts_hand_tighten
2323837,10300,-8944,12396,1700,-7018,-10202,insert_bolts_hand_tighten
2323859,10336,-9268,11924,948,-7698,-8362,insert_bolts_hand_tighten
2323881,11000,-9700,12556,2534,-7382,-6549,insert_bolts_hand_tighten
2323903,11184,-9396,13036,5852,-6826,-5027,insert_bolts_hand_tighten
2323925,11048,-7628,13080,7998,-6055,-3497,insert_bolts_hand_tighten
2323947,11212,-6628,13104,8338,-6294,-2562,insert_bolts_hand_tighten
2323969,11600,-5912,13376,5717,-5866,-1718,insert_bolts_hand_tighten
2323991,12220,-5780,14136,1362,-5260,-1513,insert_bolts_hand_tighten
2324013,12548,-6384,14280,1176,-3725,-1587,insert_bolts_hand_tighten
2324035,12020,-5500,13036,3254,-2045,-1685,insert_bolts_hand_tighten
2324057,11620,-3696,12172,4223,-1712,-1099,insert_bolts_hand_tighten
2324079,11184,-3320,11624,3487,-1481,-1432,insert_bolts_hand_tighten
2324101,11292,-3172,11076,4246,-2011,-2152,insert_bolts_hand_tighten
2324123,11800,-1896,11380,5949,-2072,-2450,insert_bolts_hand_tighten
2324145,12440,-1360,11456,5590,-2467,-2578,insert_bolts_hand_tighten
2324167,12972,-1068,11864,1705,-3050,-2671,insert_bolts_hand_tighten
2324189,13608,-2380,12368,-985,-3144,-2704,insert_bolts_hand_tighten
2324211,13500,-2880,12280,-853,-2655,-2602,insert_bolts_hand_tighten
2324233,14300,-3268,11832,1416,-1778,-2010,insert_bolts_hand_tighten
2324255,13952,-1560,10984,3221,-13,-1157,insert_bolts_hand_tighten
2324277,13648,-1584,11812,850,-728,-442,insert_bolts_hand_tighten
2324299,13892,-1652,12388,-1210,-469,203,insert_bolts_hand_tighten
2324321,13236,-2780,11836,-1817,-245,359,insert_bolts_hand_tighten
2324343,13328,-3268,11780,-241,835,491,insert_bolts_hand_tighten
2324365,12628,-2744,11776,1125,2114,1067,insert_bolts_hand_tighten
2324387,12324,-2392,11228,456,1721,1511,insert_bolts_hand_tighten
2324409,12124,-2676,11416,729,1346,2083,insert_bolts_hand_tighten
2324431,11744,-2264,11208,555,546,1972,insert_bolts_hand_tighten
2324453,11864,-2864,11128,1223,-320,1575,insert_bolts_hand_tighten
2324475,12528,-2524,11380,2309,109,1509,insert_bolts_hand_tighten
2324497,12592,-1928,11468,1111,1585,1274,insert_bolts_hand_tighten
2324519,12688,-1920,11164,-291,402,1292,insert_bolts_hand_tighten
2324541,12668,-2448,10744,-734,445,1232,insert_bolts_hand_tighten
2324563,12700,-1916,10628,-775,773,1407,insert_bolts_hand_tighten
2324585,12696,-2212,10204,202,330,1381,insert_bolts_hand_tighten
2324607,12736,-1856,10384,1646,912,1550,insert_bolts_hand_tighten
2324629,12760,-2068,11024,2379,691,1403,insert_bolts_hand_tighten
2324651,12708,-1172,12152,89,1829,1538,insert_bolts_hand_tighten
2324673,13108,-2160,11672,265,617,758,insert_bolts_hand_tighten
2324695,12248,-2900,11900,657,780,1226,insert_bolts_hand_tighten
2324717,12020,-2828,12384,1749,1059,1282,insert_bolts_hand_tighten
2324739,12188,-2220,13152,1957,744,1344,insert_bolts_hand_tighten
2324761,11808,-2496,12192,122,-268,747,insert_bolts_hand_tighten
2324783,12120,-3168,11908,1059,139,563,insert_bolts_hand_tighten
2324805,11808,-2848,12036,3024,743,1090,insert_bolts_hand_tighten
2324827,11448,-3040,11988,1890,421,987,insert_bolts_hand_tighten
2324849,11832,-2376,12636,921,-88,729,insert_bolts_hand_tighten
2324871,12184,-2032,12536,707,-187,641,insert_bolts_hand_tighten
2324893,12032,-2628,11852,-766,-553,1030,insert_bolts_hand_tighten
2324915,12820,-3104,11340,832,-923,1256,insert_bolts_hand_tighten
2324937,13800,-2632,12648,1641,-93,2466,insert_bolts_hand_tighten
2324959,13140,-3708,12144,-1152,-1034,2296,insert_bolts_hand_tighten
2324981,13492,-3404,11912,-2006,441,3312,insert_bolts_hand_tighten
2325003,14060,-3432,12908,-4155,974,3736,insert_bolts_hand_tighten
2325025,13912,-4172,13028,-7967,352,4087,insert_bolts_hand_tighten
2325047,15196,-4368,13300,-7927,941,5471,insert_bolts_hand_tighten
2325069,14796,-7024,12244,-8554,3166,7043,insert_bolts_hand_tighten
2325091,14820,-7792,13284,-3730,7370,8605,insert_bolts_hand_tighten
2325113,12460,-5808,14240,-2343,7847,9782,insert_bolts_hand_tighten
2325135,12036,-5728,13416,-4719,6133,9955,insert_bolts_hand_tighten
2325157,11816,-5648,13452,-6871,6055,9976,insert_bolts_hand_tighten
2325179,10668,-5712,12980,-10420,5557,10331,insert_bolts_hand_tighten
2325201,9892,-7260,12884,-11112,5287,10351,insert_bolts_hand_tighten
2325223,9344,-8764,12828,-8578,5643,10522,insert_bolts_hand_tighten
2325245,8452,-8396,11672,-7252,4701,10995,insert_bolts_hand_tighten
2325267,8152,-9100,10780,-6894,2895,11667,insert_bolts_hand_tighten
2325289,7848,-9524,10732,-6800,2044,12289,insert_bolts_hand_tighten
2325311,7652,-10200,11204,-4658,1393,12670,insert_bolts_hand_tighten
2325333,7440,-10984,10840,-1834,561,12465,insert_bolts_hand_tighten
2325355,7640,-12360,10588,243,-1,12349,insert_bolts_hand_tighten
2325377,8228,-13436,10324,1643,695,12334,insert_bolts_hand_tighten
2325399,8372,-12488,9852,3315,1679,12901,insert_bolts_hand_tighten
2325421,7412,-11552,10596,1900,3045,13978,insert_bolts_hand_tighten
2325443,6804,-10116,11556,-1570,2209,14485,insert_bolts_hand_tighten
2325465,5732,-9512,11476,-4109,1607,14536,insert_bolts_hand_tighten
2325487,4972,-9896,10664,-4572,562,14107,insert_bolts_hand_tighten
2325509,4364,-9336,9436,-5341,312,13496,insert_bolts_hand_tighten
2325531,3748,-9908,9392,-6953,513,12161,insert_bolts_hand_tighten
2325553,3532,-8992,9136,-9237,780,11267,insert_bolts_hand_tighten
2325575,2960,-9820,8796,-11825,906,10594,insert_bolts_hand_tighten
2325597,2088,-9712,8176,-13963,731,9936,insert_bolts_hand_tighten
2325619,1348,-11036,8000,-16052,-231,9258,insert_bolts_hand_tighten
2325641,940,-11528,8368,-15875,-984,8562,insert_bolts_hand_tighten
2325663,136,-12256,7616,-15333,-1692,7757,insert_bolts_hand_tighten
2325685,-396,-12472,6792,-14757,-2348,6675,insert_bolts_hand_tighten
2325707,868,-13836,6112,-13012,-7156,7940,insert_bolts_hand_tighten
2325729,-1488,-15024,5960,-10571,-1380,5881,insert_bolts_hand_tighten
2325751,-1692,-15520,6048,-5154,-3434,5030,insert_bolts_hand_tighten
2325773,-1960,-14624,5500,-734,-3502,4647,insert_bolts_hand_tighten
2325795,-1736,-13992,4892,916,-2722,4226,insert_bolts_hand_tighten
2325817,-1796,-13208,5376,877,-3352,3830,insert_bolts_hand_tighten
2325839,-1020,-14048,6592,-106,-2992,3511,insert_bolts_hand_tighten
2325861,-516,-15920,7148,738,-3315,3193,insert_bolts_hand_tighten
2325883,-80,-15720,7076,2897,-2744,2486,insert_bolts_hand_tighten
2325905,796,-15128,7332,4195,-2417,2345,insert_bolts_hand_tighten
2325927,1604,-15516,8192,3981,-1949,2756,insert_bolts_hand_tighten
2325949,1996,-14668,9136,2700,-627,3234,insert_bolts_hand_tighten
2325971,1824,-13728,8772,-1412,278,3098,insert_bolts_hand_tighten
2325993,1356,-13996,8100,-4692,549,3044,insert_bolts_hand_tighten
2326015,772,-14572,6260,-5239,1118,1371,insert_bolts_hand_tighten
2326037,-140,-13740,5620,-3524,1430,-233,insert_bolts_hand_tighten
2326059,-384,-13220,5460,-3481,1770,-1095,insert_bolts_hand_tighten
2326081,-512,-13716,6484,-4245,1906,-1636,insert_bolts_hand_tighten
2326103,-940,-15436,5884,-2542,928,-1767,insert_bolts_hand_tighten
2326125,-604,-14508,7420,-682,489,-1281,insert_bolts_hand_tighten
2326147,340,-17676,6080,-8064,436,-23,insert_bolts_hand_tighten
2326169,-204,-17032,5576,-1359,2573,-635,insert_bolts_hand_tighten
2326191,68,-15784,6036,-879,2956,-437,insert_bolts_hand_tighten
2326213,-208,-15508,6056,-1074,2244,-998,insert_bolts_hand_tighten
2326235,-108,-15764,4724,54,2002,-1276,insert_bolts_hand_tighten
2326257,-328,-16352,4432,1935,2787,-2077,insert_bolts_hand_tighten
2326279,-496,-15492,3632,2459,2694,-2498,insert_bolts_hand_tighten
2326301,-620,-14568,4840,1805,2337,-2264,insert_bolts_hand_tighten
2326323,-840,-14808,5732,-181,1425,-1521,insert_bolts_hand_tighten
2326345,-696,-14536,5636,-2174,1193,-1136,insert_bolts_hand_tighten
2326367,-632,-17104,5092,-489,1960,-1503,insert_bolts_hand_tighten
2326389,-696,-16928,4716,4179,2621,-785,insert_bolts_hand_tighten
2326411,-836,-15868,5644,7100,4271,-865,insert_bolts_hand_tighten
2326433,-1316,-14332,6296,5720,2582,-36,insert_bolts_hand_tighten
2326455,-1296,-14224,6292,3626,1451,-9,insert_bolts_hand_tighten
2326477,-1188,-15140,5892,3418,389,-280,insert_bolts_hand_tighten
2326499,-728,-15664,5308,6931,235,-95,insert_bolts_hand_tighten
2326521,-712,-15888,6448,8207,1624,473,insert_bolts_hand_tighten
2326543,-716,-14932,7280,7219,709,1173,insert_bolts_hand_tighten
2326565,-1140,-14676,7688,6321,1016,1260,insert_bolts_hand_tighten
2326587,-1112,-13872,7908,6648,986,1116,insert_bolts_hand_tighten
2326609,-1000,-13672,8632,6623,383,1091,insert_bolts_hand_tighten
2326631,-1076,-13228,9160,5329,-379,1114,insert_bolts_hand_tighten
2326653,-1016,-12740,9636,1178,396,682,insert_bolts_hand_tighten
2326675,-960,-14172,9512,667,255,-15,insert_bolts_hand_tighten
2326697,-484,-16728,9712,6525,-417,757,insert_bolts_hand_tighten
2326719,-704,-14920,8732,11191,-1315,1880,insert_bolts_hand_tighten
2326741,-1036,-11040,8960,5293,46,3450,insert_bolts_hand_tighten
2326763,-1748,-13052,10364,588,-248,2000,insert_bolts_hand_tighten
2326785,-1356,-13616,10032,248,-195,1152,insert_bolts_hand_tighten
2326807,-1640,-14492,9660,4636,118,249,insert_bolts_hand_tighten
2326829,-1116,-12792,10376,6245,363,1157,insert_bolts_hand_tighten
2326851,-1836,-12404,9820,3546,-512,1343,insert_bolts_hand_tighten
2326873,-1720,-12264,9400,1879,-1024,1185,insert_bolts_hand_tighten
2326895,-972,-10604,10528,-225,-515,642,insert_bolts_hand_tighten
2326917,-1416,-11868,10108,-5507,-1201,-116,insert_bolts_hand_tighten
2326939,-1072,-12224,9996,-6472,-689,-1181,insert_bolts_hand_tighten
2326961,-712,-13924,10004,-4942,-677,-1123,insert_bolts_hand_tighten
2326983,-872,-14816,9752,-1118,-147,-1253,insert_bolts_hand_tighten
2327005,-592,-13860,10176,2504,32,-615,insert_bolts_hand_tighten
2327027,-932,-12872,10172,462,-363,502,insert_bolts_hand_tighten
2327049,-1020,-13788,9576,-1439,-1054,334,insert_bolts_hand_tighten
2327071,-1084,-13204,9064,-2538,-1168,404,insert_bolts_hand_tighten
2327093,-1020,-12820,8884,-4277,-676,148,insert_bolts_hand_tighten
2327115,-508,-13228,10196,-5176,-120,472,insert_bolts_hand_tighten
2327137,-1088,-14452,10364,-3022,495,-39,insert_bolts_hand_tighten
2327159,-688,-13700,10644,803,448,-257,insert_bolts_hand_tighten
2327181,-908,-12436,10592,1289,792,-680,insert_bolts_hand_tighten
2327203,-1116,-12968,9680,-304,104,-673,insert_bolts_hand_tighten
2327225,-1092,-13436,9148,-965,-70,-600,insert_bolts_hand_tighten
2327247,-860,-13936,9008,-1163,-263,-223,insert_bolts_hand_tighten
2327269,-600,-14168,9284,-1047,-631,-131,insert_bolts_hand_tighten
2327291,-588,-14164,9276,-809,51,-499,insert_bolts_hand_tighten
2327313,-824,-13980,9476,284,154,-179,insert_bolts_hand_tighten
2327335,-588,-13064,9068,-165,-969,598,insert_bolts_hand_tighten
2327357,-932,-13792,9188,-1996,-756,732,insert_bolts_hand_tighten
2327379,-692,-13868,8864,-1557,-674,249,insert_bolts_hand_tighten
2327401,-260,-12904,8120,-2716,-228,477,insert_bolts_hand_tighten
2327423,-352,-13360,9048,-1280,1314,213,insert_bolts_hand_tighten
2327445,-1064,-13744,8856,-2118,531,805,insert_bolts_hand_tighten
2327467,-1180,-14008,8340,-966,271,431,insert_bolts_hand_tighten
2327489,-940,-13580,8200,-577,389,123,insert_bolts_hand_tighten
2327511,-1148,-14480,8900,-1454,689,201,insert_bolts_hand_tighten
2327533,-1208,-14548,9372,714,371,14,insert_bolts_hand_tighten
2327555,-1072,-13924,9224,-128,111,708,insert_bolts_hand_tighten
2327577,-1068,-14304,8544,-184,31,930,insert_bolts_hand_tighten
2327599,-964,-14224,7936,-121,-268,934,insert_bolts_hand_tighten
2327621,-1196,-14588,8248,336,-132,1021,insert_bolts_hand_tighten
2327643,-1184,-13928,8948,1011,-718,1019,insert_bolts_hand_tighten
2327665,-1000,-14168,8988,2515,-1087,458,insert_bolts_hand_tighten
2327687,-788,-12820,9168,2333,-658,547,insert_bolts_hand_tighten
2327709,-900,-13248,8984,2247,-833,788,insert_bolts_hand_tighten
2327731,-1084,-13588,9032,2764,-772,513,insert_bolts_hand_tighten
2327753,-756,-12952,10236,3318,-1082,704,insert_bolts_hand_tighten
2327775,184,-12824,10860,1437,-1331,1447,insert_bolts_hand_tighten
2327797,-1028,-12924,9636,-429,-400,1093,insert_bolts_hand_tighten
2327819,-1332,-13448,9300,861,12,264,insert_bolts_hand_tighten
2327841,-1076,-12880,9996,1976,-258,221,insert_bolts_hand_tighten
2327863,-1036,-12400,10044,1347,-65,548,insert_bolts_hand_tighten
2327885,-1244,-12520,9908,79,-160,313,insert_bolts_hand_tighten
2327907,-1056,-12240,10268,-1300,-11,145,insert_bolts_hand_tighten
2327929,-1072,-13096,10328,-576,-82,-519,insert_bolts_hand_tighten
2327951,-312,-12096,10688,-608,594,-481,insert_bolts_hand_tighten
2327973,-592,-13428,10392,-3208,1081,50,insert_bolts_hand_tighten
2327995,-1076,-14476,9488,-1155,894,-46,insert_bolts_hand_tighten
2328017,-824,-14156,9060,1065,320,-168,insert_bolts_hand_tighten
2328039,-824,-12888,9112,666,260,-47,insert_bolts_hand_tighten
2328061,-1112,-13304,9092,-1100,-287,251,insert_bolts_hand_tighten
2328083,-884,-13576,9320,-1511,-338,591,insert_bolts_hand_tighten
2328105,-1044,-13936,9060,-703,-142,436,insert_bolts_hand_tighten
2328127,-1140,-13304,9812,128,-320,369,insert_bolts_hand_tighten
2328149,-1160,-12672,10208,605,-612,289,insert_bolts_hand_tighten
2328171,-1160,-13680,9496,-70,-1122,132,insert_bolts_hand_tighten
2328193,-860,-13320,9472,185,-637,-125,insert_bolts_hand_tighten
2328215,-748,-13508,9616,-257,-179,-28,insert_bolts_hand_tighten
2328237,-820,-13608,10184,-1379,165,487,insert_bolts_hand_tighten
2328259,-880,-13648,10196,-1179,92,780,insert_bolts_hand_tighten
2328281,-764,-13452,10456,-214,-17,767,insert_bolts_hand_tighten
2328303,-240,-12604,10856,-947,720,837,insert_bolts_hand_tighten
2328325,-840,-13372,10216,-581,1074,419,insert_bolts_hand_tighten
2328347,-1164,-13108,9892,435,1044,397,insert_bolts_hand_tighten
2328369,-1444,-13516,9620,-400,931,612,insert_bolts_hand_tighten
2328391,-1372,-13416,9488,62,183,479,insert_bolts_hand_tighten
2328413,-1132,-13568,9052,521,-151,360,insert_bolts_hand_tighten
2328435,-620,-12908,9644,-362,-443,635,insert_bolts_hand_tighten
2328457,-756,-13052,9928,295,163,89,insert_bolts_hand_tighten
2328479,-812,-13344,10068,839,222,-324,insert_bolts_hand_tighten
2328501,-840,-13056,9780,28,-113,-116,insert_bolts_hand_tighten
2328523,-892,-13476,9516,-443,29,-13,insert_bolts_hand_tighten
2328545,-944,-13864,9500,-41,297,-125,insert_bolts_hand_tighten
2328567,-884,-13244,9248,326,441,-76,insert_bolts_hand_tighten
2328589,-1128,-13248,9160,218,634,-108,insert_bolts_hand_tighten
2328611,-1316,-12688,9192,-558,788,-68,insert_bolts_hand_tighten
2328633,-1448,-12716,9764,-1225,711,126,insert_bolts_hand_tighten
2328655,-1392,-12652,9756,-1718,1423,-217,insert_bolts_hand_tighten
2328677,-1360,-13336,10220,-274,1060,-521,insert_bolts_hand_tighten
2328699,-1148,-12280,10952,-412,1456,-341,insert_bolts_hand_tighten
2328721,-896,-12044,11552,-2101,1797,-618,insert_bolts_hand_tighten
2328743,-240,-12608,11376,-4463,2187,-544,insert_bolts_hand_tighten
2328765,-316,-13328,11136,-3756,3382,-1130,insert_bolts_hand_tighten
2328787,-236,-12552,11096,-2905,4237,-1844,insert_bolts_hand_tighten
2328809,-480,-12460,11092,-2148,5259,-3262,insert_bolts_hand_tighten
2328831,-508,-11380,10896,-831,6088,-5185,insert_bolts_hand_tighten
2328853,-384,-9904,10352,443,7150,-7561,insert_bolts_hand_tighten
2328875,-360,-9220,9528,562,8341,-10054,insert_bolts_hand_tighten
2328897,292,-10240,8412,-418,8289,-12655,insert_bolts_hand_tighten
2328919,964,-9540,7828,-128,9290,-15138,insert_bolts_hand_tighten
2328941,1160,-8116,7124,347,10829,-17468,insert_bolts_hand_tighten
2328963,1588,-6372,6032,561,12187,-19669,insert_bolts_hand_tighten
2328985,1900,-7284,5860,-1492,12037,-21801,insert_bolts_hand_tighten
2329007,3308,-8472,6284,-7177,9171,-22820,insert_bolts_hand_tighten
2329029,5168,-12888,5844,-6687,7773,-23966,insert_bolts_hand_tighten
2329051,5404,-14896,6652,4537,9989,-25945,insert_bolts_hand_tighten
2329073,4480,-11924,5820,13910,7485,-25606,insert_bolts_hand_tighten
2329095,6064,-13712,6780,12172,274,-22261,insert_bolts_hand_tighten
2329117,7948,-10820,7000,2549,-3687,-18982,insert_bolts_hand_tighten
2329139,8124,-13648,9116,401,-2904,-19092,insert_bolts_hand_tighten
2329161,8456,-14292,8784,6249,-2798,-19289,insert_bolts_hand_tighten
2329183,8828,-14724,8856,11858,-2610,-17330,insert_bolts_hand_tighten
2329205,8744,-11612,9636,10092,-3494,-15194,insert_bolts_hand_tighten
2329227,9288,-12496,10224,10576,-5188,-13422,insert_bolts_hand_tighten
2329249,10144,-11032,10412,13849,-5624,-12663,insert_bolts_hand_tighten
2329271,10684,-10704,11788,15080,-4370,-11342,insert_bolts_hand_tighten
2329293,11184,-8956,12444,12604,-5891,-9322,insert_bolts_hand_tighten
2329315,11936,-8968,12856,11379,-5901,-8340,insert_bolts_hand_tighten
2329337,12576,-8512,12508,12044,-4730,-7441,insert_bolts_hand_tighten
2329359,12536,-7112,12720,13374,-3589,-6397,insert_bolts_hand_tighten
2329381,12248,-5368,13680,12146,-3420,-5063,insert_bolts_hand_tighten
2329403,12596,-5020,14076,9115,-3643,-4789,insert_bolts_hand_tighten
2329425,13084,-4068,13680,5636,-4111,-4455,insert_bolts_hand_tighten
2329447,13516,-4200,13252,3303,-3866,-4149,insert_bolts_hand_tighten
2329469,13608,-4316,12752,3786,-2300,-3480,insert_bolts_hand_tighten
2329491,13824,-4380,12960,5277,-2103,-2021,insert_bolts_hand_tighten
2329513,14048,-3652,13040,4658,-998,-557,insert_bolts_hand_tighten
2329535,14032,-3104,13172,2690,-508,-466,insert_bolts_hand_tighten
2329557,13764,-3456,13180,2745,1444,61,insert_bolts_hand_tighten
2329579,13416,-2976,12496,4517,2928,374,insert_bolts_hand_tighten
2329601,13020,-2088,11904,5107,1273,1263,insert_bolts_hand_tighten
2329623,13236,-1372,11976,4490,594,1313,insert_bolts_hand_tighten
2329645,13500,-484,11804,3071,198,1546,insert_bolts_hand_tighten
2329667,13832,-1668,12528,2945,-616,1986,insert_bolts_hand_tighten
2329689,13952,-1088,12556,3238,120,1821,insert_bolts_hand_tighten
2329711,14752,-432,13140,2099,591,1999,insert_bolts_hand_tighten
2329733,12840,-1336,12800,-515,252,1454,insert_bolts_hand_tighten
2329755,14208,-1400,12780,-2313,334,2189,insert_bolts_hand_tighten
2329777,15280,-1464,11368,-2707,1419,3830,insert_bolts_hand_tighten
2329799,14384,-3596,11624,-16,1988,5123,insert_bolts_hand_tighten
2329821,13184,-1376,11004,2627,4120,5897,insert_bolts_hand_tighten
2329843,12040,-156,11160,2154,4857,5709,insert_bolts_hand_tighten
2329865,11240,-1284,13124,-4240,1889,4402,insert_bolts_hand_tighten
2329887,12512,-1996,14916,-9578,371,3217,insert_bolts_hand_tighten
2329909,12888,-4240,11840,-18429,-1141,2188,insert_bolts_hand_tighten
2329931,14720,-6216,10888,-19067,-424,3374,insert_bolts_hand_tighten
2329953,13336,-10652,12396,-12956,2611,5946,insert_bolts_hand_tighten
2329975,11720,-8320,12284,-5650,3182,8785,insert_bolts_hand_tighten
2329997,10004,-8576,8216,-3832,-1491,9083,insert_bolts_hand_tighten
2330019,9692,-8616,8916,5169,560,8601,insert_bolts_hand_tighten
2330041,7056,-4372,9192,9025,2841,8133,insert_bolts_hand_tighten
2330063,7156,-2248,10936,-144,-224,6597,insert_bolts_hand_tighten
2330085,7624,-4456,11092,-6299,-1999,4700,insert_bolts_hand_tighten
2330107,8592,-6040,10420,-7841,-2017,3100,insert_bolts_hand_tighten
2330129,9632,-6764,11056,-10186,-2250,2888,insert_bolts_hand_tighten
2330151,11120,-6652,12024,-17976,-2868,3674,insert_bolts_hand_tighten
2330173,12976,-8924,11848,-28122,-3609,4879,insert_bolts_hand_tighten
2330195,13936,-13048,10544,-31937,-3037,6885,insert_bolts_hand_tighten
2330217,14544,-19612,7596,-24971,-3275,10413,insert_bolts_hand_tighten
2330239,16212,-23824,6192,-9912,-2285,13640,insert_bolts_hand_tighten
2330261,15152,-20556,7144,-88,1479,15772,insert_bolts_hand_tighten
2330283,13456,-16108,6924,-3991,-792,19539,insert_bolts_hand_tighten
2330305,12388,-16664,6972,-9384,-3216,22844,insert_bolts_hand_tighten
2330327,11112,-18128,5948,-9007,-3522,24494,insert_bolts_hand_tighten
2330349,9056,-18020,5672,-4695,-2491,24896,insert_bolts_hand_tighten
2330371,8428,-15476,5036,-1908,-2513,25071,insert_bolts_hand_tighten
2330393,6076,-11832,4776,-3968,-544,25532,insert_bolts_hand_tighten
2330415,3660,-12132,5060,-6026,-2237,24836,insert_bolts_hand_tighten
2330437,3452,-11956,4584,-3234,-3756,23352,insert_bolts_hand_tighten
2330459,1804,-10972,4684,479,-4758,22340,insert_bolts_hand_tighten
2330481,1444,-8360,4740,5842,-5535,20943,insert_bolts_hand_tighten
2330503,432,-7152,4188,5518,-6031,17248,insert_bolts_hand_tighten
2330525,532,-6180,5220,4540,-4362,14921,insert_bolts_hand_tighten
2330547,-624,-8628,7156,3864,-4525,12190,insert_bolts_hand_tighten
2330569,-612,-9172,6788,5681,-4732,7468,insert_bolts_hand_tighten
2330591,-404,-9288,6508,9058,-3727,4053,insert_bolts_hand_tighten
2330613,-28,-8188,9132,12409,-498,1291,insert_bolts_hand_tighten
2330635,-40,-7704,11428,4852,1068,307,insert_bolts_hand_tighten
2330657,-736,-11756,10572,-3428,-522,49,insert_bolts_hand_tighten
2330679,-944,-16088,9520,1344,-105,-892,insert_bolts_hand_tighten
2330701,-1436,-16464,6948,9028,988,-2238,insert_bolts_hand_tighten
2330723,-1156,-13184,5208,8819,603,-2200,insert_bolts_hand_tighten
2330745,-272,-12496,8124,1068,534,-797,insert_bolts_hand_tighten
2330767,-1796,-14368,9892,-5859,993,-962,insert_bolts_hand_tighten
2330789,-1096,-15776,9264,-3372,872,-784,insert_bolts_hand_tighten
2330811,-1060,-15868,8708,3419,414,-850,insert_bolts_hand_tighten
2330833,-1904,-14524,9084,5707,-250,-841,insert_bolts_hand_tighten
2330855,-1148,-11496,10000,2310,521,-697,insert_bolts_hand_tighten
2330877,-1448,-12744,8536,422,-76,-1066,insert_bolts_hand_tighten
2330899,-1456,-14068,8412,1583,937,-2263,insert_bolts_hand_tighten
2330921,-1204,-13008,9796,2392,942,-2514,insert_bolts_hand_tighten
2330943,-1132,-14360,8660,-2993,418,-1281,insert_bolts_hand_tighten
2330965,-588,-14832,8080,-1234,2041,-860,insert_bolts_hand_tighten
2330987,-1244,-15376,10332,-1329,2615,446,insert_bolts_hand_tighten
2331009,-1812,-13432,9900,-2619,563,1806,insert_bolts_hand_tighten
2331031,-2424,-15208,9520,-1506,837,1766,insert_bolts_hand_tighten
2331053,-1516,-13628,9292,4356,1454,1284,insert_bolts_hand_tighten
2331075,-1788,-13084,9392,7552,466,1338,insert_bolts_hand_tighten
2331097,-1776,-11988,10340,4813,-12,1241,insert_bolts_hand_tighten
2331119,-1764,-12316,9284,1790,433,539,insert_bolts_hand_tighten
2331141,-1508,-12660,8168,1272,976,35,insert_bolts_hand_tighten
2331163,-1536,-13596,8096,1772,436,-657,insert_bolts_hand_tighten
2331185,-1636,-13452,9576,3951,-92,-65,insert_bolts_hand_tighten
2331207,-1644,-13120,10052,2070,-4,-516,insert_bolts_hand_tighten
2331229,-2200,-12036,10460,-108,-166,-441,insert_bolts_hand_tighten
2331251,-1812,-11520,10500,-2149,284,-518,insert_bolts_hand_tighten
2331273,-1412,-10960,9548,-4527,255,-723,insert_bolts_hand_tighten
2331295,-1488,-13168,8688,-2989,157,-1366,insert_bolts_hand_tighten
2331317,-1616,-14328,9304,-1861,-85,-1610,insert_bolts_hand_tighten
2331339,-1564,-13816,9804,275,414,-1244,insert_bolts_hand_tighten
2331361,-1768,-14468,9648,-1647,204,-1166,insert_bolts_hand_tighten
2331383,-1720,-14212,9316,-2442,63,-880,insert_bolts_hand_tighten
2331405,-1680,-14112,8800,-1943,25,-637,insert_bolts_hand_tighten
2331427,-1452,-13964,9140,-497,581,-503,insert_bolts_hand_tighten
2331449,-904,-13272,8700,1466,1673,-391,insert_bolts_hand_tighten
2331471,-976,-13508,10908,1753,1872,-46,insert_bolts_hand_tighten
2331493,-1576,-13856,9448,1781,1524,-10,insert_bolts_hand_tighten
2331515,-1048,-13552,8968,3744,1968,-58,insert_bolts_hand_tighten
2331537,-1332,-13728,9468,4218,471,367,insert_bolts_hand_tighten
2331559,-1748,-12680,10156,1538,-88,617,insert_bolts_hand_tighten
2331581,-1780,-12540,11112,509,-640,581,insert_bolts_hand_tighten
2331603,-1676,-12104,9876,30,-816,326,insert_bolts_hand_tighten
2331625,-1748,-12652,10980,1245,77,187,insert_bolts_hand_tighten
2331647,-1116,-13376,9476,3291,-411,109,insert_bolts_hand_tighten
2331669,-1192,-13836,8616,2699,-208,-62,insert_bolts_hand_tighten
2331691,-1516,-12852,8076,2254,-502,-163,insert_bolts_hand_tighten
2331713,-1272,-12752,9380,3286,-166,-69,insert_bolts_hand_tighten
2331735,-1476,-11488,10524,1575,-204,42,insert_bolts_hand_tighten
2331757,-1604,-11976,11364,-1442,-158,-1115,insert_bolts_hand_tighten
2331779,-1416,-12556,11336,-2472,-68,-1420,insert_bolts_hand_tighten
2331801,-964,-13948,10400,-1544,-284,-1366,insert_bolts_hand_tighten
2331823,-808,-12580,9244,-2082,251,-1078,insert_bolts_hand_tighten
2331845,-952,-14264,9736,-1858,339,-843,insert_bolts_hand_tighten
2331867,-1068,-13404,9324,-937,298,-1017,insert_bolts_hand_tighten
2331889,-1296,-11948,10116,-536,4,-1167,insert_bolts_hand_tighten
2331911,-1412,-12456,10904,-1719,-529,-1400,insert_bolts_hand_tighten
2331933,-948,-12928,10424,-637,-798,-1405,insert_bolts_hand_tighten
2331955,-524,-13392,9660,701,-320,-1371,insert_bolts_hand_tighten
2331977,-1072,-13408,10368,2419,-170,-1287,insert_bolts_hand_tighten
2331999,-128,-11552,11896,2775,-237,-354,insert_bolts_hand_tighten
2332021,-300,-11752,12684,1279,24,386,insert_bolts_hand_tighten
2332043,-20,-11904,12404,151,-719,2483,insert_bolts_hand_tighten
2332065,-344,-13456,11056,1277,-1472,2984,insert_bolts_hand_tighten
2332087,-448,-13744,10764,3880,-795,3137,insert_bolts_hand_tighten
2332109,-1100,-12572,10628,4822,-1121,4045,insert_bolts_hand_tighten
2332131,-1660,-12252,10536,2356,-1850,3847,insert_bolts_hand_tighten
2332153,-1440,-13292,11340,1807,-3385,2833,insert_bolts_hand_tighten
2332175,-1884,-11524,10800,2458,-2003,966,insert_bolts_hand_tighten
2332197,-2076,-12260,10036,2004,-1293,-70,insert_bolts_hand_tighten
2332219,-1960,-12684,10672,2970,-120,-338,insert_bolts_hand_tighten
2332241,-1604,-12648,10832,2289,-619,241,insert_bolts_hand_tighten
2332263,-940,-12640,10916,4430,-1023,185,insert_bolts_hand_tighten
2332285,-420,-11588,11108,6036,-531,854,insert_bolts_hand_tighten
2332307,-16,-12784,12296,8450,-172,2941,insert_bolts_hand_tighten
2332329,-1348,-11880,12388,9020,314,2750,insert_bolts_hand_tighten
2332351,-1820,-10128,12060,8644,-625,1000,insert_bolts_hand_tighten
2332373,-776,-10076,14116,5882,-1351,2047,insert_bolts_hand_tighten
2332395,-1008,-12300,12564,9346,-535,1511,insert_bolts_hand_tighten
2332417,-884,-10512,12800,12659,-994,1272,insert_bolts_hand_tighten
2332439,-752,-8572,13368,14535,-228,1166,insert_bolts_hand_tighten
2332461,-1372,-8000,13896,13438,-795,1582,insert_bolts_hand_tighten
2332483,-920,-7096,15004,9612,-1222,1260,insert_bolts_hand_tighten
2332505,-1392,-7704,15044,6984,-1742,521,insert_bolts_hand_tighten
2332527,-84,-7376,13276,7620,-1974,-170,insert_bolts_hand_tighten
2332549,-868,-8140,14540,7943,-460,-565,insert_bolts_hand_tighten
2332571,-1372,-4224,15460,4578,-615,-1888,insert_bolts_hand_tighten
2332593,-604,-6356,16936,-1559,-3072,-564,insert_bolts_hand_tighten
2332615,-628,-6292,16380,-2750,-1063,-87,insert_bolts_hand_tighten
2332637,-816,-7180,14836,-1211,-943,-524,insert_bolts_hand_tighten
2332659,-656,-8360,11332,708,60,-2786,insert_bolts_hand_tighten
2332681,600,-6672,14620,1060,-109,-2843,insert_bolts_hand_tighten
2332703,152,-6776,17324,-2950,-2252,-1594,insert_bolts_hand_tighten
2332725,-52,-6888,16216,-5715,-1280,-16,insert_bolts_hand_tighten
2332747,-888,-7140,15884,-7502,-1616,1370,insert_bolts_hand_tighten
2332769,-492,-6848,15608,-6116,-2148,1256,insert_bolts_hand_tighten
2332791,-64,-7124,15536,-4920,-1272,970,insert_bolts_hand_tighten
2332813,-112,-6908,15244,-7607,-458,918,insert_bolts_hand_tighten
2332835,-1052,-6432,13968,-14613,-1496,-471,insert_bolts_hand_tighten
2332857,324,-7932,12832,-15691,-2554,-1549,insert_bolts_hand_tighten
2332879,1000,-9920,13108,-11089,-1030,-1516,insert_bolts_hand_tighten
2332901,1604,-10596,13880,-8234,-933,-1542,insert_bolts_hand_tighten
2332923,1512,-10848,12992,-5600,-2018,-2291,insert_bolts_hand_tighten
2332945,2528,-8744,17436,-5727,2242,-1717,insert_bolts_hand_tighten
2332967,1268,-10384,15880,-7376,-204,-428,insert_bolts_hand_tighten
2332989,1088,-12612,13272,-3141,-357,-1406,insert_bolts_hand_tighten
2333011,1452,-11868,13768,-214,1171,-2021,insert_bolts_hand_tighten
2333033,1092,-10336,13380,1403,1340,-1069,insert_bolts_hand_tighten
2333055,428,-8980,12128,23,16,735,insert_bolts_hand_tighten
2333077,-712,-10728,10512,-4312,384,2862,insert_bolts_hand_tighten
2333099,-1156,-11536,8988,-6517,-1885,5065,insert_bolts_hand_tighten
2333121,-1056,-14812,9156,-7953,-1797,6499,insert_bolts_hand_tighten
2333143,-1152,-16668,9312,-2595,-2792,6190,insert_bolts_hand_tighten
2333165,-1168,-14272,10304,6033,-4084,3472,insert_bolts_hand_tighten
2333187,-488,-12044,11236,10039,-4767,849,insert_bolts_hand_tighten
2333209,3120,-7068,14040,5761,-4287,891,insert_bolts_hand_tighten
2333231,-1120,-11392,13212,-2823,2626,-1122,insert_bolts_hand_tighten
2333253,128,-8860,11952,-1247,-417,-3811,insert_bolts_hand_tighten
2333275,400,-13080,11440,-1682,-510,-3413,insert_bolts_hand_tighten
2333297,2296,-10008,12740,2306,-2212,-2391,insert_bolts_hand_tighten
2333319,2288,-10476,15132,927,1007,-981,insert_bolts_hand_tighten
2333341,1108,-9072,15928,942,991,-2461,insert_bolts_hand_tighten
2333363,1640,-10744,15304,1115,443,-3415,insert_bolts_hand_tighten
2333385,1728,-4872,14072,-2134,179,-3231,insert_bolts_hand_tighten
2333407,2476,-9352,11964,-9208,-532,-1446,insert_bolts_hand_tighten
2333429,2692,-11968,11856,-9421,1667,-716,insert_bolts_hand_tighten
2333451,2276,-14004,13664,-4991,3318,440,insert_bolts_hand_tighten
2333473,1796,-12132,14800,1306,2662,1291,insert_bolts_hand_tighten
2333495,752,-12556,12404,626,1662,2600,insert_bolts_hand_tighten
2333517,-720,-11812,9880,-952,383,3615,insert_bolts_hand_tighten
2333539,-836,-12884,8948,-4971,-727,5238,insert_bolts_hand_tighten
2333561,-1280,-14056,8288,-5148,-372,4874,insert_bolts_hand_tighten
2333583,-1660,-15616,9436,-920,-334,4215,insert_bolts_hand_tighten
2333605,-1704,-14204,10524,4215,-2194,2568,insert_bolts_hand_tighten
2333627,172,-11044,11312,6816,-4115,1706,insert_bolts_hand_tighten
2333649,1456,-7080,13600,-809,-880,1734,insert_bolts_hand_tighten
2333671,1084,-8928,14632,-4183,964,3017,insert_bolts_hand_tighten
2333693,592,-12992,12680,-191,1496,1517,insert_bolts_hand_tighten
2333715,224,-13120,12804,6388,1001,12,insert_bolts_hand_tighten
2333737,428,-11304,12264,6214,830,128,insert_bolts_hand_tighten
2333759,-104,-10760,12360,4144,200,-100,insert_bolts_hand_tighten
2333781,204,-8600,12456,3616,-1478,249,insert_bolts_hand_tighten
2333803,280,-8200,12164,-100,-1651,4,insert_bolts_hand_tighten
2333825,816,-9220,11892,-3690,-2391,490,insert_bolts_hand_tighten
2333847,836,-9832,12208,-7844,-555,376,insert_bolts_hand_tighten
2333869,848,-12944,12780,-8302,933,-534,insert_bolts_hand_tighten
2333891,1020,-14360,12796,-3451,726,-1057,insert_bolts_hand_tighten
2333913,1124,-14052,12860,1891,720,-1875,insert_bolts_hand_tighten
2333935,1376,-9192,12752,3566,905,-2126,insert_bolts_hand_tighten
2333957,1492,-10188,12588,-1345,3258,-1577,insert_bolts_hand_tighten
2333979,916,-11208,11996,-1138,3579,-1867,insert_bolts_hand_tighten
2334001,680,-11220,12068,-1753,3985,-669,insert_bolts_hand_tighten
2334023,-124,-13456,12400,-329,3400,863,insert_bolts_hand_tighten
2334045,-1364,-12592,10924,2473,63,1742,insert_bolts_hand_tighten
2334067,-1088,-12472,10156,1536,-772,3046,insert_bolts_hand_tighten
2334089,-1780,-12660,9972,274,-8,3452,insert_bolts_hand_tighten
2334111,-2112,-12820,10060,-724,-383,3498,insert_bolts_hand_tighten
2334133,-1844,-13724,10668,547,-674,2505,insert_bolts_hand_tighten
2334155,1308,-8852,13852,97,-1908,1834,insert_bolts_hand_tighten
2334177,44,-11340,13876,-3131,1999,-1258,insert_bolts_hand_tighten
2334199,-1072,-10792,12164,2369,187,-2669,insert_bolts_hand_tighten
2334221,1560,-8568,12460,179,-1727,-2224,insert_bolts_hand_tighten
2334243,196,-9052,11540,-1047,448,-2613,insert_bolts_hand_tighten
2334265,2152,-10044,13212,-6536,1044,-902,insert_bolts_hand_tighten
2334287,592,-11772,13472,-4364,1320,-1933,insert_bolts_hand_tighten
2334309,872,-12392,13260,-1813,386,-3590,insert_bolts_hand_tighten
2334331,1168,-9580,12664,-2175,634,-4646,insert_bolts_hand_tighten
2334353,1724,-11028,11852,-2830,1895,-2523,insert_bolts_hand_tighten
2334375,1500,-11308,12556,-2348,2179,459,insert_bolts_hand_tighten
2334397,192,-13428,11924,-3799,2526,2833,insert_bolts_hand_tighten
2334419,-1224,-14468,10628,-3714,2609,3243,insert_bolts_hand_tighten
2334441,-1696,-13752,10808,-3634,1228,4438,insert_bolts_hand_tighten
2334463,-2584,-15248,10168,-1634,464,4229,insert_bolts_hand_tighten
2334485,-2744,-14668,9616,1684,-801,3427,insert_bolts_hand_tighten
2334507,-1836,-13448,9196,5169,-1865,3707,insert_bolts_hand_tighten
2334529,-916,-11008,10672,2967,-1937,3315,insert_bolts_hand_tighten
2334551,-912,-10828,11608,660,-1344,401,insert_bolts_hand_tighten
2334573,-164,-10112,12352,1481,-2227,-1627,insert_bolts_hand_tighten
2334595,-256,-11388,10884,1507,-2376,-3099,insert_bolts_hand_tighten
2334617,968,-8040,10684,2636,-2083,-4071,insert_bolts_hand_tighten
2334639,2844,-10224,13260,-2138,1314,-928,insert_bolts_hand_tighten
2334661,508,-11840,13292,-2441,1733,-1927,insert_bolts_hand_tighten
2334683,1520,-12548,13160,-664,1002,-2821,insert_bolts_hand_tighten
2334705,1400,-11128,13336,-2532,1462,-3700,insert_bolts_hand_tighten
2334727,1156,-11068,13232,-4196,2537,-3297,insert_bolts_hand_tighten
2334749,1228,-12124,12436,-3339,3027,-1807,insert_bolts_hand_tighten
2334771,192,-12684,11044,-2113,2217,204,insert_bolts_hand_tighten
2334793,-588,-13856,10072,-1087,873,1693,insert_bolts_hand_tighten
2334815,-1708,-13476,8228,-612,-587,1895,insert_bolts_hand_tighten
2334837,-1632,-13436,8756,-371,-1279,3290,insert_bolts_hand_tighten
2334859,-1916,-13248,9200,-532,-2221,4288,insert_bolts_hand_tighten
2334881,-1692,-13408,9072,-1290,-3098,4572,insert_bolts_hand_tighten
2334903,-1120,-14580,9660,101,-2659,3854,insert_bolts_hand_tighten
2334925,-92,-11616,11328,1637,-3101,1986,insert_bolts_hand_tighten
2334947,392,-11956,12148,-1023,-1182,-463,insert_bolts_hand_tighten
2334969,28,-12368,11488,2354,-124,-2723,insert_bolts_hand_tighten
2334991,-104,-11204,9932,4385,-786,-3113,insert_bolts_hand_tighten
2335013,1376,-9184,11464,645,-580,-2646,insert_bolts_hand_tighten
2335035,1988,-9948,14180,-1727,1315,-1420,insert_bolts_hand_tighten
2335057,1288,-10352,13828,-3578,932,-954,insert_bolts_hand_tighten
2335079,1088,-11940,13424,-2731,1509,-2044,insert_bolts_hand_tighten
2335101,1460,-12528,12176,-1414,1170,-2810,insert_bolts_hand_tighten
2335123,1168,-10752,11440,-1547,2741,-3565,insert_bolts_hand_tighten
2335145,1920,-11316,11400,-2128,3713,-1362,insert_bolts_hand_tighten
2335167,584,-12464,11468,-1941,3567,845,insert_bolts_hand_tighten
2335189,104,-13976,10972,-3136,2053,2812,insert_bolts_hand_tighten
2335211,-968,-14324,9228,-2549,605,3484,insert_bolts_hand_tighten
2335233,-1496,-15280,8460,-915,-1048,3509,insert_bolts_hand_tighten
2335255,-2136,-14332,8304,1360,-1458,2888,insert_bolts_hand_tighten
2335277,-1980,-13608,8988,2994,-2163,2433,insert_bolts_hand_tighten
2335299,-1648,-12668,9208,5086,-3164,2247,insert_bolts_hand_tighten
2335321,496,-10076,11408,2006,-2628,2318,insert_bolts_hand_tighten
2335343,-316,-10516,12588,-1676,-846,371,insert_bolts_hand_tighten
2335365,976,-10500,12536,-2138,-1232,243,insert_bolts_hand_tighten
2335387,424,-12504,12624,-2543,471,-825,insert_bolts_hand_tighten
2335409,-180,-12408,10512,-1524,-411,-1620,insert_bolts_hand_tighten
2335431,836,-12852,10948,-768,547,-1531,insert_bolts_hand_tighten
2335453,92,-12784,10488,249,1306,-1473,insert_bolts_hand_tighten
2335475,228,-10728,10988,618,1481,-1938,insert_bolts_hand_tighten
2335497,1024,-10868,12648,-1485,1158,-1941,insert_bolts_hand_tighten
2335519,940,-11676,12640,-1151,1449,-2050,insert_bolts_hand_tighten
2335541,756,-12840,11084,-441,2078,-2294,insert_bolts_hand_tighten
2335563,1252,-11884,10908,1129,3586,-1892,insert_bolts_hand_tighten
2335585,644,-11984,12396,-557,3522,1085,insert_bolts_hand_tighten
2335607,-684,-13848,11696,-2493,1542,3792,insert_bolts_hand_tighten
2335629,-1708,-14936,9616,-2052,-296,3544,insert_bolts_hand_tighten
2335651,-1604,-15896,8084,-478,-1752,3491,insert_bolts_hand_tighten
2335673,-2040,-15016,8284,3015,-2101,2842,insert_bolts_hand_tighten
2335695,-1456,-11528,8720,4960,-3402,1657,insert_bolts_hand_tighten
2335717,-284,-8568,11432,-2422,-1596,2070,insert_bolts_hand_tighten
2335739,-68,-11500,11548,-2485,-1367,610,insert_bolts_hand_tighten
2335761,-188,-12256,11256,-2,-9,44,insert_bolts_hand_tighten
2335783,-356,-12860,10956,-316,206,-648,insert_bolts_hand_tighten
2335805,-272,-11016,10964,-1998,-767,-549,insert_bolts_hand_tighten
2335827,480,-12452,12204,-6481,706,549,insert_bolts_hand_tighten
2335849,-140,-12612,12336,-8531,-575,468,insert_bolts_hand_tighten
2335871,132,-12096,10352,-11977,-153,-743,insert_bolts_hand_tighten
2335893,-28,-16828,8164,-7238,-476,-1205,insert_bolts_hand_tighten
2335915,296,-15180,8788,-482,-826,-949,insert_bolts_hand_tighten
2335937,760,-11296,10568,-820,60,-24,insert_bolts_hand_tighten
2335959,612,-10360,10592,-3633,-401,-12,insert_bolts_hand_tighten
2335981,548,-11904,9604,-4498,-501,-393,insert_bolts_hand_tighten
2336003,376,-14216,8468,1637,567,-1443,insert_bolts_hand_tighten
2336025,1000,-15292,9272,10067,811,-1256,insert_bolts_hand_tighten
2336047,1036,-14364,10468,13690,921,174,insert_bolts_hand_tighten
2336069,-136,-12724,10384,14329,1362,596,insert_bolts_hand_tighten
2336091,252,-13356,11172,9560,625,1770,insert_bolts_hand_tighten
2336113,-1256,-12896,9464,7051,-364,1734,insert_bolts_hand_tighten
2336135,-1360,-12048,8600,6158,-766,460,insert_bolts_hand_tighten
2336157,-1004,-12148,10008,2646,281,938,insert_bolts_hand_tighten
2336179,-400,-11012,11632,-137,305,1318,insert_bolts_hand_tighten
2336201,-496,-10312,12408,-3156,-244,1754,insert_bolts_hand_tighten
2336223,-816,-8872,10880,-10012,372,1746,insert_bolts_hand_tighten
2336245,-428,-11816,9520,-18238,-887,1793,insert_bolts_hand_tighten
2336267,468,-14068,10548,-17818,-2015,797,insert_bolts_hand_tighten
2336289,2140,-11216,13012,-16271,-1774,54,insert_bolts_hand_tighten
2336311,1372,-12312,12248,-15765,-431,-47,insert_bolts_hand_tighten
2336333,524,-13620,8812,-14197,-724,-825,insert_bolts_hand_tighten
2336355,320,-14848,7444,-10878,-276,-1850,insert_bolts_hand_tighten
2336377,520,-14952,8156,-8024,-98,-2250,insert_bolts_hand_tighten
2336399,-276,-15588,8032,-1734,855,-3146,insert_bolts_hand_tighten
2336421,-268,-14848,7912,4936,1842,-5196,insert_bolts_hand_tighten
2336443,-212,-13532,7796,7416,2265,-5992,insert_bolts_hand_tighten
2336465,-588,-13956,7516,6448,2273,-6785,insert_bolts_hand_tighten
2336487,1928,-14724,8584,2951,2124,-5702,insert_bolts_hand_tighten
2336509,1800,-15084,8368,-2645,3733,-4524,insert_bolts_hand_tighten
2336531,1616,-16720,6480,-2520,4141,-4593,insert_bolts_hand_tighten
2336553,1244,-17860,6692,4426,5400,-5349,insert_bolts_hand_tighten
2336575,1500,-13228,9640,11512,4901,-4290,insert_bolts_hand_tighten
2336597,1080,-15080,8764,8981,835,-1931,insert_bolts_hand_tighten
2336619,396,-12356,8200,5158,-496,-741,insert_bolts_hand_tighten
2336641,176,-12492,7600,357,-3194,-317,insert_bolts_hand_tighten
2336663,516,-13320,7212,138,-2806,-1106,insert_bolts_hand_tighten
2336685,1276,-13424,8368,2202,-1837,-1495,insert_bolts_hand_tighten
2336707,1488,-11940,9444,2871,-1777,-2284,insert_bolts_hand_tighten
2336729,5236,-13008,13368,853,-251,-783,insert_bolts_hand_tighten
2336751,3628,-13124,13188,1507,2429,-2190,insert_bolts_hand_tighten
2336773,3272,-10392,12572,882,3718,-2107,insert_bolts_hand_tighten
2336795,3540,-10064,11604,-4723,3503,-2138,insert_bolts_hand_tighten
2336817,2108,-10884,10212,-10871,4783,-3149,insert_bolts_hand_tighten
2336839,2320,-11712,9572,-12582,3286,-3904,insert_bolts_hand_tighten
2336861,2440,-13136,8428,-12425,1910,-3602,insert_bolts_hand_tighten
2336883,2944,-14268,6796,-11348,1555,-3320,insert_bolts_hand_tighten
2336905,2596,-15712,4588,-9791,1626,-2776,insert_bolts_hand_tighten
2336927,2128,-14900,3584,-10864,2057,-2167,insert_bolts_hand_tighten
2336949,1932,-17088,3728,-11757,735,-1629,insert_bolts_hand_tighten
2336971,1832,-17892,4792,-7874,1089,-2802,insert_bolts_hand_tighten
2336993,2404,-18052,4408,-3713,206,-3243,insert_bolts_hand_tighten
2337015,2772,-18196,4592,2390,500,-3317,insert_bolts_hand_tighten
2337037,3280,-16144,5844,7654,-53,-1822,insert_bolts_hand_tighten
2337059,3464,-14292,6580,5256,-846,293,insert_bolts_hand_tighten
2337081,3044,-14852,7092,452,-1429,535,insert_bolts_hand_tighten
2337103,2916,-14956,8004,56,-1283,-539,insert_bolts_hand_tighten
2337125,3420,-15968,6904,2575,-2674,-140,insert_bolts_hand_tighten
2337147,3376,-14548,6156,3224,-1213,111,insert_bolts_hand_tighten
2337169,3580,-14700,6784,3371,194,-176,insert_bolts_hand_tighten
2337191,4340,-14976,10228,6215,385,179,insert_bolts_hand_tighten
2337213,2492,-13272,8960,6747,-1841,815,insert_bolts_hand_tighten
2337235,3032,-11508,6800,749,-2929,1551,insert_bolts_hand_tighten
2337257,3816,-14684,6816,-3277,-2187,749,insert_bolts_hand_tighten
2337279,4216,-16288,8024,3693,199,-576,insert_bolts_hand_tighten
2337301,4524,-13584,9832,4530,1179,-144,insert_bolts_hand_tighten
2337323,3628,-13940,8200,2065,1366,289,insert_bolts_hand_tighten
2337345,3640,-14012,7024,770,1025,567,insert_bolts_hand_tighten
2337367,4196,-15892,6216,3433,120,1041,insert_bolts_hand_tighten
2337389,3788,-14220,7172,4536,253,1203,insert_bolts_hand_tighten
2337411,3636,-14240,7392,2483,6,1057,insert_bolts_hand_tighten
2337433,3712,-13552,8084,2807,480,623,insert_bolts_hand_tighten
2337455,3000,-12756,8780,1100,1320,1275,insert_bolts_hand_tighten
2337477,2932,-12388,8752,-1560,1350,1585,insert_bolts_hand_tighten
2337499,3020,-12400,9064,-2159,1719,1357,insert_bolts_hand_tighten
2337521,3252,-13244,9496,-5046,1045,1435,insert_bolts_hand_tighten
2337543,3360,-12856,9192,-6232,1012,1772,insert_bolts_hand_tighten
2337565,2996,-14032,7848,-8517,603,1440,insert_bolts_hand_tighten
2337587,2464,-16260,5664,-6272,-225,936,insert_bolts_hand_tighten
2337609,2780,-16284,5584,-2045,-649,861,insert_bolts_hand_tighten
2337631,2552,-14676,6596,580,-265,1321,insert_bolts_hand_tighten
2337653,2288,-14312,7904,-189,-901,2126,insert_bolts_hand_tighten
2337675,1976,-14188,8296,-849,-1029,1441,insert_bolts_hand_tighten
2337697,2080,-13916,7556,-298,-1240,158,insert_bolts_hand_tighten
2337719,2992,-14252,8076,-1023,-638,-35,insert_bolts_hand_tighten
2337741,2704,-14704,7344,-758,-184,28,insert_bolts_hand_tighten
2337763,2956,-15068,6648,-847,-1312,460,insert_bolts_hand_tighten
2337785,2936,-15000,6836,-192,-422,1032,insert_bolts_hand_tighten
2337807,2616,-14508,7092,-268,-842,1136,insert_bolts_hand_tighten
2337829,2596,-13756,7800,-649,-130,306,insert_bolts_hand_tighten
2337851,2836,-13744,6884,-1125,626,-300,insert_bolts_hand_tighten
2337873,2476,-15472,6304,-545,845,-35,insert_bolts_hand_tighten
2337895,2492,-16244,6632,-248,562,129,insert_bolts_hand_tighten
2337917,2372,-15836,7144,59,499,341,insert_bolts_hand_tighten
2337939,2292,-15508,7012,2314,-281,464,insert_bolts_hand_tighten
2337961,2308,-13600,7880,-1222,-165,19,insert_bolts_hand_tighten
2337983,2700,-14236,6868,-865,545,139,insert_bolts_hand_tighten
2338005,2700,-14040,7280,-1830,95,-49,insert_bolts_hand_tighten
2338027,2164,-16248,6432,-1059,-96,592,insert_bolts_hand_tighten
2338049,2464,-14324,7332,-1370,-286,16,insert_bolts_hand_tighten
2338071,2684,-14412,7648,-1939,-94,193,insert_bolts_hand_tighten
2338093,2500,-13952,7968,-3467,448,-279,insert_bolts_hand_tighten
2338115,2756,-14476,7872,-5108,234,-142,insert_bolts_hand_tighten
2338137,3172,-16048,7764,-3652,1114,-425,insert_bolts_hand_tighten
2338159,2844,-15948,6664,-288,841,161,insert_bolts_hand_tighten
2338181,2544,-14924,5592,-1183,-59,1141,insert_bolts_hand_tighten
2338203,2096,-16680,5304,-749,-15,1074,insert_bolts_hand_tighten
2338225,2272,-14724,5968,506,-1126,1206,insert_bolts_hand_tighten
2338247,2860,-12632,6740,-1514,-102,1431,insert_bolts_hand_tighten
2338269,3112,-14836,8092,-2030,3486,2403,insert_bolts_hand_tighten
2338291,1916,-14832,7268,-4299,4131,2534,insert_bolts_hand_tighten
2338313,1204,-15456,5964,-4253,2971,552,insert_bolts_hand_tighten
2338335,1448,-16260,4044,-730,1254,-575,insert_bolts_hand_tighten
2338357,1820,-14420,3916,606,221,-757,insert_bolts_hand_tighten
2338379,2552,-14216,5160,-1150,-644,72,insert_bolts_hand_tighten
2338401,2000,-16100,5336,-987,-1269,240,insert_bolts_hand_tighten
2338423,2572,-15980,6268,-252,-1362,564,insert_bolts_hand_tighten
2338445,1932,-15900,6664,-123,172,77,insert_bolts_hand_tighten
2338467,2024,-15176,6916,1021,144,46,insert_bolts_hand_tighten
2338489,2044,-15236,7028,751,211,389,insert_bolts_hand_tighten
2338511,1932,-14816,6380,487,302,684,insert_bolts_hand_tighten
2338533,1844,-15064,5964,-669,35,810,insert_bolts_hand_tighten
2338555,2144,-15776,5672,-444,117,547,insert_bolts_hand_tighten
2338577,2108,-15612,5708,938,25,454,insert_bolts_hand_tighten
2338599,2496,-14692,6336,1080,209,716,insert_bolts_hand_tighten
2338621,1956,-15324,5964,-467,198,1586,insert_bolts_hand_tighten
2338643,1860,-15192,5440,-1068,46,1765,insert_bolts_hand_tighten
2338665,1848,-14780,5652,-1536,641,1467,insert_bolts_hand_tighten
2338687,1660,-14752,5800,-1673,829,1219,insert_bolts_hand_tighten
2338709,1976,-15024,5772,-1680,623,1226,insert_bolts_hand_tighten
2338731,1808,-15476,6228,-463,950,535,insert_bolts_hand_tighten
2338753,1608,-15044,5800,-268,403,490,insert_bolts_hand_tighten
2338775,1860,-15724,5852,-1095,-212,763,insert_bolts_hand_tighten
2338797,2648,-15696,7512,1028,622,95,insert_bolts_hand_tighten
2338819,1600,-14748,7520,1371,1867,70,insert_bolts_hand_tighten
2338841,1088,-15060,5924,683,820,90,insert_bolts_hand_tighten
2338863,908,-15736,4964,150,321,241,insert_bolts_hand_tighten
2338885,1364,-15784,4936,980,-768,338,insert_bolts_hand_tighten
2338907,1420,-15204,5772,1936,-382,100,insert_bolts_hand_tighten
2338929,1488,-14556,6092,2001,-637,193,insert_bolts_hand_tighten
2338951,1572,-14820,6028,1612,-637,178,insert_bolts_hand_tighten
2338973,1444,-15360,5832,1258,-296,189,insert_bolts_hand_tighten
2338995,1340,-15620,5700,1628,-68,160,insert_bolts_hand_tighten
2339017,1540,-15232,6056,2436,28,151,insert_bolts_hand_tighten
2339039,1636,-14376,6820,2858,296,102,insert_bolts_hand_tighten
2339061,1680,-13968,7428,2131,217,8,insert_bolts_hand_tighten
2339083,1692,-14396,7068,1179,180,-101,insert_bolts_hand_tighten
2339105,1780,-14388,6740,1127,116,-281,insert_bolts_hand_tighten
2339127,1788,-14552,7048,962,102,-386,insert_bolts_hand_tighten
2339149,1636,-14412,7196,531,-23,-274,insert_bolts_hand_tighten
2339171,1472,-14576,6940,-674,-134,90,insert_bolts_hand_tighten
2339193,1852,-14900,7108,-1560,-573,132,insert_bolts_hand_tighten
2339215,1556,-15648,7244,-945,-6,-227,insert_bolts_hand_tighten
2339237,1700,-14584,7284,1037,-135,-1017,insert_bolts_hand_tighten
2339259,2096,-15172,7092,934,-86,-419,insert_bolts_hand_tighten
2339281,1332,-14520,7244,-406,445,-531,insert_bolts_hand_tighten
2339303,1796,-15068,7460,-267,368,-595,insert_bolts_hand_tighten
2339325,1960,-15596,7564,750,-61,-563,insert_bolts_hand_tighten
2339347,1648,-15264,7268,946,45,-156,insert_bolts_hand_tighten
2339369,1524,-15584,7168,1188,154,40,insert_bolts_hand_tighten
2339391,1852,-14884,7180,2447,-60,-95,insert_bolts_hand_tighten
2339413,1764,-14880,7340,1496,-317,341,insert_bolts_hand_tighten
2339435,1840,-14256,7412,1323,-515,198,insert_bolts_hand_tighten
2339457,1892,-14296,7268,-99,-452,-12,insert_bolts_hand_tighten
2339479,1568,-14608,7548,393,-294,-380,insert_bolts_hand_tighten
2339501,1648,-14812,7364,-379,-556,-36,insert_bolts_hand_tighten
2339523,1644,-14796,7636,-279,-575,179,insert_bolts_hand_tighten
2339545,924,-15556,6364,249,-862,-156,insert_bolts_hand_tighten
2339567,2076,-13688,7424,-469,259,-709,insert_bolts_hand_tighten
2339589,1936,-14548,7068,-927,-696,-870,insert_bolts_hand_tighten
2339611,2236,-14332,7504,620,-935,-733,insert_bolts_hand_tighten
2339633,2340,-14308,7952,975,10,-396,insert_bolts_hand_tighten
2339655,2388,-14040,8316,1009,16,-210,insert_bolts_hand_tighten
2339677,2392,-14080,8012,-188,151,-175,insert_bolts_hand_tighten
2339699,2320,-14140,7972,-1003,-94,124,insert_bolts_hand_tighten
2339721,2256,-14012,7960,-987,-471,233,insert_bolts_hand_tighten
2339743,2312,-13044,8096,-1069,-468,19,insert_bolts_hand_tighten
2339765,2888,-10796,9176,-1500,162,205,insert_bolts_hand_tighten
2339787,3048,-10428,9192,-3073,675,-159,insert_bolts_hand_tighten
2339809,2796,-10328,8160,-3444,1717,-2373,insert_bolts_hand_tighten
2339831,3476,-7868,8744,-4853,3606,-5726,insert_bolts_hand_tighten
2339853,4452,-8736,8072,-5596,6695,-8657,insert_bolts_hand_tighten
2339875,5596,-10540,6420,-5020,8235,-9917,insert_bolts_hand_tighten
2339897,5520,-9292,6184,-4899,12363,-11132,insert_bolts_hand_tighten
2339919,5516,-9516,6676,-3600,14762,-12976,insert_bolts_hand_tighten
2339941,4896,-9432,6500,316,16008,-15708,insert_bolts_hand_tighten
2339963,4976,-10124,6580,6259,15580,-20046,insert_bolts_hand_tighten
2339985,5484,-9284,7572,8010,13326,-23165,insert_bolts_hand_tighten
2340007,6136,-7804,8088,2171,12367,-24962,insert_bolts_hand_tighten
2340029,7544,-10120,7512,-4888,11844,-25232,insert_bolts_hand_tighten
2340051,8180,-14412,5904,-2664,16414,-26449,insert_bolts_hand_tighten
2340073,7484,-17056,5868,7111,19381,-27296,insert_bolts_hand_tighten
2340095,6932,-16188,8432,12933,15843,-24064,insert_bolts_hand_tighten
2340117,8300,-13564,10188,10767,10732,-21090,insert_bolts_hand_tighten
2340139,11000,-13972,9492,9569,6917,-19007,insert_bolts_hand_tighten
2340161,10276,-15776,9144,13388,3922,-17902,insert_bolts_hand_tighten
2340183,11684,-14132,11108,13410,1289,-14400,insert_bolts_hand_tighten
2340205,11256,-12092,12376,11441,18,-11771,insert_bolts_hand_tighten
2340227,11772,-11920,12460,14024,-909,-9345,insert_bolts_hand_tighten
2340249,12192,-10300,12296,18600,-1676,-6424,insert_bolts_hand_tighten
2340271,12620,-8284,13080,19585,-2284,-3460,insert_bolts_hand_tighten
2340293,12292,-6468,13892,16843,-2325,-1192,insert_bolts_hand_tighten
2340315,11728,-5964,14892,15120,-2062,-388,insert_bolts_hand_tighten
2340337,11824,-5016,14536,15534,-3471,115,insert_bolts_hand_tighten
2340359,11864,-3232,13500,14597,-2804,120,insert_bolts_hand_tighten
2340381,11524,-1192,13148,11962,-802,309,insert_bolts_hand_tighten
2340403,11608,-1920,12892,9751,-1451,508,insert_bolts_hand_tighten
2340425,11944,-1492,13324,12285,-1002,940,insert_bolts_hand_tighten
2340447,11896,152,13760,13020,-1219,1062,insert_bolts_hand_tighten
2340469,11940,1100,12592,10202,-2820,239,insert_bolts_hand_tighten
2340491,12072,964,12960,7029,-1530,-307,insert_bolts_hand_tighten
2340513,12244,352,13208,6417,-1102,-180,insert_bolts_hand_tighten
2340535,12612,0,12656,9207,-617,620,insert_bolts_hand_tighten
2340557,12480,1880,12752,10571,1082,1979,insert_bolts_hand_tighten
2340579,11792,2484,11976,8786,93,2506,insert_bolts_hand_tighten
2340601,11556,1192,11500,8221,61,2958,insert_bolts_hand_tighten
2340623,12252,1992,13820,8941,2323,3820,insert_bolts_hand_tighten
2340645,11468,2704,13724,7459,1384,3486,insert_bolts_hand_tighten
2340667,11092,2548,14132,4194,1763,2991,insert_bolts_hand_tighten
2340689,10644,1484,14160,3797,1655,2616,insert_bolts_hand_tighten
2340711,11552,1628,14292,3815,679,3670,insert_bolts_hand_tighten
2340733,12116,1628,15588,2536,-164,3429,insert_bolts_hand_tighten
2340755,11932,4004,15572,-2388,491,2125,insert_bolts_hand_tighten
2340777,13484,256,15328,-4685,612,2108,insert_bolts_hand_tighten
2340799,14308,-1044,16056,-2406,3739,3706,insert_bolts_hand_tighten
2340821,15736,-940,18692,-8024,8627,5117,insert_bolts_hand_tighten
2340843,16808,-44,19764,-20839,9620,5584,insert_bolts_hand_tighten
2340865,18636,-2840,18880,-32768,5696,7950,insert_bolts_hand_tighten
2340887,20584,-9952,18728,-32768,4860,15079,insert_bolts_hand_tighten
2340909,18752,-13096,18864,-29009,10566,22562,insert_bolts_hand_tighten
2340931,16028,-11000,16036,-28116,6319,29060,insert_bolts_hand_tighten
2340953,13104,-10732,12940,-32140,3574,32640,insert_bolts_hand_tighten
2340975,9440,-11256,9376,-32768,2976,32740,insert_bolts_hand_tighten
2340997,6728,-13088,7936,-27368,3115,32767,insert_bolts_hand_tighten
2341019,3852,-13968,7448,-16475,2373,32767,insert_bolts_hand_tighten
2341041,2356,-10540,6388,-10496,-338,31487,insert_bolts_hand_tighten
2341063,1904,-7828,5880,-8626,-942,29270,insert_bolts_hand_tighten
2341085,572,-7416,6972,-7978,-511,26102,insert_bolts_hand_tighten
2341107,360,-8016,7564,-4255,-2215,24588,insert_bolts_hand_tighten
2341129,-124,-6880,6680,888,-2352,21910,insert_bolts_hand_tighten
2341151,-960,-5216,5836,5037,-1155,18295,insert_bolts_hand_tighten
2341173,-612,-4460,5716,9588,-2735,14502,insert_bolts_hand_tighten
2341195,-960,-4852,9804,11524,-3467,10962,insert_bolts_hand_tighten
2341217,-728,-6884,11348,17172,-5437,8578,insert_bolts_hand_tighten
2341239,-356,-4592,8892,15789,-6310,7066,insert_bolts_hand_tighten
2341261,-260,-7868,7828,11481,-4988,5611,insert_bolts_hand_tighten
2341283,-880,-7728,10852,7910,-3345,2836,insert_bolts_hand_tighten
2341305,-1096,-10024,13652,8672,-2184,-179,insert_bolts_hand_tighten
2341327,-1340,-8892,15196,13292,-31,-1136,insert_bolts_hand_tighten
2341349,-1840,-5980,15148,6941,-1061,759,insert_bolts_hand_tighten
2341371,-2392,-9612,13040,-2204,-1803,806,insert_bolts_hand_tighten
2341393,-2444,-12888,12324,-3109,-195,163,insert_bolts_hand_tighten
2341415,-3200,-12616,12972,2991,663,103,insert_bolts_hand_tighten
2341437,-2876,-10156,15064,6648,603,708,insert_bolts_hand_tighten
2341459,-3060,-9544,14240,5840,-1202,840,insert_bolts_hand_tighten
2341481,-3288,-9880,12692,5077,-504,1344,insert_bolts_hand_tighten
2341503,-1348,-10136,12656,8317,-101,2344,insert_bolts_hand_tighten
2341525,-2768,-10248,13028,11518,838,1207,insert_bolts_hand_tighten
2341547,-2476,-7732,14876,13387,2803,838,insert_bolts_hand_tighten
2341569,-3220,-7684,14808,12184,-310,598,insert_bolts_hand_tighten
2341591,-2836,-6116,14924,12072,-1539,155,insert_bolts_hand_tighten
2341613,-2612,-5440,15744,9062,-1252,8,insert_bolts_hand_tighten
2341635,-1352,-4944,15988,5878,-1033,-600,insert_bolts_hand_tighten
2341657,-2320,-4420,15660,711,-308,-1171,insert_bolts_hand_tighten
2341679,-2008,-3144,15176,-3562,121,-1887,insert_bolts_hand_tighten
2341701,-2020,-3888,14032,-8213,-581,-2310,insert_bolts_hand_tighten
2341723,-1864,-5496,13860,-12978,-1694,-2644,insert_bolts_hand_tighten
2341745,-2392,-7480,14752,-18369,-2763,-3035,insert_bolts_hand_tighten
2341767,-2376,-9240,15196,-18531,-1841,-4694,insert_bolts_hand_tighten
2341789,-960,-13624,13764,-13228,-4703,-2615,insert_bolts_hand_tighten
2341811,-1496,-12520,13772,-8296,1367,-2091,insert_bolts_hand_tighten
2341833,-1952,-12052,14348,-6043,1075,-257,insert_bolts_hand_tighten
2341855,-2268,-10660,14112,-5212,1262,271,insert_bolts_hand_tighten
2341877,-1844,-8880,13224,-6646,223,307,insert_bolts_hand_tighten
2341899,-1628,-10200,12260,-7420,-704,-602,insert_bolts_hand_tighten
2341921,-1628,-12536,12952,2160,-1045,-2195,insert_bolts_hand_tighten
2341943,-408,-11188,15424,11354,-599,-2416,insert_bolts_hand_tighten
2341965,-1768,-7932,14908,6108,-1280,-2645,insert_bolts_hand_tighten
2341987,-1288,-5260,12032,-2642,-3919,-3443,insert_bolts_hand_tighten
2342009,-328,-7960,9984,-6990,-1172,-3411,insert_bolts_hand_tighten
2342031,-948,-9468,10776,-11232,1001,-2458,insert_bolts_hand_tighten
2342053,-1088,-10728,12360,-12909,839,-2579,insert_bolts_hand_tighten
2342075,-1520,-12008,12792,-9725,-563,-3322,insert_bolts_hand_tighten
2342097,-904,-10836,11796,-10053,-2480,-2725,insert_bolts_hand_tighten
2342119,80,-11012,11180,-12363,-2645,-1510,insert_bolts_hand_tighten
2342141,-136,-12792,9312,-13438,-1285,431,insert_bolts_hand_tighten
2342163,152,-13716,10696,-12089,820,2943,insert_bolts_hand_tighten
2342185,-468,-16800,11276,-9849,-379,3791,insert_bolts_hand_tighten
2342207,-1104,-14112,10132,-4775,-908,990,insert_bolts_hand_tighten
2342229,-828,-12668,9264,-5304,-668,-58,insert_bolts_hand_tighten
2342251,144,-13348,8848,-2161,825,-1485,insert_bolts_hand_tighten
2342273,560,-18172,10292,4316,2226,-1864,insert_bolts_hand_tighten
2342295,476,-17496,11228,15544,3745,-1937,insert_bolts_hand_tighten
2342317,-1192,-13512,8544,28375,1192,-3526,insert_bolts_hand_tighten
2342339,-1372,-6216,10076,11913,374,593,insert_bolts_hand_tighten
2342361,40,-8876,10220,3240,713,2056,insert_bolts_hand_tighten
2342383,-360,-14888,9620,1150,-303,3357,insert_bolts_hand_tighten
2342405,1556,-24040,11232,18319,3848,13,insert_bolts_hand_tighten
2342427,-888,-12560,12476,30354,4862,979,insert_bolts_hand_tighten
2342449,-1904,-1452,14024,17927,5023,1978,insert_bolts_hand_tighten
2342471,-1504,-1388,14448,3079,2850,1068,insert_bolts_hand_tighten
2342493,-2368,-4692,13136,-4750,4750,-2321,insert_bolts_hand_tighten
2342515,-2356,-3104,12932,-11462,1838,-4429,insert_bolts_hand_tighten
2342537,-832,-5688,14352,-17212,2159,-5893,insert_bolts_hand_tighten
2342559,-840,-12672,15456,-13898,-668,-6984,insert_bolts_hand_tighten
2342581,396,-11640,13052,-12861,-3245,-5261,insert_bolts_hand_tighten
2342603,752,-10644,9200,-11209,-4920,-5835,insert_bolts_hand_tighten
2342625,1892,-10352,7888,-15424,-4147,-3228,insert_bolts_hand_tighten
2342647,1052,-13616,9124,-16076,1119,-2731,insert_bolts_hand_tighten
2342669,-340,-12448,10396,-16043,1407,-3132,insert_bolts_hand_tighten
2342691,-1276,-13136,10780,-15734,719,-4367,insert_bolts_hand_tighten
2342713,-1068,-14160,10032,-13551,-1525,-4738,insert_bolts_hand_tighten
2342735,-848,-14400,8524,-12796,-1981,-4027,insert_bolts_hand_tighten
2342757,-772,-15384,7664,-12233,-3000,-2587,insert_bolts_hand_tighten
2342779,-424,-14980,7176,-12288,-3954,-499,insert_bolts_hand_tighten
2342801,764,-15680,5612,-14240,-6557,2552,insert_bolts_hand_tighten
2342823,1284,-15888,4356,-20740,-4839,4384,insert_bolts_hand_tighten
2342845,796,-18144,3608,-20061,-888,3446,insert_bolts_hand_tighten
2342867,1576,-21684,5120,-10566,193,1127,insert_bolts_hand_tighten
2342889,1936,-19444,5832,1738,1452,615,insert_bolts_hand_tighten
2342911,1780,-17396,4616,9096,1836,-411,insert_bolts_hand_tighten
2342933,1276,-13668,4772,4469,184,527,insert_bolts_hand_tighten
2342955,1076,-11288,4440,-1811,-612,947,insert_bolts_hand_tighten
2342977,1840,-14724,4816,1766,955,-536,insert_bolts_hand_tighten
2342999,836,-14624,4904,-1401,1600,-1097,insert_bolts_hand_tighten
2343021,1064,-13804,5220,-2096,1511,-1645,insert_bolts_hand_tighten
2343043,392,-15928,4300,-1340,1072,-983,insert_bolts_hand_tighten
2343065,980,-15492,4288,-1454,616,-272,insert_bolts_hand_tighten
2343087,1208,-16936,4972,-960,364,-135,insert_bolts_hand_tighten
2343109,932,-16824,4260,-522,251,174,insert_bolts_hand_tighten
2343131,724,-17084,3800,2111,400,165,insert_bolts_hand_tighten
2343153,600,-15684,4052,3773,149,212,insert_bolts_hand_tighten
2343175,436,-12852,4416,-478,-231,588,insert_bolts_hand_tighten
2343197,692,-16644,4912,-1987,-656,441,insert_bolts_hand_tighten
2343219,1004,-17400,4828,1099,-1069,674,insert_bolts_hand_tighten
2343241,1036,-17480,4684,5368,-1079,725,insert_bolts_hand_tighten
2343263,1076,-16060,4840,7793,-1998,1360,insert_bolts_hand_tighten
2343285,1052,-14640,5340,6984,-2565,2515,insert_bolts_hand_tighten
2343307,876,-14636,6236,5135,-2666,3035,insert_bolts_hand_tighten
2343329,836,-15144,6828,2615,-3110,2451,insert_bolts_hand_tighten
2343351,1024,-16540,6400,3445,-2752,2005,insert_bolts_hand_tighten
2343373,1364,-16456,6800,6825,-1198,2163,insert_bolts_hand_tighten
2343395,780,-15908,7512,9397,-53,2254,insert_bolts_hand_tighten
2343417,448,-14320,7968,8027,-761,3149,insert_bolts_hand_tighten
2343439,148,-14508,8044,5100,-1011,3668,insert_bolts_hand_tighten
2343461,36,-15220,7824,4607,-1091,3197,insert_bolts_hand_tighten
2343483,-316,-15332,7796,7441,-452,1916,insert_bolts_hand_tighten
2343505,-256,-14324,7900,9838,-143,1362,insert_bolts_hand_tighten
2343527,-136,-11940,9796,4102,294,2165,insert_bolts_hand_tighten
2343549,-48,-13920,8924,1815,-1378,1417,insert_bolts_hand_tighten
2343571,184,-12828,8428,143,-964,867,insert_bolts_hand_tighten
2343593,224,-14080,8304,881,309,152,insert_bolts_hand_tighten
2343615,244,-15004,8236,4990,-486,-50,insert_bolts_hand_tighten
2343637,444,-14660,8468,11711,-271,12,insert_bolts_hand_tighten
2343659,276,-13604,8796,14049,-1710,1241,insert_bolts_hand_tighten
2343681,96,-12532,10040,11010,-1694,1596,insert_bolts_hand_tighten
2343703,-316,-12200,10756,8973,-470,776,insert_bolts_hand_tighten
2343725,-232,-11708,11100,8154,-806,-83,insert_bolts_hand_tighten
2343747,-80,-10744,11556,5224,-93,-23,insert_bolts_hand_tighten
2343769,220,-10456,12152,385,-57,773,insert_bolts_hand_tighten
2343791,360,-10392,11376,-5574,-1740,1393,insert_bolts_hand_tighten
2343813,684,-10720,10820,-9938,-1595,1434,insert_bolts_hand_tighten
2343835,28,-9732,10480,-17345,-980,2381,insert_bolts_hand_tighten
2343857,408,-11708,10292,-16033,-281,2355,insert_bolts_hand_tighten
2343879,-1708,-12528,9364,-13664,-860,1834,insert_bolts_hand_tighten
2343901,1424,-9676,10168,-13245,-1816,2893,insert_bolts_hand_tighten
2343923,360,-10820,10344,-16068,-241,2534,insert_bolts_hand_tighten
2343945,-488,-10972,9072,-13151,1132,-401,insert_bolts_hand_tighten
2343967,-80,-9968,9180,-12874,5024,-4012,insert_bolts_hand_tighten
2343989,268,-9820,9952,-10558,9270,-6702,insert_bolts_hand_tighten
2344011,316,-7076,10528,-4477,14021,-11013,insert_bolts_hand_tighten
2344033,1016,-5392,8960,1622,17179,-14830,insert_bolts_hand_tighten
2344055,2676,-6992,7940,8488,19811,-17569,insert_bolts_hand_tighten
2344077,3344,-7740,5780,13654,21857,-21857,insert_bolts_hand_tighten
2344099,3320,-6160,4632,15919,19607,-25360,insert_bolts_hand_tighten
2344121,4076,-6504,5048,15015,17117,-28112,insert_bolts_hand_tighten
2344143,6144,-8328,6196,13664,13797,-30558,insert_bolts_hand_tighten
2344165,8392,-8356,8700,3130,13283,-31543,insert_bolts_hand_tighten
2344187,8764,-8060,9064,-15452,9241,-30855,insert_bolts_hand_tighten
2344209,11140,-13572,7644,-17153,8079,-31573,insert_bolts_hand_tighten
2344231,12104,-20980,6492,-1789,12822,-32768,insert_bolts_hand_tighten
2344253,12900,-20788,8668,8209,8692,-26821,insert_bolts_hand_tighten
2344275,11156,-15240,9436,5791,4472,-21651,insert_bolts_hand_tighten
2344297,12484,-15004,10784,4023,715,-18422,insert_bolts_hand_tighten
2344319,12652,-16500,11088,5359,-74,-16447,insert_bolts_hand_tighten
2344341,12244,-15784,11224,5904,-1055,-14750,insert_bolts_hand_tighten
2344363,12652,-13436,11084,4593,-1119,-13472,insert_bolts_hand_tighten
2344385,12628,-12304,10992,5766,262,-12381,insert_bolts_hand_tighten
2344407,12240,-10640,10216,6868,754,-10833,insert_bolts_hand_tighten
2344429,12028,-9664,10648,5045,465,-8877,insert_bolts_hand_tighten
2344451,12016,-9152,11112,1898,-809,-7421,insert_bolts_hand_tighten
2344473,12344,-9592,11144,3045,-385,-6671,insert_bolts_hand_tighten
2344495,12348,-8516,10264,6824,455,-5432,insert_bolts_hand_tighten
2344517,12360,-6816,10136,7865,-449,-3084,insert_bolts_hand_tighten
2344539,12388,-6460,10664,7828,-1212,-1907,insert_bolts_hand_tighten
2344561,12108,-5500,11108,6927,-360,-1652,insert_bolts_hand_tighten
2344583,12016,-4964,11188,6441,-321,-1455,insert_bolts_hand_tighten
2344605,12208,-3988,10472,4651,-417,-1407,insert_bolts_hand_tighten
2344627,12760,-3824,10584,3512,222,-1079,insert_bolts_hand_tighten
2344649,13332,-4544,11860,5737,2868,-291,insert_bolts_hand_tighten
2344671,12128,-4036,11780,5463,3388,1326,insert_bolts_hand_tighten
2344693,11828,-4124,12384,3577,784,1790,insert_bolts_hand_tighten
2344715,12308,-4252,11640,742,-814,1279,insert_bolts_hand_tighten
2344737,13060,-5692,11192,2980,-1991,1559,insert_bolts_hand_tighten
2344759,13232,-3348,11668,3826,2582,2704,insert_bolts_hand_tighten
2344781,11048,-3652,12748,858,2885,1971,insert_bolts_hand_tighten
2344803,11728,-2568,11492,-3270,1848,420,insert_bolts_hand_tighten
2344825,12272,-3396,12412,-6488,665,-1343,insert_bolts_hand_tighten
2344847,11868,-3656,12420,-5558,664,-2197,insert_bolts_hand_tighten
2344869,12184,-2224,11324,-4977,1135,-2579,insert_bolts_hand_tighten
2344891,10956,-4248,12344,-6790,1660,-2388,insert_bolts_hand_tighten
2344913,10772,-4400,12320,-4863,911,-1356,insert_bolts_hand_tighten
2344935,10668,-4284,13184,-4509,38,-77,insert_bolts_hand_tighten
2344957,11084,-4916,13248,-5425,-611,-307,insert_bolts_hand_tighten
2344979,10892,-5192,13032,-4821,343,-1473,insert_bolts_hand_tighten
2345001,11232,-5812,11696,-3352,994,-1173,insert_bolts_hand_tighten
2345023,11172,-5292,11256,-404,539,274,insert_bolts_hand_tighten
2345045,10480,-4056,12812,-3536,-320,871,insert_bolts_hand_tighten
2345067,11544,-6364,12492,-3565,-1149,-736,insert_bolts_hand_tighten
2345089,11072,-5872,11820,-1165,417,-790,insert_bolts_hand_tighten
2345111,11576,-6072,11392,776,-318,21,insert_bolts_hand_tighten
2345133,11696,-5896,11304,691,-862,144,insert_bolts_hand_tighten
2345155,11924,-5968,11408,469,-994,88,insert_bolts_hand_tighten
2345177,13344,-5052,11356,884,-1408,492,insert_bolts_hand_tighten
2345199,11120,-5220,11208,599,-746,-866,insert_bolts_hand_tighten
2345221,11632,-5412,10620,-779,-1555,-649,insert_bolts_hand_tighten
2345243,11760,-4832,10884,524,-1300,-77,insert_bolts_hand_tighten
2345265,12124,-3900,11592,-81,-2579,129,insert_bolts_hand_tighten
2345287,12632,-4276,10960,-1262,-3001,-98,insert_bolts_hand_tighten
2345309,13564,-3412,10348,-5128,-3497,-243,insert_bolts_hand_tighten
2345331,15392,-5180,9776,-2617,-4006,1708,insert_bolts_hand_tighten
2345353,15352,-7696,11496,-6034,-212,3691,insert_bolts_hand_tighten
2345375,15620,-10100,11972,-8456,588,5894,insert_bolts_hand_tighten
2345397,16356,-10188,10572,-13000,-1426,8660,insert_bolts_hand_tighten
2345419,16584,-13340,9624,-14335,-3546,11982,insert_bolts_hand_tighten
2345441,16048,-14604,9348,-10160,-3808,15835,insert_bolts_hand_tighten
2345463,15548,-14820,8956,-8214,-7742,19968,insert_bolts_hand_tighten
2345485,15052,-14516,8048,-10741,-11025,22679,insert_bolts_hand_tighten
2345507,14720,-15752,7096,-11689,-11546,24062,insert_bolts_hand_tighten
2345529,12532,-16272,6176,-12449,-11533,25715,insert_bolts_hand_tighten
2345551,10924,-17000,5224,-11702,-13847,26419,insert_bolts_hand_tighten
2345573,9956,-16216,4488,-11418,-14394,26708,insert_bolts_hand_tighten
2345595,8396,-17400,2832,-11016,-15314,26532,insert_bolts_hand_tighten
2345617,8180,-16404,3964,-7339,-15294,25858,insert_bolts_hand_tighten
2345639,7164,-16228,4280,-3924,-15365,26229,insert_bolts_hand_tighten
2345661,6132,-13212,2772,-2340,-15417,26680,insert_bolts_hand_tighten
2345683,4996,-11492,2064,-5541,-13820,26102,insert_bolts_hand_tighten
2345705,4000,-11352,1500,-9251,-12057,23098,insert_bolts_hand_tighten
2345727,2948,-11244,2012,-8235,-10704,19821,insert_bolts_hand_tighten
2345749,2420,-11192,2920,-3043,-10332,17287,insert_bolts_hand_tighten
2345771,2088,-10224,2888,117,-10984,15265,insert_bolts_hand_tighten
2345793,2208,-8976,3344,-367,-9701,12514,insert_bolts_hand_tighten
2345815,2084,-9676,3928,-245,-7645,10350,insert_bolts_hand_tighten
2345837,1856,-10432,4560,-1208,-6869,9497,insert_bolts_hand_tighten
2345859,1100,-10964,4256,-2972,-4930,7146,insert_bolts_hand_tighten
2345881,396,-12184,3352,-2565,-3027,3943,insert_bolts_hand_tighten
2345903,-52,-13364,2592,43,-2475,1328,insert_bolts_hand_tighten
2345925,116,-13700,3544,3964,-1471,-436,insert_bolts_hand_tighten
2345947,24,-12688,3804,3438,-1169,-1066,insert_bolts_hand_tighten
2345969,-588,-13252,2748,-628,-1642,-938,insert_bolts_hand_tighten
2345991,-1020,-16204,1064,-1551,-1685,-1356,insert_bolts_hand_tighten
2346013,-1088,-18876,736,1446,-1080,-2430,insert_bolts_hand_tighten
2346035,-1576,-17176,1908,4742,407,-2418,insert_bolts_hand_tighten
2346057,-1100,-14900,4268,373,376,-656,insert_bolts_hand_tighten
2346079,-2168,-16336,2708,170,63,-146,insert_bolts_hand_tighten
2346101,-1620,-17196,488,-138,-183,161,insert_bolts_hand_tighten
2346123,-2060,-17424,88,2889,-603,-719,insert_bolts_hand_tighten
2346145,-1344,-15884,1324,4245,-761,-419,insert_bolts_hand_tighten
2346167,-768,-14792,2720,-420,-20,-528,insert_bolts_hand_tighten
2346189,-1072,-15648,2528,-4840,-23,157,insert_bolts_hand_tighten
2346211,-1308,-18420,2572,-3474,-432,622,insert_bolts_hand_tighten
2346233,-948,-18656,2988,789,-220,744,insert_bolts_hand_tighten
2346255,-648,-19572,1976,7506,-490,992,insert_bolts_hand_tighten
2346277,-960,-17168,1848,11140,1584,1583,insert_bolts_hand_tighten
2346299,-432,-17476,3656,15732,2029,1541,insert_bolts_hand_tighten
2346321,-1596,-12180,5212,13223,2278,2757,insert_bolts_hand_tighten
2346343,-2432,-14936,4352,10705,-370,2787,insert_bolts_hand_tighten
2346365,-1520,-14592,4900,11215,-265,2166,insert_bolts_hand_tighten
2346387,-2284,-15944,3664,12694,2001,994,insert_bolts_hand_tighten
2346409,-3304,-14004,5264,18208,4645,79,insert_bolts_hand_tighten
2346431,-2660,-8880,12108,9626,5179,632,insert_bolts_hand_tighten
2346453,-4172,-11388,10996,-2425,837,836,insert_bolts_hand_tighten
2346475,-1848,-16976,6892,2021,1817,-228,insert_bolts_hand_tighten
2346497,-1120,-15856,5572,10050,2385,2261,insert_bolts_hand_tighten
2346519,-1796,-10040,7532,11291,2763,2333,insert_bolts_hand_tighten
2346541,-1688,-10092,8500,3281,-106,1198,insert_bolts_hand_tighten
2346563,-1136,-10008,8180,-2109,395,-237,insert_bolts_hand_tighten
2346585,-1788,-11372,7580,-6108,1284,-1770,insert_bolts_hand_tighten
2346607,-1012,-16008,7760,-7341,1547,-3963,insert_bolts_hand_tighten
2346629,-1632,-16804,9036,-437,513,-3486,insert_bolts_hand_tighten
2346651,-1672,-12876,7212,2923,-737,-1491,insert_bolts_hand_tighten
2346673,-1356,-12752,7624,-1673,-1102,-703,insert_bolts_hand_tighten
2346695,-2332,-13944,9784,-4510,-856,-355,insert_bolts_hand_tighten
2346717,-2596,-18288,7744,-4104,-1467,328,insert_bolts_hand_tighten
2346739,-3108,-19492,6884,8810,-315,-446,insert_bolts_hand_tighten
2346761,-2352,-14328,5884,10611,-1427,1876,insert_bolts_hand_tighten
2346783,-3032,-11556,8620,2017,-2183,1437,insert_bolts_hand_tighten
2346805,-2504,-12200,9800,-420,-2832,622,insert_bolts_hand_tighten
2346827,-2728,-12880,11120,-2232,431,-810,insert_bolts_hand_tighten
2346849,-2700,-15308,11560,1877,1080,-1104,insert_bolts_hand_tighten
2346871,-2500,-14840,10176,9674,500,-773,insert_bolts_hand_tighten
2346893,-2436,-13012,7580,9968,-954,1100,insert_bolts_hand_tighten
2346915,-2728,-14244,6468,4869,-1476,-97,insert_bolts_hand_tighten
2346937,-2080,-14064,6360,7324,-650,-69,insert_bolts_hand_tighten
2346959,-2924,-16504,9104,10029,136,1146,insert_bolts_hand_tighten
2346981,-3172,-12236,12312,13896,212,1758,insert_bolts_hand_tighten
2347003,-3932,-10472,12460,7752,-843,1866,insert_bolts_hand_tighten
2347025,-3516,-11988,10112,4475,-127,258,insert_bolts_hand_tighten
2347047,-2772,-13176,9708,5646,1069,-295,insert_bolts_hand_tighten
2347069,-2500,-14296,11476,8042,1333,-486,insert_bolts_hand_tighten
2347091,-2420,-11236,11468,5811,679,619,insert_bolts_hand_tighten
2347113,-2200,-10676,10916,4436,-846,1389,insert_bolts_hand_tighten
2347135,-2216,-9928,11272,5012,265,85,insert_bolts_hand_tighten
2347157,-1880,-9728,11428,4961,436,-256,insert_bolts_hand_tighten
2347179,-1988,-9136,12928,4507,1990,-363,insert_bolts_hand_tighten
2347201,-2636,-8300,12760,2710,1942,-902,insert_bolts_hand_tighten
2347223,-2928,-8424,11832,-1689,524,-870,insert_bolts_hand_tighten
2347245,-2240,-9352,12040,-4507,619,-785,insert_bolts_hand_tighten
2347267,-2580,-10260,12384,-5071,909,-1163,insert_bolts_hand_tighten
2347289,-2000,-12144,12152,-1237,1157,-1621,insert_bolts_hand_tighten
2347311,-2232,-10752,12280,-132,1086,-860,insert_bolts_hand_tighten
2347333,-2192,-11164,12584,-1990,597,-328,insert_bolts_hand_tighten
2347355,-1780,-10464,12528,-5289,939,-313,insert_bolts_hand_tighten
2347377,-2196,-13584,11916,-7521,3517,-1434,insert_bolts_hand_tighten
2347399,-3104,-12416,12868,-3703,4478,-2185,insert_bolts_hand_tighten
2347421,-2368,-11668,11960,-1302,3554,-1963,insert_bolts_hand_tighten
2347443,-2996,-10908,8816,-8197,2712,-2361,insert_bolts_hand_tighten
2347465,-3684,-11328,7936,-15114,7495,-4602,insert_bolts_hand_tighten
2347487,-4392,-15164,11144,-13331,10731,-4082,insert_bolts_hand_tighten
2347509,-5012,-15204,12100,-6136,10415,-2832,insert_bolts_hand_tighten
2347531,-5272,-14220,9572,-313,8821,-713,insert_bolts_hand_tighten
2347553,-3580,-12948,7564,-1701,7121,239,insert_bolts_hand_tighten
2347575,-2964,-13428,6940,-3793,7512,545,insert_bolts_hand_tighten
2347597,-3208,-13268,8992,47,6235,1471,insert_bolts_hand_tighten
2347619,-3396,-11780,8976,2798,1325,3310,insert_bolts_hand_tighten
2347641,-2572,-10900,8448,1971,387,4045,insert_bolts_hand_tighten
2347663,-2560,-12368,9228,-2598,411,3657,insert_bolts_hand_tighten
2347685,-2144,-13984,9112,-1024,771,2379,insert_bolts_hand_tighten
2347707,-3592,-12436,11880,1471,2698,2231,insert_bolts_hand_tighten
2347729,-4484,-11976,11824,2838,1407,1758,insert_bolts_hand_tighten
2347751,-4064,-12328,11516,1911,687,1946,insert_bolts_hand_tighten
2347773,-4136,-12664,10568,362,-624,1866,insert_bolts_hand_tighten
2347795,-3652,-14096,9484,1216,-928,1364,insert_bolts_hand_tighten
2347817,-4540,-11592,10108,1155,415,857,insert_bolts_hand_tighten
2347839,-5472,-11912,10844,572,188,801,insert_bolts_hand_tighten
2347861,-4008,-11132,9112,-741,-1175,1185,insert_bolts_hand_tighten
2347883,-5040,-13564,8856,-2107,-202,1461,insert_bolts_hand_tighten
2347905,-3612,-13920,9512,3781,951,1939,insert_bolts_hand_tighten
2347927,-4152,-12664,10408,2205,1930,2026,insert_bolts_hand_tighten
2347949,-4412,-12536,9880,2826,1680,1903,insert_bolts_hand_tighten
2347971,-4108,-12520,8792,3567,1148,2233,insert_bolts_hand_tighten
2347993,-4544,-11856,8592,5107,1174,2109,insert_bolts_hand_tighten
2348015,-4572,-12136,8760,7192,-317,1930,insert_bolts_hand_tighten
2348037,-5148,-9716,10516,8025,-572,2598,insert_bolts_hand_tighten
2348059,-5328,-9336,11412,7024,-1165,1997,insert_bolts_hand_tighten
2348081,-5368,-9400,11460,5553,-589,1591,insert_bolts_hand_tighten
2348103,-5400,-11792,11776,6942,-1214,1625,insert_bolts_hand_tighten
2348125,-5632,-10368,10760,11791,-2099,2060,insert_bolts_hand_tighten
2348147,-5896,-9524,11108,9670,-2816,1845,insert_bolts_hand_tighten
2348169,-6160,-9496,12076,6145,-2147,1049,insert_bolts_hand_tighten
2348191,-5980,-8520,13308,4954,-1070,-63,insert_bolts_hand_tighten
2348213,-5400,-8516,14124,4217,-91,385,insert_bolts_hand_tighten
2348235,-7024,-9708,14436,356,1870,225,insert_bolts_hand_tighten
2348257,-5972,-7992,12640,573,1803,502,insert_bolts_hand_tighten
2348279,-4832,-6468,13500,130,591,795,insert_bolts_hand_tighten
2348301,-5048,-6744,13884,-3784,-455,48,insert_bolts_hand_tighten
2348323,-5148,-8580,12368,-7066,-97,-1904,insert_bolts_hand_tighten
2348345,-4804,-8728,12080,-7362,204,-3071,insert_bolts_hand_tighten
2348367,-4680,-9384,12108,-8705,-23,-3674,insert_bolts_hand_tighten
2348389,-4764,-11692,11520,-8075,-405,-3427,insert_bolts_hand_tighten
2348411,-4624,-11076,10912,-7144,224,-2907,insert_bolts_hand_tighten
2348433,-4872,-11136,10760,-6170,-116,-2721,insert_bolts_hand_tighten
2348455,-4768,-11392,10476,-5319,-136,-2829,insert_bolts_hand_tighten
2348477,-4856,-11088,10184,-4017,-48,-2774,insert_bolts_hand_tighten
2348499,-4692,-12212,10612,-2291,-790,-2121,insert_bolts_hand_tighten
2348521,-4576,-12940,10576,-2786,-491,-1677,insert_bolts_hand_tighten
2348543,-4872,-12956,11400,-1791,221,-848,insert_bolts_hand_tighten
2348565,-4684,-13092,10748,1030,-613,516,insert_bolts_hand_tighten
2348587,-5000,-11480,11780,1531,-241,987,insert_bolts_hand_tighten
2348609,-4544,-11040,12336,690,-1088,691,insert_bolts_hand_tighten
2348631,-5028,-11004,11928,-152,-541,568,insert_bolts_hand_tighten
2348653,-4644,-11496,11880,1973,-1633,1062,insert_bolts_hand_tighten
2348675,-4188,-11428,10936,1500,-1399,1464,insert_bolts_hand_tighten
2348697,-3964,-11152,11576,1082,-1093,1674,insert_bolts_hand_tighten
2348719,-4528,-10524,12068,-1289,-786,1201,insert_bolts_hand_tighten
2348741,-4760,-10380,12480,-2629,-889,466,insert_bolts_hand_tighten
2348763,-4600,-12064,11632,757,-1067,341,insert_bolts_hand_tighten
2348785,-4556,-12788,11244,2613,-2550,2031,insert_bolts_hand_tighten
2348807,-5084,-12180,11212,1092,-1761,2211,insert_bolts_hand_tighten
2348829,-5420,-11052,11600,-1735,-1984,1227,insert_bolts_hand_tighten
2348851,-4928,-10296,11696,-2706,-2615,814,insert_bolts_hand_tighten
2348873,-4352,-10580,11760,-2087,-2453,1183,insert_bolts_hand_tighten
2348895,-4708,-10260,11196,-2597,-1698,954,insert_bolts_hand_tighten
2348917,-4252,-10772,11516,-5082,-1584,1356,insert_bolts_hand_tighten
2348939,-4404,-10500,11680,-6930,-658,1466,insert_bolts_hand_tighten
2348961,-4460,-10608,11200,-9166,493,638,insert_bolts_hand_tighten
2348983,-4256,-11772,11768,-8837,-169,1311,insert_bolts_hand_tighten
2349005,-3704,-12384,10132,-7077,570,1091,insert_bolts_hand_tighten
2349027,-4448,-13932,8928,-4009,1192,1635,insert_bolts_hand_tighten
2349049,-4376,-14128,8896,1296,966,1678,insert_bolts_hand_tighten
2349071,-4388,-13328,9480,3763,156,2210,insert_bolts_hand_tighten
2349093,-4112,-11276,9960,3292,-35,2284,insert_bolts_hand_tighten
2349115,-3892,-10608,10328,645,99,2162,insert_bolts_hand_tighten
2349137,-4244,-11872,10328,346,225,2067,insert_bolts_hand_tighten
2349159,-4460,-14080,10232,2377,232,1419,insert_bolts_hand_tighten
2349181,-4220,-10528,10916,3444,1046,1426,insert_bolts_hand_tighten
2349203,-4680,-9620,12212,858,1879,731,insert_bolts_hand_tighten
2349225,-4584,-9500,12456,-1085,2483,-32,insert_bolts_hand_tighten
2349247,-4500,-9496,12008,-3094,3258,-632,insert_bolts_hand_tighten
2349269,-4456,-9296,12420,-2897,4064,-1691,insert_bolts_hand_tighten
2349291,-4072,-8996,11760,-2227,4646,-3335,insert_bolts_hand_tighten
2349313,-3856,-8356,11152,-1058,6046,-5525,insert_bolts_hand_tighten
2349335,-3512,-7136,11260,-1236,6761,-7705,insert_bolts_hand_tighten
2349357,-3364,-6832,10448,-1651,7267,-9955,insert_bolts_hand_tighten
2349379,-2432,-8360,10788,-743,7440,-12659,insert_bolts_hand_tighten
2349401,-1436,-8524,9104,532,7558,-14371,insert_bolts_hand_tighten
2349423,-932,-7432,7900,183,7491,-16333,insert_bolts_hand_tighten
2349445,-4,-7948,7800,-505,8309,-18451,insert_bolts_hand_tighten
2349467,456,-7544,7152,-2378,8640,-20137,insert_bolts_hand_tighten
2349489,616,-7572,6936,-4608,8799,-22312,insert_bolts_hand_tighten
2349511,1296,-7980,7360,-5644,9085,-24548,insert_bolts_hand_tighten
2349533,2000,-9744,7312,-6369,8503,-26864,insert_bolts_hand_tighten
2349555,3172,-9648,6556,-10899,7127,-27748,insert_bolts_hand_tighten
2349577,4364,-11608,5240,-15829,7393,-28464,insert_bolts_hand_tighten
2349599,5232,-14916,4284,-10039,11526,-29480,insert_bolts_hand_tighten
2349621,5504,-19260,4404,1863,10101,-28108,insert_bolts_hand_tighten
2349643,6076,-17692,3736,7543,6883,-25299,insert_bolts_hand_tighten
2349665,6600,-15588,3852,4276,4828,-23131,insert_bolts_hand_tighten
2349687,7740,-16116,4400,7084,3193,-22239,insert_bolts_hand_tighten
2349709,7984,-19228,5912,14859,508,-20075,insert_bolts_hand_tighten
2349731,9156,-18080,7420,17799,-3564,-17517,insert_bolts_hand_tighten
2349753,8488,-15436,9488,14872,-5264,-17509,insert_bolts_hand_tighten
2349775,9756,-13944,8124,14190,-7853,-16096,insert_bolts_hand_tighten
2349797,12388,-12716,9356,18273,-9203,-13165,insert_bolts_hand_tighten
2349819,12128,-12932,11204,20589,-4245,-11183,insert_bolts_hand_tighten
2349841,12388,-11656,12920,19510,-3309,-8572,insert_bolts_hand_tighten
2349863,12632,-9540,13056,14318,-2677,-7590,insert_bolts_hand_tighten
2349885,13408,-8772,12836,9526,-2693,-6815,insert_bolts_hand_tighten
2349907,12960,-8704,13516,8308,-460,-5739,insert_bolts_hand_tighten
2349929,12588,-8472,13312,9261,-496,-3607,insert_bolts_hand_tighten
2349951,12420,-7660,12736,10002,-848,-1927,insert_bolts_hand_tighten
2349973,12420,-5860,12856,9827,-1460,-430,insert_bolts_hand_tighten
2349995,12048,-4744,12848,9169,-1002,-205,insert_bolts_hand_tighten
2350017,11460,-3852,12300,8492,-1812,-23,insert_bolts_hand_tighten
2350039,12084,-3200,12092,6129,-1370,190,insert_bolts_hand_tighten
2350061,12608,-4540,12784,4828,-1515,423,insert_bolts_hand_tighten
2350083,12504,-3596,12552,6971,-198,961,insert_bolts_hand_tighten
2350105,11916,-3376,12032,6847,-830,1102,insert_bolts_hand_tighten
2350127,11804,-2836,11396,6317,-1647,588,insert_bolts_hand_tighten
2350149,13748,-2020,11024,3843,-838,521,insert_bolts_hand_tighten
2350171,12664,-2972,12412,4082,1827,930,insert_bolts_hand_tighten
2350193,12432,-3512,12116,8071,-396,1749,insert_bolts_hand_tighten
2350215,12816,-76,12108,8228,-204,1774,insert_bolts_hand_tighten
2350237,12360,-2248,13160,1581,-4,796,insert_bolts_hand_tighten
2350259,13852,-3172,12936,3712,-1113,1964,insert_bolts_hand_tighten
2350281,13744,-2256,13496,5739,535,2055,insert_bolts_hand_tighten
2350303,13148,-2308,13124,6123,143,2229,insert_bolts_hand_tighten
2350325,12968,-1120,12580,2792,-370,2417,insert_bolts_hand_tighten
2350347,13988,-2408,11724,-662,-1160,3213,insert_bolts_hand_tighten
2350369,16100,-4824,14236,-3517,-280,5909,insert_bolts_hand_tighten
2350391,17420,-8940,16576,-12721,2505,8511,insert_bolts_hand_tighten
2350413,20540,-11116,17032,-21386,4027,11988,insert_bolts_hand_tighten
2350435,21328,-13116,16204,-32768,2177,17579,insert_bolts_hand_tighten
2350457,20892,-17164,15448,-32768,1568,23417,insert_bolts_hand_tighten
2350479,18656,-17088,14128,-23603,-346,30066,insert_bolts_hand_tighten
2350501,15580,-15064,10232,-21205,-1776,32767,insert_bolts_hand_tighten
2350523,12924,-15296,7860,-24045,-4597,32767,insert_bolts_hand_tighten
2350545,9384,-13980,5516,-26340,-3080,32767,insert_bolts_hand_tighten
2350567,6604,-13696,4616,-20253,-3774,32767,insert_bolts_hand_tighten
2350589,4388,-13100,4184,-13093,-5931,32767,insert_bolts_hand_tighten
2350611,4296,-9888,3980,-10591,-6415,32742,insert_bolts_hand_tighten
2350633,1768,-8444,4276,-10170,-5746,30172,insert_bolts_hand_tighten
2350655,748,-7776,4288,-7154,-6187,26346,insert_bolts_hand_tighten
2350677,716,-6440,4800,-2963,-6556,22820,insert_bolts_hand_tighten
2350699,640,-5876,5604,272,-5920,18599,insert_bolts_hand_tighten
2350721,1652,-7152,7264,8106,-11891,16176,insert_bolts_hand_tighten
2350743,-152,-4040,6820,6764,-1126,9905,insert_bolts_hand_tighten
2350765,444,-7660,7352,4054,-4528,7450,insert_bolts_hand_tighten
2350787,640,-7816,7884,2499,-3146,4601,insert_bolts_hand_tighten
2350809,-108,-10196,8364,-3247,-2322,3899,insert_bolts_hand_tighten
2350831,-1648,-13636,7296,-911,-2273,1789,insert_bolts_hand_tighten
2350853,-2408,-13436,6412,4975,-1002,463,insert_bolts_hand_tighten
2350875,-1576,-13616,6448,5191,-1908,-305,insert_bolts_hand_tighten
2350897,-1476,-13420,6400,-1822,-1896,880,insert_bolts_hand_tighten
2350919,-1508,-15432,6640,-5939,-2026,1426,insert_bolts_hand_tighten
2350941,-2568,-17632,6352,-1648,-1835,564,insert_bolts_hand_tighten
2350963,-2736,-14080,7288,6415,265,-372,insert_bolts_hand_tighten
2350985,-2272,-14404,7404,2700,-224,-46,insert_bolts_hand_tighten
2351007,-3004,-14728,6152,92,147,268,insert_bolts_hand_tighten
2351029,-3288,-15208,5560,801,398,542,insert_bolts_hand_tighten
2351051,-3428,-15440,5680,2355,-541,1241,insert_bolts_hand_tighten
2351073,-2664,-14484,7444,6022,-393,1006,insert_bolts_hand_tighten
2351095,-3264,-13888,8040,4326,-629,1009,insert_bolts_hand_tighten
2351117,-2996,-14032,7404,4268,-36,969,insert_bolts_hand_tighten
2351139,-2964,-14724,6880,4567,-318,470,insert_bolts_hand_tighten
2351161,-2664,-15232,7164,6407,276,16,insert_bolts_hand_tighten
2351183,-3272,-15708,7600,7055,-289,100,insert_bolts_hand_tighten
2351205,-3860,-13908,8704,5901,108,-116,insert_bolts_hand_tighten
2351227,-3412,-13260,8832,3472,-335,-420,insert_bolts_hand_tighten
2351249,-2424,-13524,8684,3242,213,-130,insert_bolts_hand_tighten
2351271,-2744,-14340,7844,6010,991,280,insert_bolts_hand_tighten
2351293,-3148,-13676,8048,7542,1797,-92,insert_bolts_hand_tighten
2351315,-2940,-12112,9096,5934,655,-237,insert_bolts_hand_tighten
2351337,-3912,-12152,8740,5219,-73,-302,insert_bolts_hand_tighten
2351359,-2972,-11748,8228,1344,-1746,-250,insert_bolts_hand_tighten
2351381,-2644,-12712,8524,1459,-1581,-294,insert_bolts_hand_tighten
2351403,-2572,-12320,10152,1688,-129,69,insert_bolts_hand_tighten
2351425,-2944,-12540,10528,1744,-708,255,insert_bolts_hand_tighten
2351447,-2900,-12212,10780,-1697,-630,-17,insert_bolts_hand_tighten
2351469,-2660,-13776,11004,-2861,-869,-377,insert_bolts_hand_tighten
2351491,-2260,-13644,10300,-2249,-112,-104,insert_bolts_hand_tighten
2351513,-2588,-13680,10880,-564,-51,787,insert_bolts_hand_tighten
2351535,-3096,-13012,11724,-537,-338,1401,insert_bolts_hand_tighten
2351557,-3280,-12076,11148,7,-493,677,insert_bolts_hand_tighten
2351579,-3300,-11492,9980,-2242,-1576,364,insert_bolts_hand_tighten
2351601,-2704,-12712,9124,-1371,-852,334,insert_bolts_hand_tighten
2351623,-2752,-13268,8776,1250,276,558,insert_bolts_hand_tighten
2351645,-3240,-12540,8668,3119,297,689,insert_bolts_hand_tighten
2351667,-3784,-12088,7884,-1667,42,-135,insert_bolts_hand_tighten
2351689,-3684,-12548,8196,-6062,-520,-754,insert_bolts_hand_tighten
2351711,-2888,-12464,8256,-8071,-921,-1353,insert_bolts_hand_tighten
2351733,-2580,-13260,9000,-10342,-735,-1350,insert_bolts_hand_tighten
2351755,-2592,-14852,9016,-8865,386,-1577,insert_bolts_hand_tighten
2351777,-2376,-13960,9800,-2879,1262,-2237,insert_bolts_hand_tighten
2351799,-2012,-13208,9052,-1322,219,-646,insert_bolts_hand_tighten
2351821,-2544,-14892,6096,-53,-175,-1094,insert_bolts_hand_tighten
2351843,-1860,-15112,7116,623,112,-698,insert_bolts_hand_tighten
2351865,-1340,-10372,8116,281,-259,-38,insert_bolts_hand_tighten
2351887,-3720,-13160,8772,-3920,193,-1274,insert_bolts_hand_tighten
2351909,-2728,-11720,7476,-8205,-156,-1554,insert_bolts_hand_tighten
2351931,-2296,-11696,6648,-12828,-208,-2398,insert_bolts_hand_tighten
2351953,-824,-14104,6500,-17567,-13,-2772,insert_bolts_hand_tighten
2351975,-784,-17080,6208,-16529,555,-2247,insert_bolts_hand_tighten
2351997,-904,-19336,6232,-13429,1889,-896,insert_bolts_hand_tighten
2352019,-2452,-18528,5844,-7907,2635,-836,insert_bolts_hand_tighten
2352041,-2560,-16832,4456,-2759,2012,-369,insert_bolts_hand_tighten
2352063,-2264,-14500,3424,-1701,1129,-105,insert_bolts_hand_tighten
2352085,-2748,-14416,3588,-6665,914,-690,insert_bolts_hand_tighten
2352107,-3400,-16392,3636,-6396,349,-1982,insert_bolts_hand_tighten
2352129,-2408,-13760,3988,-6125,-357,-2593,insert_bolts_hand_tighten
2352151,-1840,-15208,3240,-8432,1295,-1875,insert_bolts_hand_tighten
2352173,-568,-16572,3384,-1983,431,-111,insert_bolts_hand_tighten
2352195,-1412,-16756,3216,1489,215,155,insert_bolts_hand_tighten
2352217,-1240,-16628,4744,2136,-369,626,insert_bolts_hand_tighten
2352239,-1556,-15520,4776,498,245,-142,insert_bolts_hand_tighten
2352261,-1556,-16692,2648,-318,26,-262,insert_bolts_hand_tighten
2352283,-1736,-17748,1440,3326,516,-33,insert_bolts_hand_tighten
2352305,-1836,-18672,2040,7342,522,841,insert_bolts_hand_tighten
2352327,-1780,-16004,3532,8056,350,1882,insert_bolts_hand_tighten
2352349,-1912,-14468,4704,6631,304,1722,insert_bolts_hand_tighten
2352371,-1992,-13976,5044,3651,983,966,insert_bolts_hand_tighten
2352393,-1908,-13520,4700,1082,783,224,insert_bolts_hand_tighten
2352415,-1932,-13824,4660,-2201,864,-34,insert_bolts_hand_tighten
2352437,-1900,-15080,4824,-3888,351,-97,insert_bolts_hand_tighten
2352459,-1780,-15572,4860,-3653,142,-244,insert_bolts_hand_tighten
2352481,-1816,-15392,4576,-3938,46,-417,insert_bolts_hand_tighten
2352503,-1816,-14640,3520,-5176,72,-386,insert_bolts_hand_tighten
2352525,-1864,-14932,2540,-6031,-157,-716,insert_bolts_hand_tighten
2352547,-1676,-16204,2684,-5551,-186,-301,insert_bolts_hand_tighten
2352569,-1444,-16756,3324,-3550,-38,-363,insert_bolts_hand_tighten
2352591,-1320,-17128,2952,-2017,111,-115,insert_bolts_hand_tighten
2352613,-1696,-16620,3144,293,444,-289,insert_bolts_hand_tighten
2352635,-1712,-16372,2552,797,647,-170,insert_bolts_hand_tighten
2352657,-1432,-16084,2120,3260,868,97,insert_bolts_hand_tighten
2352679,-1496,-15468,3224,3585,490,742,insert_bolts_hand_tighten
2352701,-1540,-14812,3824,517,173,376,insert_bolts_hand_tighten
2352723,-1376,-14808,5764,-965,643,-210,insert_bolts_hand_tighten
2352745,-1612,-16352,4764,-1535,25,-366,insert_bolts_hand_tighten
2352767,-1484,-16368,4224,53,577,132,insert_bolts_hand_tighten
2352789,-1956,-13848,2848,758,824,84,insert_bolts_hand_tighten
2352811,-1976,-15900,3564,682,659,252,insert_bolts_hand_tighten
2352833,-1564,-15948,3476,-867,448,267,insert_bolts_hand_tighten
2352855,-1468,-16648,4108,-640,701,86,insert_bolts_hand_tighten
2352877,-1800,-17400,4308,2081,530,79,insert_bolts_hand_tighten
2352899,-1772,-17880,4648,5559,1044,490,insert_bolts_hand_tighten
2352921,-1988,-16456,4392,6205,518,1161,insert_bolts_hand_tighten
2352943,-2168,-15324,4772,6875,996,851,insert_bolts_hand_tighten
2352965,-1776,-14312,4984,5041,-266,922,insert_bolts_hand_tighten
2352987,-2016,-14596,4348,2301,104,-306,insert_bolts_hand_tighten
2353009,-1808,-14832,4388,1439,51,-771,insert_bolts_hand_tighten
2353031,-1836,-15200,4688,1719,-430,-840,insert_bolts_hand_tighten
2353053,-1556,-15788,4976,1962,-595,-148,insert_bolts_hand_tighten
2353075,-1648,-15272,6368,2380,-485,238,insert_bolts_hand_tighten
2353097,-1700,-14952,6276,2636,-1095,771,insert_bolts_hand_tighten
2353119,-1956,-15152,4296,4857,-688,1412,insert_bolts_hand_tighten
2353141,-2276,-19084,4492,7653,-647,2198,insert_bolts_hand_tighten
2353163,-2012,-16928,5840,13804,-213,3257,insert_bolts_hand_tighten
2353185,-2104,-15276,6376,18251,-1419,4853,insert_bolts_hand_tighten
2353207,-2964,-11652,7052,15314,-1904,4748,insert_bolts_hand_tighten
2353229,-3096,-11720,7444,12918,-3187,3579,insert_bolts_hand_tighten
2353251,-2752,-12124,7264,11890,-4696,3642,insert_bolts_hand_tighten
2353273,-2476,-11916,6256,11061,-4229,2908,insert_bolts_hand_tighten
2353295,-1540,-13836,8968,14553,-3838,3040,insert_bolts_hand_tighten
2353317,-2296,-12596,14372,13737,-2162,3455,insert_bolts_hand_tighten
2353339,-2312,-10628,14312,10876,-1710,2465,insert_bolts_hand_tighten
2353361,-2908,-11216,12640,9606,-679,308,insert_bolts_hand_tighten
2353383,-2256,-10368,12124,9283,-346,-363,insert_bolts_hand_tighten
2353405,-1884,-9380,13376,8585,-1087,143,insert_bolts_hand_tighten
2353427,-2168,-8852,13712,4545,31,167,insert_bolts_hand_tighten
2353449,-1704,-8028,13400,-1652,-16,-426,insert_bolts_hand_tighten
2353471,-1632,-9676,13044,-8058,-349,-440,insert_bolts_hand_tighten
2353493,-1676,-11332,12492,-9190,-301,-225,insert_bolts_hand_tighten
2353515,-1380,-12564,13256,-4369,-4,1927,insert_bolts_hand_tighten
2353537,-2080,-14396,10712,1142,-1493,1683,insert_bolts_hand_tighten
2353559,-2012,-10480,12212,4793,-692,788,insert_bolts_hand_tighten
2353581,-2380,-9024,13340,84,-798,1086,insert_bolts_hand_tighten
2353603,-2688,-9608,12700,-3839,-296,981,insert_bolts_hand_tighten
2353625,-3400,-11620,10760,-4256,233,764,insert_bolts_hand_tighten
2353647,-3296,-11732,9008,-2712,-228,1344,insert_bolts_hand_tighten
2353669,-3504,-14200,9548,-735,87,1643,insert_bolts_hand_tighten
2353691,-3216,-12700,11124,1486,-473,1595,insert_bolts_hand_tighten
2353713,-2948,-10300,12080,-563,-454,2133,insert_bolts_hand_tighten
2353735,-3040,-11028,11544,-2820,-42,2169,insert_bolts_hand_tighten
2353757,-2948,-12612,11556,-1360,1400,1169,insert_bolts_hand_tighten
2353779,-2432,-13228,12252,1735,1283,1094,insert_bolts_hand_tighten
2353801,-2908,-11944,11864,4802,1337,-18,insert_bolts_hand_tighten
2353823,-2720,-9844,11544,4515,97,-210,insert_bolts_hand_tighten
2353845,-2644,-10976,10920,4333,-545,-269,insert_bolts_hand_tighten
2353867,-2592,-10932,11224,3465,-1238,-127,insert_bolts_hand_tighten
2353889,-3512,-12632,11336,4128,-983,-430,insert_bolts_hand_tighten
2353911,-3404,-9776,11088,4198,-1877,-563,insert_bolts_hand_tighten
2353933,-2588,-9304,12956,-1819,-1996,985,insert_bolts_hand_tighten
2353955,-2912,-9516,13624,-3176,-833,-80,insert_bolts_hand_tighten
2353977,-2644,-11756,12468,458,-282,-1912,insert_bolts_hand_tighten
2353999,-1408,-10796,12488,2318,-259,-2505,insert_bolts_hand_tighten
2354021,-2500,-10832,12888,3251,2388,-2066,insert_bolts_hand_tighten
2354043,-2160,-8244,12620,3752,222,-1777,insert_bolts_hand_tighten
2354065,-1280,-7420,13448,575,-1074,-2101,insert_bolts_hand_tighten
2354087,-1384,-9824,14848,-1042,-15,-2863,insert_bolts_hand_tighten
2354109,-496,-7912,15760,-1892,546,-3885,insert_bolts_hand_tighten
2354131,-820,-10716,14104,-1526,2192,-3806,insert_bolts_hand_tighten
2354153,-616,-8656,13076,-545,2176,-2998,insert_bolts_hand_tighten
2354175,-1052,-9336,14128,-5219,3092,-1466,insert_bolts_hand_tighten
2354197,-884,-10544,14308,-8949,1794,2125,insert_bolts_hand_tighten
2354219,-2556,-13068,12100,-5802,2402,2893,insert_bolts_hand_tighten
2354241,-3324,-14888,10984,-872,1073,4119,insert_bolts_hand_tighten
2354263,-4752,-13944,10124,4107,-523,3954,insert_bolts_hand_tighten
2354285,-4780,-10924,9784,4274,-3767,3503,insert_bolts_hand_tighten
2354307,-3596,-9836,9240,3622,-5589,4059,insert_bolts_hand_tighten
2354329,-2472,-10080,8576,-386,-3918,4757,insert_bolts_hand_tighten
2354351,-2440,-11708,11940,755,-1294,2381,insert_bolts_hand_tighten
2354373,-2288,-10152,14848,247,1417,-296,insert_bolts_hand_tighten
2354395,-2788,-11728,12532,5469,741,-2408,insert_bolts_hand_tighten
2354417,-1776,-8604,12212,3202,-2172,-3144,insert_bolts_hand_tighten
2354439,-1212,-8892,12780,-92,-1010,-3764,insert_bolts_hand_tighten
2354461,-612,-7340,14824,-2746,635,-4212,insert_bolts_hand_tighten
2354483,-1100,-10412,14512,-4148,801,-4099,insert_bolts_hand_tighten
2354505,-516,-7328,14348,-4155,1490,-4883,insert_bolts_hand_tighten
2354527,272,-9516,14076,-7100,4403,-4976,insert_bolts_hand_tighten
2354549,-176,-9600,14724,-7827,5894,-3046,insert_bolts_hand_tighten
2354571,-2048,-13420,14760,-6146,3550,624,insert_bolts_hand_tighten
2354593,-3544,-13736,9856,-1894,-1277,3409,insert_bolts_hand_tighten
2354615,-4296,-14376,7972,-3218,-2081,5482,insert_bolts_hand_tighten
2354637,-4540,-14836,9140,-1121,-1072,5764,insert_bolts_hand_tighten
2354659,-4148,-14968,9216,652,-3068,5425,insert_bolts_hand_tighten
2354681,-4044,-14100,8948,3959,-4232,4162,insert_bolts_hand_tighten
2354703,-2068,-7620,11156,4132,-4065,1740,insert_bolts_hand_tighten
2354725,-2700,-8172,12236,1202,-572,-2074,insert_bolts_hand_tighten
2354747,-472,-7984,11840,-406,-1718,-3241,insert_bolts_hand_tighten
2354769,0,-9024,13888,-3141,1368,-3636,insert_bolts_hand_tighten
2354791,-92,-12328,16148,-4497,2247,-3325,insert_bolts_hand_tighten
2354813,-1024,-9896,14960,-778,1921,-5486,insert_bolts_hand_tighten
2354835,536,-9276,12376,-3677,2803,-3724,insert_bolts_hand_tighten
2354857,-1040,-12700,10352,-2854,4606,-2826,insert_bolts_hand_tighten
2354879,-680,-12536,12136,-2817,6356,-515,insert_bolts_hand_tighten
2354901,-3904,-14152,14136,1153,3367,3785,insert_bolts_hand_tighten
2354923,-5232,-15616,9364,2832,-3469,7356,insert_bolts_hand_tighten
2354945,-5300,-15588,5956,4042,-7215,7858,insert_bolts_hand_tighten
2354967,-3852,-14744,7020,6946,-7332,6222,insert_bolts_hand_tighten
2354989,-2664,-6504,8472,10138,-5462,2128,insert_bolts_hand_tighten
2355011,-880,-1456,14668,421,-172,-347,insert_bolts_hand_tighten
2355033,-2028,-10072,12420,-7798,752,-2013,insert_bolts_hand_tighten
2355055,-1240,-10680,11312,-1352,2089,-5864,insert_bolts_hand_tighten
2355077,136,-9836,14152,259,986,-4219,insert_bolts_hand_tighten
2355099,-788,-10052,17320,-5895,-538,-2042,insert_bolts_hand_tighten
2355121,-384,-9788,17868,-3748,1584,-2609,insert_bolts_hand_tighten
2355143,-776,-12244,12200,-2122,-1571,-3459,insert_bolts_hand_tighten
2355165,-284,-6640,8576,-5331,347,-3768,insert_bolts_hand_tighten
2355187,1332,-13192,8948,-7402,5704,-2248,insert_bolts_hand_tighten
2355209,-1080,-11224,14540,-5304,7391,1719,insert_bolts_hand_tighten
2355231,-3648,-15808,14416,15,143,5983,insert_bolts_hand_tighten
2355253,-5408,-16752,6656,5939,-4195,6454,insert_bolts_hand_tighten
2355275,-4732,-12640,4308,7212,-8605,5453,insert_bolts_hand_tighten
2355297,-3228,-12536,7316,7797,-5484,3649,insert_bolts_hand_tighten
2355319,-456,-7972,13212,2562,-3359,2507,insert_bolts_hand_tighten
2355341,-2796,-10024,14924,-6880,-130,213,insert_bolts_hand_tighten
2355363,-1836,-12212,13300,-5719,-188,-609,insert_bolts_hand_tighten
2355385,-860,-14536,10684,-1117,-1427,-484,insert_bolts_hand_tighten
2355407,-2776,-9904,11700,-1949,3564,-3830,insert_bolts_hand_tighten
2355429,604,-7084,17024,-6600,774,-304,insert_bolts_hand_tighten
2355451,-684,-9564,15492,-6914,2317,491,insert_bolts_hand_tighten
2355473,-1308,-12604,11884,-9282,2165,-2002,insert_bolts_hand_tighten
2355495,-860,-14172,8784,1,2324,-3807,insert_bolts_hand_tighten
2355517,-32,-14656,9776,9559,1674,-3346,insert_bolts_hand_tighten
2355539,-368,-10020,11648,11624,3076,-2903,insert_bolts_hand_tighten
2355561,-144,-8316,11304,6549,1207,-1152,insert_bolts_hand_tighten
2355583,-920,-10168,9948,3224,860,-780,insert_bolts_hand_tighten
2355605,-1448,-11412,9540,-963,-171,-923,insert_bolts_hand_tighten
2355627,-1956,-10812,10148,-4860,62,-1373,insert_bolts_hand_tighten
2355649,-1304,-10140,10260,-8798,-70,-882,insert_bolts_hand_tighten
2355671,-2184,-11628,9684,-11648,-2044,284,insert_bolts_hand_tighten
2355693,-2044,-9416,9592,-14586,-669,-1049,insert_bolts_hand_tighten
2355715,-1080,-8948,8436,-21187,-410,-2112,insert_bolts_hand_tighten
2355737,-1024,-14260,6712,-27946,1758,-3685,insert_bolts_hand_tighten
2355759,-508,-19228,6132,-25506,2072,-3414,insert_bolts_hand_tighten
2355781,-604,-22444,6844,-11904,1376,-2307,insert_bolts_hand_tighten
2355803,-400,-17168,10036,-2341,879,-171,insert_bolts_hand_tighten
2355825,-840,-12160,10440,-4355,2793,-959,insert_bolts_hand_tighten
2355847,-1388,-12152,8160,-12894,2234,-679,insert_bolts_hand_tighten
2355869,-1564,-18668,4548,-15246,1452,670,insert_bolts_hand_tighten
2355891,-2216,-22856,3972,-2062,1525,430,insert_bolts_hand_tighten
2355913,-1940,-18272,7336,4627,1226,1466,insert_bolts_hand_tighten
2355935,-1764,-13708,8736,1368,1534,1343,insert_bolts_hand_tighten
2355957,-796,-11796,7960,-6926,1134,-1040,insert_bolts_hand_tighten
2355979,148,-14848,4272,-12981,429,-2207,insert_bolts_hand_tighten
2356001,540,-19656,1444,-3744,-299,-2347,insert_bolts_hand_tighten
2356023,808,-16892,3884,5326,6,-827,insert_bolts_hand_tighten
2356045,152,-13100,6192,3195,-1331,-1619,insert_bolts_hand_tighten
2356067,288,-11700,6248,-4304,-1331,-2914,insert_bolts_hand_tighten
2356089,24,-13372,3800,-8145,-2351,-2890,insert_bolts_hand_tighten
2356111,120,-14120,2804,-10504,-2684,-2565,insert_bolts_hand_tighten
2356133,-16,-17284,2112,-10773,-2627,-2767,insert_bolts_hand_tighten
2356155,260,-18416,3080,-5162,-2586,-2124,insert_bolts_hand_tighten
2356177,-164,-17004,3172,-1499,-2230,-1681,insert_bolts_hand_tighten
2356199,-112,-16236,2788,-1479,-2795,-1514,insert_bolts_hand_tighten
2356221,-12,-16644,2296,1111,-761,-2421,insert_bolts_hand_tighten
2356243,328,-17048,804,4619,673,-3335,insert_bolts_hand_tighten
2356265,1404,-15776,1664,7469,1658,-2448,insert_bolts_hand_tighten
2356287,1176,-14432,3352,3578,1392,-276,insert_bolts_hand_tighten
2356309,704,-14332,4112,-456,573,667,insert_bolts_hand_tighten
2356331,1236,-14912,3664,-4389,-743,1496,insert_bolts_hand_tighten
2356353,1424,-17984,2044,-2778,-871,620,insert_bolts_hand_tighten
2356375,868,-17500,2216,-156,-879,1469,insert_bolts_hand_tighten
2356397,108,-17632,2220,1312,-520,2079,insert_bolts_hand_tighten
2356419,-36,-15620,2752,1211,-1665,1652,insert_bolts_hand_tighten
2356441,696,-14600,4256,-4905,-526,1408,insert_bolts_hand_tighten
2356463,-1060,-19124,2476,-4266,152,213,insert_bolts_hand_tighten
2356485,-676,-18628,2260,-290,429,326,insert_bolts_hand_tighten
2356507,-628,-15332,2964,-3557,2425,917,insert_bolts_hand_tighten
2356529,712,-13680,6740,-5991,2382,31,insert_bolts_hand_tighten
2356551,1620,-15304,7468,-1968,2024,-1282,insert_bolts_hand_tighten
2356573,1908,-14404,6220,-274,1538,-1243,insert_bolts_hand_tighten
2356595,1096,-13160,3140,-1149,1830,-2601,insert_bolts_hand_tighten
2356617,1228,-13720,1648,-2350,531,-2989,insert_bolts_hand_tighten
2356639,1692,-14212,2176,-2515,810,-2782,insert_bolts_hand_tighten
2356661,1480,-15588,3828,-132,718,-3442,insert_bolts_hand_tighten
2356683,1256,-13500,5352,3555,615,-3340,insert_bolts_hand_tighten
2356705,1416,-12092,4872,5777,1960,-4801,insert_bolts_hand_tighten
2356727,2840,-10152,5152,2168,4607,-5789,insert_bolts_hand_tighten
2356749,4152,-5408,6568,-4796,10443,-9436,insert_bolts_hand_tighten
2356771,4744,-10144,5876,-10230,13814,-11428,insert_bolts_hand_tighten
2356793,6184,-12828,4324,-8987,17953,-13018,insert_bolts_hand_tighten
2356815,6824,-14204,3612,-5750,22439,-14283,insert_bolts_hand_tighten
2356837,6228,-13124,4228,-5922,23947,-14834,insert_bolts_hand_tighten
2356859,6500,-13708,4796,-6236,22853,-15413,insert_bolts_hand_tighten
2356881,6260,-15604,3552,-1284,25431,-16933,insert_bolts_hand_tighten
2356903,5672,-16460,3028,12254,27318,-19508,insert_bolts_hand_tighten
2356925,4256,-13024,1768,15498,26101,-20259,insert_bolts_hand_tighten
2356947,5228,-13264,2112,12799,20729,-18878,insert_bolts_hand_tighten
2356969,5944,-13428,3612,22218,23042,-20939,insert_bolts_hand_tighten
2356991,5052,-11644,5244,30511,20232,-20850,insert_bolts_hand_tighten
2357013,7280,-11640,7500,24865,9981,-18956,insert_bolts_hand_tighten
2357035,10828,-15340,7792,20810,5645,-19926,insert_bolts_hand_tighten
2357057,13008,-13568,8668,23525,4427,-18532,insert_bolts_hand_tighten
2357079,11348,-10972,10240,25647,-2635,-15417,insert_bolts_hand_tighten
2357101,14304,-9900,11632,23892,-4895,-10992,insert_bolts_hand_tighten
2357123,14556,-11108,12848,20716,-2154,-11300,insert_bolts_hand_tighten
2357145,15036,-9012,14600,19452,-581,-9346,insert_bolts_hand_tighten
2357167,13664,-7148,15560,16532,-2565,-6174,insert_bolts_hand_tighten
2357189,13556,-6284,14452,13877,-4800,-3961,insert_bolts_hand_tighten
2357211,13236,-5912,13492,13793,-4327,-4361,insert_bolts_hand_tighten
2357233,12344,-2552,13396,14549,-3162,-3260,insert_bolts_hand_tighten
2357255,12388,508,12392,9582,-4420,-2974,insert_bolts_hand_tighten
2357277,13160,596,11100,5233,-4386,-2547,insert_bolts_hand_tighten
2357299,13684,-1168,11788,6093,-4470,-1940,insert_bolts_hand_tighten
2357321,13712,-292,11804,8140,-1852,-1646,insert_bolts_hand_tighten
2357343,13008,1372,12264,3849,-1845,-1131,insert_bolts_hand_tighten
2357365,12860,232,12252,-821,-3889,-1063,insert_bolts_hand_tighten
2357387,13500,-180,11880,-1821,-4102,-302,insert_bolts_hand_tighten
2357409,14436,-644,12640,2156,-803,42,insert_bolts_hand_tighten
2357431,12968,-864,12684,1672,2307,493,insert_bolts_hand_tighten
2357453,13424,-144,12520,576,1427,496,insert_bolts_hand_tighten
2357475,13948,-2844,13736,1378,1434,929,insert_bolts_hand_tighten
2357497,13276,-592,13836,5460,2907,3137,insert_bolts_hand_tighten
2357519,12616,64,13440,3620,3182,4214,insert_bolts_hand_tighten
2357541,13588,-3660,13960,5642,3270,5841,insert_bolts_hand_tighten
2357563,14996,-1440,14540,8026,4967,7315,insert_bolts_hand_tighten
2357585,15036,-256,16384,4715,8772,8971,insert_bolts_hand_tighten
2357607,14704,-1932,17816,-2804,9093,9626,insert_bolts_hand_tighten
2357629,16620,-4036,18700,-5403,11341,11705,insert_bolts_hand_tighten
2357651,17520,-5232,20868,-11690,13569,13893,insert_bolts_hand_tighten
2357673,17772,-6316,20032,-24105,13849,15348,insert_bolts_hand_tighten
2357695,17580,-8392,16956,-32768,8019,18603,insert_bolts_hand_tighten
2357717,16960,-12384,12564,-32768,2228,23870,insert_bolts_hand_tighten
2357739,14632,-14220,9572,-32768,-402,28422,insert_bolts_hand_tighten
2357761,11460,-15700,5596,-32768,-6449,32767,insert_bolts_hand_tighten
2357783,7892,-14492,1296,-32768,-12248,32767,insert_bolts_hand_tighten
2357805,4384,-12928,1100,-32768,-16508,32767,insert_bolts_hand_tighten
2357827,2308,-12884,2080,-27107,-18060,30922,insert_bolts_hand_tighten
2357849,1908,-10696,2908,-18707,-19169,28314,insert_bolts_hand_tighten
2357871,1156,-6496,3484,-18454,-16931,22544,insert_bolts_hand_tighten
2357893,596,-7752,6064,-17486,-14421,18027,insert_bolts_hand_tighten
2357915,12,-10748,7644,-11053,-13022,14998,insert_bolts_hand_tighten
2357937,452,-10356,6920,-2335,-13631,12673,insert_bolts_hand_tighten
2357959,1400,-7500,6136,476,-10748,7853,insert_bolts_hand_tighten
2357981,2040,-10284,6256,1659,-7901,3609,insert_bolts_hand_tighten
2358003,2728,-13544,5916,7987,-4439,51,insert_bolts_hand_tighten
2358025,3056,-10808,6052,12769,-2012,-824,insert_bolts_hand_tighten
2358047,2428,-11404,5352,8232,-1455,-495,insert_bolts_hand_tighten
2358069,1460,-14984,4304,3833,-1295,-2626,insert_bolts_hand_tighten
2358091,980,-15244,3832,4283,161,-4126,insert_bolts_hand_tighten
2358113,-340,-15380,2860,6297,949,-4231,insert_bolts_hand_tighten
2358135,-916,-14684,3000,7219,721,-3877,insert_bolts_hand_tighten
2358157,116,-17284,3380,6746,-154,-3833,insert_bolts_hand_tighten
2358179,2196,-19608,6196,328,-1718,-457,insert_bolts_hand_tighten
2358201,176,-17768,5600,4768,-1045,-776,insert_bolts_hand_tighten
2358223,-508,-17096,3824,4088,-228,411,insert_bolts_hand_tighten
2358245,-844,-16016,4124,7287,-162,196,insert_bolts_hand_tighten
2358267,-772,-15076,5872,5711,-1152,379,insert_bolts_hand_tighten
2358289,-80,-15236,7732,1394,-3543,-336,insert_bolts_hand_tighten
2358311,672,-13000,8372,-2667,-4599,-1605,insert_bolts_hand_tighten
2358333,792,-12476,6648,-5041,-4854,-1009,insert_bolts_hand_tighten
2358355,400,-14428,3752,-4639,-1921,-637,insert_bolts_hand_tighten
2358377,244,-15164,3488,-5261,922,77,insert_bolts_hand_tighten
2358399,860,-15316,4676,-3599,260,-817,insert_bolts_hand_tighten
2358421,744,-19660,1652,1387,-694,-979,insert_bolts_hand_tighten
2358443,512,-26548,-768,19431,1637,-2526,insert_bolts_hand_tighten
2358465,1228,-19444,1008,31401,5139,-1148,insert_bolts_hand_tighten
2358487,980,-11260,7120,31419,5469,1979,insert_bolts_hand_tighten
2358509,-348,-8772,9360,20640,940,4041,insert_bolts_hand_tighten
2358531,1292,-9988,12272,10614,-3568,3327,insert_bolts_hand_tighten
2358553,260,-10880,10884,6003,-1186,404,insert_bolts_hand_tighten
2358575,1064,-12920,10332,7441,-1399,-1142,insert_bolts_hand_tighten
2358597,-48,-11396,10692,7862,-1683,-1171,insert_bolts_hand_tighten
2358619,664,-10644,11612,1067,-4085,-418,insert_bolts_hand_tighten
2358641,1440,-8848,12972,-10751,-4962,-298,insert_bolts_hand_tighten
2358663,1656,-10128,10596,-19332,-3917,-357,insert_bolts_hand_tighten
2358685,876,-11792,7852,-24156,-2515,-718,insert_bolts_hand_tighten
2358707,2004,-17928,7192,-17584,-468,-1958,insert_bolts_hand_tighten
2358729,1820,-20964,4972,-5180,2447,-1652,insert_bolts_hand_tighten
2358751,1120,-17760,6896,1201,3259,730,insert_bolts_hand_tighten
2358773,404,-15716,8468,2079,1321,1951,insert_bolts_hand_tighten
2358795,120,-13876,7944,-478,-2049,2193,insert_bolts_hand_tighten
2358817,740,-11408,7408,-6024,33,2098,insert_bolts_hand_tighten
2358839,80,-11436,6080,-11201,2024,1501,insert_bolts_hand_tighten
2358861,-664,-15788,4696,-13287,1871,1663,insert_bolts_hand_tighten
2358883,-204,-22280,2592,-941,2333,521,insert_bolts_hand_tighten
2358905,540,-25632,1352,20573,1350,46,insert_bolts_hand_tighten
2358927,-12,-19588,2996,32767,2301,-57,insert_bolts_hand_tighten
2358949,-768,-11272,4680,32767,538,461,insert_bolts_hand_tighten
2358971,1368,-4152,10748,17548,-1369,1959,insert_bolts_hand_tighten
2358993,1504,-10532,11776,4810,-3996,2630,insert_bolts_hand_tighten
2359015,768,-10040,11536,-5257,-5111,3086,insert_bolts_hand_tighten
2359037,2076,-12712,12680,-5008,-2357,-1039,insert_bolts_hand_tighten
2359059,1176,-8768,12724,-3061,-679,-4438,insert_bolts_hand_tighten
2359081,984,-5568,12416,-3130,3452,-6677,insert_bolts_hand_tighten
2359103,40,-6348,12316,-10388,2151,-7596,insert_bolts_hand_tighten
2359125,1888,-9792,13144,-13638,1800,-8925,insert_bolts_hand_tighten
2359147,2636,-13548,9840,-13571,1739,-7926,insert_bolts_hand_tighten
2359169,2276,-14776,7256,-18079,326,-3085,insert_bolts_hand_tighten
2359191,2168,-21556,3444,-14439,-2058,-309,insert_bolts_hand_tighten
2359213,1264,-21480,1448,-4535,-1483,2113,insert_bolts_hand_tighten
2359235,1028,-23528,3176,4935,-3011,4847,insert_bolts_hand_tighten
2359257,1432,-19276,5192,11859,-4653,6816,insert_bolts_hand_tighten
2359279,1948,-15904,9312,13294,-4584,9617,insert_bolts_hand_tighten
2359301,1352,-16564,10908,18580,-5558,6621,insert_bolts_hand_tighten
2359323,1068,-2388,11956,14437,1830,883,insert_bolts_hand_tighten
2359345,1492,-6984,10928,-666,5363,-1827,insert_bolts_hand_tighten
2359367,-360,-8276,9896,413,8831,-6354,insert_bolts_hand_tighten
2359389,1440,-12832,13144,5065,4800,-8001,insert_bolts_hand_tighten
2359411,996,-10952,14648,-296,110,-6969,insert_bolts_hand_tighten
2359433,2324,-11532,12520,-10045,-4036,-6473,insert_bolts_hand_tighten
2359455,2312,-16372,7948,-12540,-3305,-6414,insert_bolts_hand_tighten
2359477,3948,-20896,3744,-6197,-3737,-2145,insert_bolts_hand_tighten
2359499,5380,-20020,6380,4976,-2236,6257,insert_bolts_hand_tighten
2359521,2376,-15964,8544,6551,317,9379,insert_bolts_hand_tighten
2359543,1524,-12868,10836,2849,-1234,9635,insert_bolts_hand_tighten
2359565,92,-10716,9072,-1235,-2153,6229,insert_bolts_hand_tighten
2359587,844,-8892,9532,2427,703,-464,insert_bolts_hand_tighten
2359609,100,-9532,8464,3543,2944,-2696,insert_bolts_hand_tighten
2359631,136,-10148,9032,1980,4402,-5077,insert_bolts_hand_tighten
2359653,1476,-10552,9640,789,2797,-6146,insert_bolts_hand_tighten
2359675,2524,-11452,11824,-2553,979,-5416,insert_bolts_hand_tighten
2359697,2584,-11996,13308,-4941,202,-3383,insert_bolts_hand_tighten
2359719,3204,-12388,10932,-9197,-4893,-592,insert_bolts_hand_tighten
2359741,3424,-13596,9168,-13200,-2466,710,insert_bolts_hand_tighten
2359763,2668,-13704,10256,-13472,-343,2820,insert_bolts_hand_tighten
2359785,996,-15156,9992,-12771,-3178,4536,insert_bolts_hand_tighten
2359807,1660,-19288,7408,-5657,-6671,4791,insert_bolts_hand_tighten
2359829,2304,-22332,2540,6720,-3537,2680,insert_bolts_hand_tighten
2359851,1616,-16576,3736,16314,2801,4071,insert_bolts_hand_tighten
2359873,876,-13732,7272,17998,3045,5519,insert_bolts_hand_tighten
2359895,-20,-10080,8780,9528,-595,3923,insert_bolts_hand_tighten
2359917,580,-11828,9868,265,-1844,902,insert_bolts_hand_tighten
2359939,1592,-13024,10164,-1350,-400,-1240,insert_bolts_hand_tighten
2359961,2492,-14788,10756,2642,353,-1948,insert_bolts_hand_tighten
2359983,1848,-14072,10440,7470,85,-1542,insert_bolts_hand_tighten
2360005,1180,-11780,9484,3790,-657,-741,insert_bolts_hand_tighten
2360027,1860,-11544,10244,699,385,-266,insert_bolts_hand_tighten
2360049,2000,-11816,10172,-1370,-94,-234,insert_bolts_hand_tighten
2360071,1896,-11500,9656,-4307,1139,-461,insert_bolts_hand_tighten
2360093,1632,-12156,9576,-8062,1722,-704,insert_bolts_hand_tighten
2360115,1260,-13596,9324,-9155,1576,-1266,insert_bolts_hand_tighten
2360137,1496,-14816,9132,-6037,1794,-2064,insert_bolts_hand_tighten
2360159,1392,-15176,9104,-2822,2476,-2220,insert_bolts_hand_tighten
2360181,1984,-14660,9892,-1402,2589,-1902,insert_bolts_hand_tighten
2360203,1908,-14388,9696,-1335,2052,-1375,insert_bolts_hand_tighten
2360225,1004,-14672,9196,160,2915,-2320,insert_bolts_hand_tighten
2360247,1076,-13680,8716,1563,2231,-2247,insert_bolts_hand_tighten
2360269,1516,-13336,8676,90,963,-1383,insert_bolts_hand_tighten
2360291,1668,-14024,9292,-2275,396,-976,insert_bolts_hand_tighten
2360313,1424,-14364,9116,-3557,281,-1269,insert_bolts_hand_tighten
2360335,1656,-14376,8972,-1567,-678,-1401,insert_bolts_hand_tighten
2360357,1912,-13552,7780,401,-1293,-112,insert_bolts_hand_tighten
2360379,2164,-13164,7536,141,-330,1220,insert_bolts_hand_tighten
2360401,1828,-13908,8308,-537,474,1134,insert_bolts_hand_tighten
2360423,2192,-15016,9368,2952,798,958,insert_bolts_hand_tighten
2360445,1720,-13652,9132,6462,-92,1303,insert_bolts_hand_tighten
2360467,1824,-13464,8204,6612,-2330,1612,insert_bolts_hand_tighten
2360489,2404,-12736,8908,3838,-1164,1410,insert_bolts_hand_tighten
2360511,1988,-12128,9760,447,456,310,insert_bolts_hand_tighten
2360533,1824,-14068,10076,1042,1038,-179,insert_bolts_hand_tighten
2360555,1668,-14800,9700,4119,327,-160,insert_bolts_hand_tighten
2360577,2140,-14164,9816,6488,-317,631,insert_bolts_hand_tighten
2360599,2000,-13100,10000,5985,-588,1905,insert_bolts_hand_tighten
2360621,1580,-13144,9748,2956,38,2027,insert_bolts_hand_tighten
2360643,1532,-14180,9776,2958,1044,864,insert_bolts_hand_tighten
2360665,836,-12872,10832,4460,1353,-138,insert_bolts_hand_tighten
2360687,896,-10680,11480,3281,519,-338,insert_bolts_hand_tighten
2360709,1628,-10120,12648,-1016,449,-737,insert_bolts_hand_tighten
2360731,1968,-10708,12176,-4994,627,-756,insert_bolts_hand_tighten
2360753,1804,-11728,9940,-6213,1281,-950,insert_bolts_hand_tighten
2360775,1608,-13204,10288,-5867,3331,-882,insert_bolts_hand_tighten
2360797,1172,-12024,11596,-5873,2777,-636,insert_bolts_hand_tighten
2360819,984,-12804,10740,-5693,-879,-449,insert_bolts_hand_tighten
2360841,1760,-11272,9828,-8212,-3168,-455,insert_bolts_hand_tighten
2360863,2036,-9972,7560,-13551,-3269,-752,insert_bolts_hand_tighten
2360885,3048,-13112,6572,-17730,-1647,249,insert_bolts_hand_tighten
2360907,3352,-18180,5908,-15023,993,-390,insert_bolts_hand_tighten
2360929,2480,-18816,6584,-7956,1516,263,insert_bolts_hand_tighten
2360951,1924,-16244,7204,-2025,609,499,insert_bolts_hand_tighten
2360973,1452,-14228,7028,-682,-355,208,insert_bolts_hand_tighten
2360995,1264,-13088,6256,-2775,-229,20,insert_bolts_hand_tighten
2361017,1572,-13392,6208,-6581,886,-63,insert_bolts_hand_tighten
2361039,1904,-15768,6164,-5913,1873,358,insert_bolts_hand_tighten
2361061,1908,-17308,6452,-2263,2706,832,insert_bolts_hand_tighten
2361083,1920,-15772,6884,643,2172,1227,insert_bolts_hand_tighten
2361105,1616,-15648,6256,1437,1227,1427,insert_bolts_hand_tighten
2361127,1696,-13864,6044,539,1569,800,insert_bolts_hand_tighten
2361149,1824,-14960,5588,-989,1974,220,insert_bolts_hand_tighten
2361171,1792,-15640,6544,417,2805,-537,insert_bolts_hand_tighten
2361193,1656,-16996,7156,3871,2671,-542,insert_bolts_hand_tighten
2361215,1132,-17296,7668,9656,1102,-1235,insert_bolts_hand_tighten
2361237,720,-15496,6580,10871,-1083,-1134,insert_bolts_hand_tighten
2361259,904,-13404,6748,7988,-1937,-1319,insert_bolts_hand_tighten
2361281,908,-12544,7824,2579,-2522,-1749,insert_bolts_hand_tighten
2361303,752,-11856,8604,-1035,-3409,-2314,insert_bolts_hand_tighten
2361325,3576,-12452,8520,-8618,-5115,1177,insert_bolts_hand_tighten
2361347,2172,-15096,6888,-11122,-1209,2072,insert_bolts_hand_tighten
2361369,2684,-15960,7688,-10545,-2691,3427,insert_bolts_hand_tighten
2361391,2672,-17056,7980,-10442,-1243,2840,insert_bolts_hand_tighten
2361413,2164,-16220,6760,-5223,-115,959,insert_bolts_hand_tighten
2361435,2252,-13912,6980,-657,382,936,insert_bolts_hand_tighten
2361457,1388,-12772,6540,-6870,-870,1773,insert_bolts_hand_tighten
2361479,1364,-12876,4896,-12208,-1300,-29,insert_bolts_hand_tighten
2361501,1508,-14104,4580,-16744,-688,519,insert_bolts_hand_tighten
2361523,1500,-16652,4912,-16215,-495,-182,insert_bolts_hand_tighten
2361545,2268,-16212,2860,-9703,-1985,-402,insert_bolts_hand_tighten
2361567,1580,-15512,2680,-8116,330,-310,insert_bolts_hand_tighten
2361589,1000,-17016,532,-4915,-4,-749,insert_bolts_hand_tighten
2361611,768,-19844,-2336,3785,-1019,-636,insert_bolts_hand_tighten
2361633,1272,-19016,4,15511,763,-926,insert_bolts_hand_tighten
2361655,2828,-15208,5568,17010,-2620,837,insert_bolts_hand_tighten
2361677,1092,-13464,6388,387,-175,1779,insert_bolts_hand_tighten
2361699,3124,-17044,3836,217,583,110,insert_bolts_hand_tighten
2361721,2204,-17368,3224,5982,1271,507,insert_bolts_hand_tighten
2361743,1252,-15352,3164,6840,953,1692,insert_bolts_hand_tighten
2361765,1068,-14548,4840,4706,-672,2179,insert_bolts_hand_tighten
2361787,1236,-13244,5640,2730,-1748,1076,insert_bolts_hand_tighten
2361809,1636,-14140,5616,-564,-2302,673,insert_bolts_hand_tighten
2361831,1888,-15444,2840,-135,-1382,359,insert_bolts_hand_tighten
2361853,1600,-20288,3696,-2430,-671,2161,insert_bolts_hand_tighten
2361875,2228,-16920,5708,4488,1344,965,insert_bolts_hand_tighten
2361897,1944,-17220,6424,6957,-1646,2724,insert_bolts_hand_tighten
2361919,1304,-14208,7148,8339,-1642,2218,insert_bolts_hand_tighten
2361941,1000,-12660,7640,3003,-386,1664,insert_bolts_hand_tighten
2361963,1568,-14400,7100,332,-1789,1118,insert_bolts_hand_tighten
2361985,828,-16256,7000,2453,-1088,-167,insert_bolts_hand_tighten
2362007,1952,-15564,8048,4591,-2297,-743,insert_bolts_hand_tighten
2362029,1676,-15028,7544,4170,-1741,-661,insert_bolts_hand_tighten
2362051,940,-14144,6112,4084,-1500,-472,insert_bolts_hand_tighten
2362073,264,-14672,3900,-655,-1973,1447,insert_bolts_hand_tighten
2362095,1096,-16500,6028,2045,-115,242,insert_bolts_hand_tighten
2362117,836,-16556,5360,5800,-429,25,insert_bolts_hand_tighten
2362139,960,-17836,6224,13276,2547,-934,insert_bolts_hand_tighten
2362161,784,-14732,10144,19484,1018,-1232,insert_bolts_hand_tighten
2362183,2564,-12260,10036,8903,541,3692,insert_bolts_hand_tighten
2362205,736,-13640,9784,3960,2912,2016,insert_bolts_hand_tighten
2362227,1464,-20240,11752,15795,-1071,749,insert_bolts_hand_tighten
2362249,2536,-13596,8740,19543,97,3143,insert_bolts_hand_tighten
2362271,2384,-7960,9624,15322,1310,3751,insert_bolts_hand_tighten
2362293,716,-7092,8140,6726,1819,3233,insert_bolts_hand_tighten
2362315,1848,-9348,14920,1028,2524,2516,insert_bolts_hand_tighten
2362337,444,-9476,13336,-2887,2101,1021,insert_bolts_hand_tighten
2362359,-996,-12480,11544,-3328,-81,360,insert_bolts_hand_tighten
2362381,1412,-11520,11276,-1262,95,955,insert_bolts_hand_tighten
2362403,-284,-12616,11608,-378,1198,489,insert_bolts_hand_tighten
2362425,-272,-11540,12404,-678,332,34,insert_bolts_hand_tighten
2362447,-664,-10632,12512,-3473,1254,-459,insert_bolts_hand_tighten
2362469,-208,-9540,13368,-7794,970,-299,insert_bolts_hand_tighten
2362491,-48,-11232,12552,-10566,342,-885,insert_bolts_hand_tighten
2362513,536,-15344,11040,-4156,-214,-1695,insert_bolts_hand_tighten
2362535,752,-14316,10016,2575,902,-690,insert_bolts_hand_tighten
2362557,652,-12316,10532,2510,1281,443,insert_bolts_hand_tighten
2362579,320,-11556,10380,1977,-1080,484,insert_bolts_hand_tighten
2362601,1000,-11392,10140,435,-1783,-246,insert_bolts_hand_tighten
2362623,1260,-12628,10012,125,-1579,-989,insert_bolts_hand_tighten
2362645,1104,-13188,10852,-637,-1021,-1394,insert_bolts_hand_tighten
2362667,1108,-11936,11272,790,158,-1597,insert_bolts_hand_tighten
2362689,1220,-12256,11312,-780,-49,-489,insert_bolts_hand_tighten
2362711,296,-12644,10512,-1228,497,-197,insert_bolts_hand_tighten
2362733,588,-11420,9708,-3516,-302,-868,insert_bolts_hand_tighten
2362755,796,-11116,10008,-9008,97,-395,insert_bolts_hand_tighten
2362777,1168,-13344,10300,-10138,-61,-124,insert_bolts_hand_tighten
2362799,604,-18052,9136,-1472,772,-1566,insert_bolts_hand_tighten
2362821,992,-17012,9864,6588,1937,-868,insert_bolts_hand_tighten
2362843,-8,-13232,10148,3416,1087,-1318,insert_bolts_hand_tighten
2362865,380,-10408,10804,-4701,-628,-2729,insert_bolts_hand_tighten
2362887,1176,-9676,11108,-9495,391,-4314,insert_bolts_hand_tighten
2362909,1224,-11568,11644,-13415,677,-3735,insert_bolts_hand_tighten
2362931,1208,-12484,10220,-12934,263,-3919,insert_bolts_hand_tighten
2362953,1652,-14960,8648,-11052,-1059,-2837,insert_bolts_hand_tighten
2362975,2596,-13956,7228,-5835,871,-1833,insert_bolts_hand_tighten
2362997,1972,-13220,6724,833,1664,420,insert_bolts_hand_tighten
2363019,2088,-15024,8236,-2009,760,2196,insert_bolts_hand_tighten
2363041,1188,-12928,7616,-8676,428,825,insert_bolts_hand_tighten
2363063,1452,-15960,6368,-8886,-81,361,insert_bolts_hand_tighten
2363085,1556,-17832,6720,-1484,1749,-578,insert_bolts_hand_tighten
2363107,1636,-16208,7628,5429,2532,-230,insert_bolts_hand_tighten
2363129,1752,-14848,8980,7496,2222,566,insert_bolts_hand_tighten
2363151,716,-12400,9156,3881,1403,-315,insert_bolts_hand_tighten
2363173,1260,-13848,8356,-230,-146,-310,insert_bolts_hand_tighten
2363195,1184,-14980,6932,1539,-589,-617,insert_bolts_hand_tighten
2363217,1724,-13372,6864,277,-1234,204,insert_bolts_hand_tighten
2363239,1864,-14400,7688,-1045,-1732,1479,insert_bolts_hand_tighten
2363261,2628,-14008,8720,-1739,-2065,1403,insert_bolts_hand_tighten
2363283,2308,-13692,9212,-2465,-8,469,insert_bolts_hand_tighten
2363305,2052,-15244,8812,-481,-1050,428,insert_bolts_hand_tighten
2363327,2536,-14808,8760,1105,-1125,793,insert_bolts_hand_tighten
2363349,2376,-15760,8844,-244,-1692,1309,insert_bolts_hand_tighten
2363371,1624,-15060,8416,-1501,-2785,364,insert_bolts_hand_tighten
2363393,2288,-12500,8548,579,-1207,-1671,insert_bolts_hand_tighten
2363415,3076,-11752,8576,329,-391,-1767,insert_bolts_hand_tighten
2363437,3680,-11036,10608,-3771,1612,-1830,insert_bolts_hand_tighten
2363459,4320,-11792,9924,-7226,2430,-2316,insert_bolts_hand_tighten
2363481,3732,-13024,8784,-8016,5616,-3356,insert_bolts_hand_tighten
2363503,3740,-11648,7140,-6533,7710,-5010,insert_bolts_hand_tighten
2363525,3292,-11136,6396,-7409,10286,-5153,insert_bolts_hand_tighten
2363547,2588,-10720,6352,-7663,13009,-6376,insert_bolts_hand_tighten
2363569,2672,-10624,6636,-6199,13713,-8429,insert_bolts_hand_tighten
2363591,2676,-10716,6780,-5443,13741,-11223,insert_bolts_hand_tighten
2363613,2964,-10564,6956,-4375,13375,-13978,insert_bolts_hand_tighten
2363635,3788,-9748,6312,-4423,13260,-15726,insert_bolts_hand_tighten
2363657,4540,-10200,5464,-4360,14980,-16921,insert_bolts_hand_tighten
2363679,4832,-10440,5120,-8422,16677,-17591,insert_bolts_hand_tighten
2363701,5740,-11164,4860,-12982,17416,-18843,insert_bolts_hand_tighten
2363723,7336,-15936,3120,-13084,20259,-18840,insert_bolts_hand_tighten
2363745,7096,-19740,3256,-6038,22285,-19380,insert_bolts_hand_tighten
2363767,7160,-17180,4140,-951,19449,-17942,insert_bolts_hand_tighten
2363789,6592,-14736,4696,3737,17418,-16904,insert_bolts_hand_tighten
2363811,6332,-13304,3060,6499,14667,-15408,insert_bolts_hand_tighten
2363833,7276,-13728,3360,8500,11327,-13918,insert_bolts_hand_tighten
2363855,7544,-14080,5012,11091,10304,-13983,insert_bolts_hand_tighten
2363877,7288,-12696,6800,14430,9678,-14399,insert_bolts_hand_tighten
2363899,7964,-11584,7488,14720,7096,-14224,insert_bolts_hand_tighten
2363921,8824,-11564,8692,13722,5046,-13886,insert_bolts_hand_tighten
2363943,10116,-11148,8800,13165,3784,-13790,insert_bolts_hand_tighten
2363965,10844,-11944,9504,17139,790,-12330,insert_bolts_hand_tighten
2363987,11644,-10232,11640,16844,136,-10117,insert_bolts_hand_tighten
2364009,12072,-9812,12460,14387,-265,-9463,insert_bolts_hand_tighten
2364031,12376,-8504,12140,12083,-1273,-8018,insert_bolts_hand_tighten
2364053,13100,-8592,12380,11010,-1494,-6333,insert_bolts_hand_tighten
2364075,13512,-9264,12916,13319,-292,-4833,insert_bolts_hand_tighten
2364097,12868,-6868,12764,13429,930,-3214,insert_bolts_hand_tighten
2364119,11472,-5896,12928,9600,-166,-2228,insert_bolts_hand_tighten
2364141,11356,-5620,13924,5841,-1980,-1480,insert_bolts_hand_tighten
2364163,12260,-5840,13984,2532,-2233,-1976,insert_bolts_hand_tighten
2364185,12372,-5096,13292,1917,-128,-1328,insert_bolts_hand_tighten
2364207,11452,-5084,12840,1651,-178,-69,insert_bolts_hand_tighten
2364229,11596,-4728,12272,3692,722,1330,insert_bolts_hand_tighten
2364251,11732,-4136,12852,5839,-351,2369,insert_bolts_hand_tighten
2364273,10660,-2576,12676,5187,-46,1271,insert_bolts_hand_tighten
2364295,11276,-1744,12384,2475,-888,-85,insert_bolts_hand_tighten
2364317,11340,-2088,12012,385,-1221,-1443,insert_bolts_hand_tighten
2364339,11824,-1560,11448,-1444,-1218,-1886,insert_bolts_hand_tighten
2364361,12012,-2384,14276,-6261,2782,-1459,insert_bolts_hand_tighten
2364383,11588,-4272,13492,-5057,2404,-2167,insert_bolts_hand_tighten
2364405,12528,-3328,13992,-4179,3572,-852,insert_bolts_hand_tighten
2364427,10748,-4220,13324,-4912,2403,-938,insert_bolts_hand_tighten
2364449,11304,-3160,12920,-4717,2657,-680,insert_bolts_hand_tighten
2364471,10760,-3868,13384,-1804,1902,815,insert_bolts_hand_tighten
2364493,10496,-3468,13864,-1460,1014,777,insert_bolts_hand_tighten
2364515,10384,-3596,12600,-1479,1143,-214,insert_bolts_hand_tighten
2364537,10192,-4532,12628,915,771,1046,insert_bolts_hand_tighten
2364559,10240,-4508,12968,1935,555,1798,insert_bolts_hand_tighten
2364581,10368,-3596,13356,483,683,810,insert_bolts_hand_tighten
2364603,10244,-4104,13292,-639,109,136,insert_bolts_hand_tighten
2364625,10564,-4416,13664,231,-117,169,insert_bolts_hand_tighten
2364647,9820,-4144,13780,-304,-294,20,insert_bolts_hand_tighten
2364669,9920,-3852,13984,-2254,-849,-308,insert_bolts_hand_tighten
2364691,10568,-4872,13712,-525,-1160,-119,insert_bolts_hand_tighten
2364713,9968,-4240,13136,-500,-1233,133,insert_bolts_hand_tighten
2364735,10164,-4108,12804,-1345,-2699,318,insert_bolts_hand_tighten
2364757,11756,-4308,12500,-2435,-3480,377,insert_bolts_hand_tighten
2364779,12740,-6360,10028,-113,-5059,1511,insert_bolts_hand_tighten
2364801,15752,-3184,9548,-899,-2459,3791,insert_bolts_hand_tighten
2364823,13252,-8756,13204,-5376,1461,4868,insert_bolts_hand_tighten
2364845,14832,-6912,13544,-5738,1471,5975,insert_bolts_hand_tighten
2364867,14680,-8228,10476,-14333,-449,6033,insert_bolts_hand_tighten
2364889,16856,-14928,10460,-11413,301,9683,insert_bolts_hand_tighten
2364911,16832,-16232,12536,-2595,1794,14988,insert_bolts_hand_tighten
2364933,14848,-13644,14016,-3910,698,19781,insert_bolts_hand_tighten
2364955,14016,-14232,12136,-10851,-3900,21399,insert_bolts_hand_tighten
2364977,12700,-14932,10008,-15314,-10645,23398,insert_bolts_hand_tighten
2364999,12556,-13896,9908,-16627,-12255,25623,insert_bolts_hand_tighten
2365021,9408,-13792,9380,-17048,-13431,28240,insert_bolts_hand_tighten
2365043,7460,-13704,8232,-15851,-16103,29742,insert_bolts_hand_tighten
2365065,6508,-15160,6796,-14348,-18360,30350,insert_bolts_hand_tighten
2365087,5568,-14212,6980,-11391,-19008,29860,insert_bolts_hand_tighten
2365109,4924,-12920,5620,-9560,-18404,29286,insert_bolts_hand_tighten
2365131,4296,-12108,5124,-8298,-16035,27867,insert_bolts_hand_tighten
2365153,3892,-11776,4512,-9390,-14328,25133,insert_bolts_hand_tighten
2365175,4464,-11932,5760,-7501,-12866,22202,insert_bolts_hand_tighten
2365197,3364,-10992,6540,-4414,-11373,20209,insert_bolts_hand_tighten
2365219,3364,-10004,6684,-579,-10329,16814,insert_bolts_hand_tighten
2365241,3756,-8712,5456,496,-8912,13422,insert_bolts_hand_tighten
2365263,3860,-9056,5360,106,-5164,9713,insert_bolts_hand_tighten
2365285,3172,-10424,6256,2347,-3169,6202,insert_bolts_hand_tighten
2365307,2688,-10024,5600,4805,-2025,3663,insert_bolts_hand_tighten
2365329,1604,-11644,5056,5530,-521,2193,insert_bolts_hand_tighten
2365351,684,-11464,5504,5855,400,799,insert_bolts_hand_tighten
2365373,828,-12432,6032,2441,-1136,817,insert_bolts_hand_tighten
2365395,596,-14040,5188,804,-1866,-11,insert_bolts_hand_tighten
2365417,752,-14396,4748,-2904,-2434,-108,insert_bolts_hand_tighten
2365439,-28,-17252,4176,-269,-1320,-1395,insert_bolts_hand_tighten
2365461,1708,-13380,7536,1047,-631,-1276,insert_bolts_hand_tighten
2365483,-48,-17808,4960,1347,-649,-1171,insert_bolts_hand_tighten
2365505,-756,-16524,4092,3867,-618,-1123,insert_bolts_hand_tighten
2365527,-24,-14696,5488,2729,-277,-316,insert_bolts_hand_tighten
2365549,-784,-15088,4632,1249,-652,-396,insert_bolts_hand_tighten
2365571,-636,-15556,3932,3123,234,-518,insert_bolts_hand_tighten
2365593,-320,-17056,5232,5978,1730,-357,insert_bolts_hand_tighten
2365615,-804,-14532,5780,6131,154,461,insert_bolts_hand_tighten
2365637,-140,-13560,6192,1705,183,908,insert_bolts_hand_tighten
2365659,-136,-15996,5864,2908,724,1484,insert_bolts_hand_tighten
2365681,-412,-15676,6284,4903,2209,2192,insert_bolts_hand_tighten
2365703,-760,-14796,7140,3997,1329,2057,insert_bolts_hand_tighten
2365725,-1112,-14732,6852,3389,1052,1126,insert_bolts_hand_tighten
2365747,-1016,-14704,8024,4260,465,1021,insert_bolts_hand_tighten
2365769,-724,-14212,8888,4546,930,1493,insert_bolts_hand_tighten
2365791,-664,-13312,8532,3391,902,1455,insert_bolts_hand_tighten
2365813,-340,-12728,8868,24,1295,789,insert_bolts_hand_tighten
2365835,84,-12476,9416,-999,2155,-855,insert_bolts_hand_tighten
2365857,332,-10952,9968,-1899,4454,-2909,insert_bolts_hand_tighten
2365879,660,-9400,9764,-3201,7051,-5698,insert_bolts_hand_tighten
2365901,892,-7724,8536,-3961,8897,-8455,insert_bolts_hand_tighten
2365923,804,-6904,7628,-3017,10662,-12384,insert_bolts_hand_tighten
2365945,1836,-6768,7108,-1741,11407,-16489,insert_bolts_hand_tighten
2365967,2780,-6780,6540,-3743,12000,-20182,insert_bolts_hand_tighten
2365989,4216,-7076,6452,-8618,11582,-22428,insert_bolts_hand_tighten
2366011,5580,-9372,6132,-9563,13827,-23592,insert_bolts_hand_tighten
2366033,6300,-12748,6260,-5465,16448,-24928,insert_bolts_hand_tighten
2366055,6636,-13596,6480,-712,17791,-26298,insert_bolts_hand_tighten
2366077,6668,-12024,6276,-2989,17151,-27545,insert_bolts_hand_tighten
2366099,8224,-12936,3168,-6104,16510,-28211,insert_bolts_hand_tighten
2366121,9464,-16380,4204,620,21304,-27465,insert_bolts_hand_tighten
2366143,7988,-18360,6172,6047,20978,-24928,insert_bolts_hand_tighten
2366165,8588,-16544,7388,1258,14239,-21978,insert_bolts_hand_tighten
2366187,9008,-16704,6420,553,12800,-22064,insert_bolts_hand_tighten
2366209,7956,-16192,4544,6098,13579,-22502,insert_bolts_hand_tighten
2366231,10768,-15328,5452,8943,8439,-17480,insert_bolts_hand_tighten
2366253,10744,-15532,7932,7435,7776,-15078,insert_bolts_hand_tighten
2366275,10532,-14640,8912,10320,7461,-14140,insert_bolts_hand_tighten
2366297,10632,-12456,8628,14890,5617,-12722,insert_bolts_hand_tighten
2366319,11824,-11088,8636,14126,1197,-10726,insert_bolts_hand_tighten
2366341,13256,-11092,10668,9559,-151,-9871,insert_bolts_hand_tighten
2366363,13252,-10152,12428,7236,1424,-9355,insert_bolts_hand_tighten
2366385,12872,-9744,11672,6319,1544,-7733,insert_bolts_hand_tighten
2366407,12840,-9992,11612,6357,1207,-5240,insert_bolts_hand_tighten
2366429,12800,-8988,11944,7829,1071,-3213,insert_bolts_hand_tighten
2366451,11944,-7016,11788,7180,652,-1747,insert_bolts_hand_tighten
2366473,11916,-6488,12460,6063,-849,-795,insert_bolts_hand_tighten
2366495,11972,-5424,12136,4419,-880,-797,insert_bolts_hand_tighten
2366517,11996,-5400,12016,4643,326,-908,insert_bolts_hand_tighten
2366539,11280,-4796,11916,4274,788,-548,insert_bolts_hand_tighten
2366561,11152,-4596,11712,3333,264,-346,insert_bolts_hand_tighten
2366583,11384,-4852,11884,3969,-287,-329,insert_bolts_hand_tighten
2366605,11348,-4348,12604,6140,-1283,163,insert_bolts_hand_tighten
2366627,11308,-3272,12244,5126,-1807,-376,insert_bolts_hand_tighten
2366649,12128,-2184,11640,556,-1611,-1227,insert_bolts_hand_tighten
2366671,12268,-4188,11932,-505,-748,-1482,insert_bolts_hand_tighten
2366693,11908,-4292,12040,2682,127,-981,insert_bolts_hand_tighten
2366715,11476,-3104,11692,4191,-38,-618,insert_bolts_hand_tighten
2366737,11984,-2832,12484,3087,-522,-332,insert_bolts_hand_tighten
2366759,11620,-2656,12732,2030,-487,-551,insert_bolts_hand_tighten
2366781,11680,-3076,12216,1236,-569,-798,insert_bolts_hand_tighten
2366803,12436,-3616,12728,1469,79,-609,insert_bolts_hand_tighten
2366825,11444,-2800,12716,1721,119,-441,insert_bolts_hand_tighten
2366847,11544,-2544,12648,2201,-64,-392,insert_bolts_hand_tighten
2366869,12828,-4024,13156,449,217,88,insert_bolts_hand_tighten
2366891,12620,-5132,13032,2632,803,1098,insert_bolts_hand_tighten
2366913,13236,-5348,13824,2654,642,2677,insert_bolts_hand_tighten
2366935,13240,-5700,13772,1852,-1008,4759,insert_bolts_hand_tighten
2366957,16064,-6276,13664,-3164,-1301,7642,insert_bolts_hand_tighten
2366979,17512,-10576,13380,-8697,457,11276,insert_bolts_hand_tighten
2367001,19388,-11640,12372,-7375,1511,16544,insert_bolts_hand_tighten
2367023,19072,-12324,13276,-6211,1602,22558,insert_bolts_hand_tighten
2367045,17712,-12032,13596,-9554,-2123,26625,insert_bolts_hand_tighten
2367067,17436,-12432,13444,-12950,-6668,29075,insert_bolts_hand_tighten
2367089,17012,-13808,11600,-15736,-9606,31248,insert_bolts_hand_tighten
2367111,15448,-16484,9984,-14368,-7988,32696,insert_bolts_hand_tighten
2367133,12436,-13948,8444,-11903,-6455,32767,insert_bolts_hand_tighten
2367155,8200,-12876,7968,-11019,-5607,32767,insert_bolts_hand_tighten
2367177,6376,-13612,7764,-7548,-8408,32767,insert_bolts_hand_tighten
2367199,5308,-11556,5860,-3189,-8053,32767,insert_bolts_hand_tighten
2367221,4548,-10276,6280,-457,-6612,32603,insert_bolts_hand_tighten
2367243,2996,-9484,9224,-386,-6442,31535,insert_bolts_hand_tighten
2367265,2292,-10044,8820,2391,-7052,28920,insert_bolts_hand_tighten
2367287,2760,-8536,6424,4416,-5712,25647,insert_bolts_hand_tighten
2367309,1496,-5336,6928,5482,-3629,21795,insert_bolts_hand_tighten
2367331,1008,-3508,8948,3696,-1301,18031,insert_bolts_hand_tighten
2367353,464,-5516,8912,5220,-2204,13863,insert_bolts_hand_tighten
2367375,740,-5224,8544,7484,-994,9839,insert_bolts_hand_tighten
2367397,324,-5804,9404,7018,-1715,7175,insert_bolts_hand_tighten
2367419,1468,-6104,10856,2299,-3146,6569,insert_bolts_hand_tighten
2367441,-376,-9364,11168,-2763,-2309,4054,insert_bolts_hand_tighten
2367463,-600,-11108,10036,-1610,-293,1955,insert_bolts_hand_tighten
2367485,-1728,-12024,10272,3956,942,748,insert_bolts_hand_tighten
2367507,-1884,-10956,10984,3521,-243,1314,insert_bolts_hand_tighten
2367529,-1736,-10912,10504,-871,-1221,2049,insert_bolts_hand_tighten
2367551,-2112,-12140,11096,-2514,-293,1415,insert_bolts_hand_tighten
2367573,-2528,-14772,10636,-621,325,782,insert_bolts_hand_tighten
2367595,-2988,-13244,10084,2542,896,663,insert_bolts_hand_tighten
2367617,-3528,-12112,9256,2657,729,333,insert_bolts_hand_tighten
2367639,-3300,-12268,9092,2317,-715,274,insert_bolts_hand_tighten
2367661,-2824,-11964,8756,3591,-2026,345,insert_bolts_hand_tighten
2367683,-2472,-11900,10004,5237,-1319,293,insert_bolts_hand_tighten
2367705,-3764,-12008,12992,2152,975,275,insert_bolts_hand_tighten
2367727,-3436,-11764,12628,1192,229,-615,insert_bolts_hand_tighten
2367749,-2920,-13080,11748,1563,501,-173,insert_bolts_hand_tighten
2367771,-2548,-11980,11116,1251,877,-68,insert_bolts_hand_tighten
2367793,-2436,-12888,10428,2260,933,-442,insert_bolts_hand_tighten
2367815,-2820,-11456,10564,3003,906,-78,insert_bolts_hand_tighten
2367837,-3068,-10940,11656,2156,793,-443,insert_bolts_hand_tighten
2367859,-2704,-11860,11172,1934,1077,-1069,insert_bolts_hand_tighten
2367881,-3120,-11844,11392,2828,972,-1260,insert_bolts_hand_tighten
2367903,-3300,-12712,9912,4362,971,-1858,insert_bolts_hand_tighten
2367925,-2660,-10216,11704,3050,546,-734,insert_bolts_hand_tighten
2367947,-3100,-10364,11928,-1013,-15,-1001,insert_bolts_hand_tighten
2367969,-2812,-11348,11108,-804,-544,-731,insert_bolts_hand_tighten
2367991,-2624,-11820,10492,528,-545,-381,insert_bolts_hand_tighten
2368013,-2600,-11428,11280,2612,-920,130,insert_bolts_hand_tighten
2368035,-2516,-11196,13516,205,-671,1191,insert_bolts_hand_tighten
2368057,-2088,-11652,14256,-1857,-722,1159,insert_bolts_hand_tighten
2368079,-2368,-14440,12464,719,-304,836,insert_bolts_hand_tighten
2368101,-2648,-13352,11260,6968,775,1128,insert_bolts_hand_tighten
2368123,-3084,-10808,10776,8173,522,1737,insert_bolts_hand_tighten
2368145,-3132,-9756,9956,6265,-739,1319,insert_bolts_hand_tighten
2368167,-3156,-8196,11448,4020,-1174,827,insert_bolts_hand_tighten
2368189,-2932,-8892,12936,1082,-1579,225,insert_bolts_hand_tighten
2368211,-2224,-8076,13780,-220,-1614,-588,insert_bolts_hand_tighten
2368233,-2288,-10712,12996,751,-2150,-712,insert_bolts_hand_tighten
2368255,-2272,-9920,14084,326,-1644,-472,insert_bolts_hand_tighten
2368277,-2436,-11260,13652,-1706,-2119,81,insert_bolts_hand_tighten
2368299,-2132,-12860,12464,-341,-2406,440,insert_bolts_hand_tighten
2368321,-2948,-11008,12148,432,-1206,290,insert_bolts_hand_tighten
2368343,-2708,-10912,11604,1147,-1866,264,insert_bolts_hand_tighten
2368365,-2120,-9480,13028,2289,-1723,906,insert_bolts_hand_tighten
2368387,-1524,-9140,15076,1332,-1535,1413,insert_bolts_hand_tighten
2368409,-1780,-8908,16612,-1155,-432,955,insert_bolts_hand_tighten
2368431,-1892,-7288,16048,-3640,-724,-424,insert_bolts_hand_tighten
2368453,-1388,-12692,12036,-4797,-1541,-1087,insert_bolts_hand_tighten
2368475,-1568,-13296,11604,2556,1365,-287,insert_bolts_hand_tighten
2368497,-1920,-11560,11744,8552,1376,1908,insert_bolts_hand_tighten
2368519,-3024,-9544,12584,8531,-280,2486,insert_bolts_hand_tighten
2368541,-2128,-8648,15272,9316,-2194,1267,insert_bolts_hand_tighten
2368563,-2148,-8932,13660,7591,-1274,945,insert_bolts_hand_tighten
2368585,-2420,-8996,11500,6481,-725,693,insert_bolts_hand_tighten
2368607,-2324,-7280,12056,2850,-959,872,insert_bolts_hand_tighten
2368629,-2376,-6360,13356,-1202,-1307,506,insert_bolts_hand_tighten
2368651,-1444,-6076,16672,-6126,-1807,-342,insert_bolts_hand_tighten
2368673,-1580,-6504,15632,-10578,-1443,-1692,insert_bolts_hand_tighten
2368695,-1152,-10424,12864,-10714,-1549,-2165,insert_bolts_hand_tighten
2368717,-672,-12404,12468,-4611,644,-1659,insert_bolts_hand_tighten
2368739,-1076,-10492,14348,-269,299,-131,insert_bolts_hand_tighten
2368761,-1096,-9288,14928,-854,-1687,152,insert_bolts_hand_tighten
2368783,-544,-7040,13272,-6039,-2568,1,insert_bolts_hand_tighten
2368805,-1900,-11088,9976,-9533,-2930,-664,insert_bolts_hand_tighten
2368827,-2020,-12684,8128,350,-2488,-1388,insert_bolts_hand_tighten
2368849,-1460,-9412,9696,5636,457,74,insert_bolts_hand_tighten
2368871,-2236,-7364,13880,2466,3648,531,insert_bolts_hand_tighten
2368893,-2468,-11976,14584,-8326,-1345,1330,insert_bolts_hand_tighten
2368915,-968,-14648,13636,421,-2190,56,insert_bolts_hand_tighten
2368937,-588,-15100,13232,11739,-456,1927,insert_bolts_hand_tighten
2368959,-1544,-7060,14112,10323,350,4228,insert_bolts_hand_tighten
2368981,-2264,-4124,16820,2199,-2165,4083,insert_bolts_hand_tighten
2369003,-1044,-2600,17216,-7265,-3536,2946,insert_bolts_hand_tighten
2369025,-184,-8648,14800,-14026,-3581,727,insert_bolts_hand_tighten
2369047,-68,-11728,11340,-13431,-1627,-912,insert_bolts_hand_tighten
2369069,788,-10676,8932,-13934,479,-475,insert_bolts_hand_tighten
2369091,-832,-14264,9948,-9230,3943,-873,insert_bolts_hand_tighten
2369113,-1656,-14136,9392,-4010,2284,-401,insert_bolts_hand_tighten
2369135,-2900,-13440,9288,-813,1578,-695,insert_bolts_hand_tighten
2369157,-2468,-12200,9688,-226,-332,-187,insert_bolts_hand_tighten
2369179,-1528,-12160,10560,-917,-1049,-173,insert_bolts_hand_tighten
2369201,-720,-10016,10884,-1623,242,-882,insert_bolts_hand_tighten
2369223,-908,-11572,11852,-2335,1199,-320,insert_bolts_hand_tighten
2369245,-1124,-14024,12856,566,1018,-399,insert_bolts_hand_tighten
2369267,-1156,-15168,12824,7727,2029,-514,insert_bolts_hand_tighten
2369289,-956,-14292,11384,12677,-645,661,insert_bolts_hand_tighten
2369311,-1072,-9364,11556,11043,-459,1894,insert_bolts_hand_tighten
2369333,-1008,-7956,12056,5633,-2134,865,insert_bolts_hand_tighten
2369355,-336,-8348,11840,6485,-1941,-104,insert_bolts_hand_tighten
2369377,-1456,-12844,13208,15221,-1685,713,insert_bolts_hand_tighten
2369399,-1008,-11840,13184,23135,2266,333,insert_bolts_hand_tighten
2369421,-1188,-6420,15956,21726,1142,2237,insert_bolts_hand_tighten
2369443,-1308,-1692,15928,12798,-176,1928,insert_bolts_hand_tighten
2369465,-924,-4892,16192,8703,615,383,insert_bolts_hand_tighten
2369487,-772,-9372,17960,15069,3615,-171,insert_bolts_hand_tighten
2369509,-1848,-5256,16816,16652,4742,1186,insert_bolts_hand_tighten
2369531,-2688,-3916,16356,11493,1558,827,insert_bolts_hand_tighten
2369553,-1052,-4460,15084,7611,-95,513,insert_bolts_hand_tighten
2369575,-596,-3188,14808,6652,988,1121,insert_bolts_hand_tighten
2369597,-740,-3848,15196,6142,2065,865,insert_bolts_hand_tighten
2369619,-1420,-2220,19668,6666,4256,1291,insert_bolts_hand_tighten
2369641,-2960,-2804,19016,-523,-201,122,insert_bolts_hand_tighten
2369663,-2716,-3736,17928,913,-813,-901,insert_bolts_hand_tighten
2369685,-2072,-1976,15952,1933,-20,-1040,insert_bolts_hand_tighten
2369707,-1800,-1372,16600,-146,1139,-633,insert_bolts_hand_tighten
2369729,-1664,-160,18092,-7238,-336,-465,insert_bolts_hand_tighten
2369751,-2056,-4788,18516,-10388,-1883,-1540,insert_bolts_hand_tighten
2369773,-1588,-5928,17348,-235,-201,-725,insert_bolts_hand_tighten
2369795,-2260,-5796,15272,4006,431,1950,insert_bolts_hand_tighten
2369817,-2260,-3296,15080,2774,-1163,4041,insert_bolts_hand_tighten
2369839,-2752,-4120,14752,331,-2311,5174,insert_bolts_hand_tighten
2369861,-2636,-7120,14716,2318,-3394,4624,insert_bolts_hand_tighten
2369883,-2632,-4024,13288,5637,-3531,3161,insert_bolts_hand_tighten
2369905,-1652,-3284,14560,2040,-1743,2992,insert_bolts_hand_tighten
2369927,-2144,-2152,17112,-205,-1872,4330,insert_bolts_hand_tighten
2369949,-1940,-2500,15672,-859,-3759,3085,insert_bolts_hand_tighten
2369971,-1648,-4716,13612,837,-1334,1279,insert_bolts_hand_tighten
2369993,-1940,-3800,15676,1779,-662,1492,insert_bolts_hand_tighten
2370015,-792,-420,18436,-3444,-779,1928,insert_bolts_hand_tighten
2370037,-228,-3116,18288,-4166,478,-273,insert_bolts_hand_tighten
2370059,-256,-4852,17820,1744,2152,-1598,insert_bolts_hand_tighten
2370081,-1468,-4848,16288,4559,2129,-1197,insert_bolts_hand_tighten
2370103,-696,-1988,17856,927,1122,-186,insert_bolts_hand_tighten
2370125,-1168,-2296,18092,2016,1117,-942,insert_bolts_hand_tighten
2370147,-940,-1808,17784,1665,603,-1133,insert_bolts_hand_tighten
2370169,-548,-2636,17792,1136,86,-1616,insert_bolts_hand_tighten
2370191,-612,-776,17816,-1522,-292,-1985,insert_bolts_hand_tighten
2370213,-456,-184,18248,-10386,-109,-2801,insert_bolts_hand_tighten
2370235,-456,-660,16412,-20380,611,-4243,insert_bolts_hand_tighten
2370257,-932,-6332,14936,-23433,2773,-5035,insert_bolts_hand_tighten
2370279,-1584,-6740,13432,-21896,4702,-4180,insert_bolts_hand_tighten
2370301,-2488,-10736,12500,-15850,2831,-2938,insert_bolts_hand_tighten
2370323,-2280,-10404,13948,-4985,2099,-1986,insert_bolts_hand_tighten
2370345,-2128,-7616,14580,444,1116,653,insert_bolts_hand_tighten
2370367,-1908,-5024,14684,1561,-1144,790,insert_bolts_hand_tighten
2370389,-796,-5128,17104,-2870,-2120,1000,insert_bolts_hand_tighten
2370411,-1772,-6988,14296,-3133,-2119,-333,insert_bolts_hand_tighten
2370433,-756,-9312,15328,584,-617,-512,insert_bolts_hand_tighten
2370455,-1928,-5500,14936,2238,-3,395,insert_bolts_hand_tighten
2370477,-1692,-6164,15064,-369,125,-66,insert_bolts_hand_tighten
2370499,-1040,-6960,15244,-1582,-209,341,insert_bolts_hand_tighten
2370521,-632,-7872,15000,542,-250,869,insert_bolts_hand_tighten
2370543,-948,-8696,15636,3523,1165,1203,insert_bolts_hand_tighten
2370565,-1960,-5756,17300,1396,1103,2076,insert_bolts_hand_tighten
2370587,-2348,-5884,15496,-1720,-352,1134,insert_bolts_hand_tighten
2370609,-1856,-8112,14644,-3082,933,608,insert_bolts_hand_tighten
2370631,-2004,-8528,14672,4664,1029,2482,insert_bolts_hand_tighten
2370653,-2380,-5024,15820,3821,-223,3286,insert_bolts_hand_tighten
2370675,-1784,-6028,14484,-503,-1255,1618,insert_bolts_hand_tighten
2370697,-1236,-7856,12728,-365,-653,1456,insert_bolts_hand_tighten
2370719,-1164,-7320,15032,1985,441,2401,insert_bolts_hand_tighten
2370741,-1396,-7024,16848,-403,411,1853,insert_bolts_hand_tighten
2370763,-1304,-6556,16208,-3720,800,270,insert_bolts_hand_tighten
2370785,-1320,-5380,15396,-6879,971,-1281,insert_bolts_hand_tighten
2370807,-952,-4616,14544,-12547,1219,-2972,insert_bolts_hand_tighten
2370829,-660,-5916,15304,-16955,720,-4002,insert_bolts_hand_tighten
2370851,-744,-8044,14584,-20487,-496,-5159,insert_bolts_hand_tighten
2370873,-832,-9928,12300,-18936,-1686,-4553,insert_bolts_hand_tighten
2370895,-412,-10252,10952,-16319,-1092,-3815,insert_bolts_hand_tighten
2370917,-560,-12568,10640,-15180,-961,-2689,insert_bolts_hand_tighten
2370939,-1056,-12068,13008,-14462,-550,-2369,insert_bolts_hand_tighten
2370961,-1068,-13124,11592,-17226,41,-1398,insert_bolts_hand_tighten
2370983,-1840,-16608,10116,-10806,2301,-3543,insert_bolts_hand_tighten
2371005,-2128,-17068,11216,2219,1664,-3790,insert_bolts_hand_tighten
2371027,-2036,-12404,12124,10804,521,-3693,insert_bolts_hand_tighten
2371049,-1456,-11912,10888,10349,-2763,-1277,insert_bolts_hand_tighten
2371071,-1208,-11064,9596,10430,-7417,49,insert_bolts_hand_tighten
2371093,128,-13960,10592,12945,-7964,1067,insert_bolts_hand_tighten
2371115,-520,-11772,12340,15456,-7156,218,insert_bolts_hand_tighten
2371137,2352,-6780,13768,6067,-9176,2352,insert_bolts_hand_tighten
2371159,2708,-7836,13356,-646,-1455,1022,insert_bolts_hand_tighten
2371181,716,-12148,14968,-932,4933,1734,insert_bolts_hand_tighten
2371203,196,-11532,12972,7836,2874,-212,insert_bolts_hand_tighten
2371225,148,-9132,12532,5739,-872,49,insert_bolts_hand_tighten
2371247,252,-5768,11704,3219,-713,132,insert_bolts_hand_tighten
2371269,2276,-7116,13348,-2132,-108,897,insert_bolts_hand_tighten
2371291,1000,-9412,14752,-2015,515,686,insert_bolts_hand_tighten
2371313,912,-11052,14476,-1010,-76,-163,insert_bolts_hand_tighten
2371335,244,-12008,13452,4058,738,10,insert_bolts_hand_tighten
2371357,716,-8052,14016,2897,1213,-130,insert_bolts_hand_tighten
2371379,-376,-10664,13956,1780,2192,635,insert_bolts_hand_tighten
2371401,-452,-9900,14068,3473,912,833,insert_bolts_hand_tighten
2371423,140,-9904,14140,4278,1692,156,insert_bolts_hand_tighten
2371445,-48,-7360,15192,3338,1426,529,insert_bolts_hand_tighten
2371467,248,-8436,15556,-199,906,214,insert_bolts_hand_tighten
2371489,284,-10408,13920,1101,1627,102,insert_bolts_hand_tighten
2371511,-108,-8648,14104,3741,1404,842,insert_bolts_hand_tighten
2371533,-192,-7332,14020,2004,246,1165,insert_bolts_hand_tighten
2371555,-12,-6896,14236,-517,-494,1176,insert_bolts_hand_tighten
2371577,-40,-10504,13396,704,-868,833,insert_bolts_hand_tighten
2371599,672,-10740,15544,4199,-640,1310,insert_bolts_hand_tighten
2371621,608,-8016,15100,2748,-524,1311,insert_bolts_hand_tighten
2371643,208,-7600,14176,1075,43,1192,insert_bolts_hand_tighten
2371665,152,-10308,13412,2647,-181,1231,insert_bolts_hand_tighten
2371687,-352,-6988,15136,3659,355,777,insert_bolts_hand_tighten
2371709,-204,-6964,14652,2925,-609,826,insert_bolts_hand_tighten
2371731,-384,-7876,14576,2406,418,455,insert_bolts_hand_tighten
2371753,-228,-7492,15076,5075,309,1049,insert_bolts_hand_tighten
2371775,-64,-5728,15708,2549,-166,878,insert_bolts_hand_tighten
2371797,180,-5744,15400,-407,13,280,insert_bolts_hand_tighten
2371819,-280,-9948,13280,741,251,318,insert_bolts_hand_tighten
2371841,-12,-7524,16180,2694,332,781,insert_bolts_hand_tighten
2371863,488,-7100,16560,2650,-9,436,insert_bolts_hand_tighten
2371885,372,-5644,16204,531,-628,-72,insert_bolts_hand_tighten
2371907,820,-5496,15584,-3834,-530,-576,insert_bolts_hand_tighten
2371929,364,-5088,15988,-9852,-1019,-631,insert_bolts_hand_tighten
2371951,-28,-5772,16076,-14019,-2497,-971,insert_bolts_hand_tighten
2371973,100,-5668,12776,-18462,-3996,-709,insert_bolts_hand_tighten
2371995,-48,-7824,11588,-18883,-2728,-1100,insert_bolts_hand_tighten
2372017,-64,-10500,10676,-17184,-2649,-846,insert_bolts_hand_tighten
2372039,44,-16360,10940,-7708,-1843,154,insert_bolts_hand_tighten
2372061,-380,-14920,12572,1058,-1177,1519,insert_bolts_hand_tighten
2372083,272,-9520,13840,2015,-761,1289,insert_bolts_hand_tighten
2372105,-164,-8892,14536,980,297,816,insert_bolts_hand_tighten
2372127,428,-8380,14388,-1562,-567,874,insert_bolts_hand_tighten
2372149,524,-9128,13796,-3657,-16,-171,insert_bolts_hand_tighten
2372171,364,-10428,12196,-3485,-232,-1214,insert_bolts_hand_tighten
2372193,456,-10496,11604,-2487,-438,-1484,insert_bolts_hand_tighten
2372215,704,-11688,11856,-3184,-968,-1170,insert_bolts_hand_tighten
2372237,628,-13304,11676,-2391,-2589,-1034,insert_bolts_hand_tighten
2372259,2348,-10276,12520,2924,-5498,-1654,insert_bolts_hand_tighten
2372281,3120,-9408,13400,738,-3279,-1410,insert_bolts_hand_tighten
2372303,1968,-10088,12164,1735,-1626,738,insert_bolts_hand_tighten
2372325,1508,-9808,12712,-8181,28,2021,insert_bolts_hand_tighten
2372347,628,-16056,11536,-8104,2610,1860,insert_bolts_hand_tighten
2372369,424,-15596,11864,-1221,-1415,159,insert_bolts_hand_tighten
2372391,1112,-9264,13368,-766,681,-1327,insert_bolts_hand_tighten
2372413,1420,-8936,12564,-3748,-994,-426,insert_bolts_hand_tighten
2372435,1920,-8116,11044,-9200,1286,890,insert_bolts_hand_tighten
2372457,1576,-11016,6724,-14582,2720,448,insert_bolts_hand_tighten
2372479,808,-17540,8896,-7774,2312,-514,insert_bolts_hand_tighten
2372501,1536,-13868,14592,302,1581,-903,insert_bolts_hand_tighten
2372523,2120,-11388,12448,-335,-1579,362,insert_bolts_hand_tighten
2372545,1024,-10060,10660,-2169,1626,-574,insert_bolts_hand_tighten
2372567,1728,-14524,10016,-2726,455,-348,insert_bolts_hand_tighten
2372589,2152,-13908,12164,4099,1540,-296,insert_bolts_hand_tighten
2372611,2156,-10348,12760,2948,326,1000,insert_bolts_hand_tighten
2372633,1552,-10548,10920,1482,782,483,insert_bolts_hand_tighten
2372655,1204,-15184,11436,3886,816,355,insert_bolts_hand_tighten
2372677,1360,-12932,11652,6817,1042,1037,insert_bolts_hand_tighten
2372699,672,-9816,13244,2679,1336,1453,insert_bolts_hand_tighten
2372721,324,-11100,11344,109,439,1047,insert_bolts_hand_tighten
2372743,644,-11700,10936,-3010,1291,741,insert_bolts_hand_tighten
2372765,620,-13080,13284,-1763,867,283,insert_bolts_hand_tighten
2372787,620,-12708,12764,-1626,751,-187,insert_bolts_hand_tighten
2372809,624,-13048,10872,2399,849,-43,insert_bolts_hand_tighten
2372831,1492,-10408,10500,5146,225,992,insert_bolts_hand_tighten
2372853,812,-10376,10636,2047,-494,1651,insert_bolts_hand_tighten
2372875,1936,-20016,26988,-2510,-2799,3509,insert_bolts_hand_tighten
2372897,268,-4808,12364,18582,4534,-176,insert_bolts_hand_tighten
2372919,-472,-16784,9704,17489,-5262,4090,insert_bolts_hand_tighten
2372941,-1136,-10004,12220,20966,-55,3268,insert_bolts_hand_tighten
2372963,2520,-2860,17688,10714,-148,2637,insert_bolts_hand_tighten
2372985,2328,-6304,15828,9623,-324,1016,insert_bolts_hand_tighten
2373007,196,-7864,13872,8579,240,546,insert_bolts_hand_tighten
2373029,600,-6748,13948,4843,-157,836,insert_bolts_hand_tighten
2373051,680,-5584,13912,116,1784,1029,insert_bolts_hand_tighten
2373073,472,-5420,13884,-4119,2563,1249,insert_bolts_hand_tighten
2373095,956,-7424,12116,-6662,5349,-385,insert_bolts_hand_tighten
2373117,776,-9960,10544,-7873,6205,-541,insert_bolts_hand_tighten
2373139,-596,-13776,11300,-3825,5973,-762,insert_bolts_hand_tighten
2373161,-680,-11452,13704,300,5662,-380,insert_bolts_hand_tighten
2373183,-1216,-11128,14288,-8,3821,1297,insert_bolts_hand_tighten
2373205,-1324,-8876,13784,1570,2680,458,insert_bolts_hand_tighten
2373227,-1100,-9604,13760,4018,2758,-153,insert_bolts_hand_tighten
2373249,-596,-8508,13460,7487,3525,-54,insert_bolts_hand_tighten
2373271,-1012,-7324,15724,6729,3291,691,insert_bolts_hand_tighten
2373293,-1848,-6364,15992,2230,1449,421,insert_bolts_hand_tighten
2373315,-1464,-9276,15084,1027,2130,-651,insert_bolts_hand_tighten
2373337,-1772,-9564,15148,6029,2295,291,insert_bolts_hand_tighten
2373359,-2360,-7120,15976,5845,340,369,insert_bolts_hand_tighten
2373381,-1272,-6116,16196,1594,-979,-195,insert_bolts_hand_tighten
2373403,-1644,-4968,15556,-1613,-1411,-351,insert_bolts_hand_tighten
2373425,-372,-6224,14108,-6362,-952,-1279,insert_bolts_hand_tighten
2373447,-1000,-9276,13940,-5787,-331,-1870,insert_bolts_hand_tighten
2373469,-1304,-8584,13072,-4988,656,-1157,insert_bolts_hand_tighten
2373491,-2132,-9228,13340,-5468,827,-465,insert_bolts_hand_tighten
2373513,-2172,-9176,14268,-5479,807,-1303,insert_bolts_hand_tighten
2373535,-1768,-8752,14748,-5058,1339,-1663,insert_bolts_hand_tighten
2373557,-1600,-11292,15024,-579,3108,-3232,insert_bolts_hand_tighten
2373579,-1284,-8784,15676,1666,1862,-1756,insert_bolts_hand_tighten
2373601,-1644,-9488,14324,679,1791,-1003,insert_bolts_hand_tighten
2373623,-808,-7988,15200,-48,940,-99,insert_bolts_hand_tighten
2373645,-548,-7448,14244,371,710,303,insert_bolts_hand_tighten
2373667,-1084,-8012,12668,494,1815,561,insert_bolts_hand_tighten
2373689,-48,-8392,13952,-872,1292,716,insert_bolts_hand_tighten
2373711,-872,-7640,14504,-1135,1722,-255,insert_bolts_hand_tighten
2373733,-668,-7460,14368,-3227,2684,-729,insert_bolts_hand_tighten
2373755,-1412,-7044,13396,-7360,2979,-1280,insert_bolts_hand_tighten
2373777,-1780,-6884,11904,-15094,3134,-2522,insert_bolts_hand_tighten
2373799,-1864,-8784,10660,-22055,4213,-4564,insert_bolts_hand_tighten
2373821,-2096,-11464,10244,-24384,5276,-5668,insert_bolts_hand_tighten
2373843,-3240,-15772,9704,-22463,2633,-5056,insert_bolts_hand_tighten
2373865,-2704,-13556,8516,-18744,4720,-5043,insert_bolts_hand_tighten
2373887,-2276,-14608,8740,-13542,3933,-5271,insert_bolts_hand_tighten
2373909,-1520,-14368,9560,-8116,3052,-3074,insert_bolts_hand_tighten
2373931,-2192,-13820,9460,-9360,2611,-2475,insert_bolts_hand_tighten
2373953,-2020,-13668,9692,-9063,1253,-1294,insert_bolts_hand_tighten
2373975,-2000,-15252,8804,-6104,975,-590,insert_bolts_hand_tighten
2373997,-1384,-15380,9192,-816,2922,-160,insert_bolts_hand_tighten
2374019,-1700,-14248,10248,831,1101,1132,insert_bolts_hand_tighten
2374041,-1532,-14760,9248,268,-1162,1632,insert_bolts_hand_tighten
2374063,-940,-15564,7308,2311,-1296,1457,insert_bolts_hand_tighten
2374085,-832,-14224,7752,4222,62,2195,insert_bolts_hand_tighten
2374107,-1652,-13908,9868,3606,724,2943,insert_bolts_hand_tighten
2374129,-2052,-13104,8796,649,-91,2769,insert_bolts_hand_tighten
2374151,-1768,-13416,8484,346,-163,2053,insert_bolts_hand_tighten
2374173,-1500,-13328,7992,1920,935,1349,insert_bolts_hand_tighten
2374195,-1752,-13396,8752,3466,830,1751,insert_bolts_hand_tighten
2374217,-1572,-13828,9428,2497,379,1657,insert_bolts_hand_tighten
2374239,-1896,-15008,9024,4659,-24,1652,insert_bolts_hand_tighten
2374261,-296,-12656,9512,7445,629,2279,insert_bolts_hand_tighten
2374283,-1888,-11784,10588,6453,598,2265,insert_bolts_hand_tighten
2374305,-1812,-10704,10756,3992,1232,876,insert_bolts_hand_tighten
2374327,-1716,-12884,10808,2330,1563,-294,insert_bolts_hand_tighten
2374349,-1700,-13548,10872,3773,3099,-436,insert_bolts_hand_tighten
2374371,-2088,-12796,11852,2614,867,1161,insert_bolts_hand_tighten
2374393,-2876,-13072,9248,1763,-1401,545,insert_bolts_hand_tighten
2374415,-1744,-11912,11968,1345,-108,636,insert_bolts_hand_tighten
2374437,-2528,-12204,12348,2644,142,410,insert_bolts_hand_tighten
2374459,-2140,-12220,12064,2852,190,1168,insert_bolts_hand_tighten
2374481,-2376,-13432,11916,1841,-50,1040,insert_bolts_hand_tighten
2374503,-2324,-11264,11636,2104,-144,731,insert_bolts_hand_tighten
2374525,-2976,-11628,10940,-1440,-119,-84,insert_bolts_hand_tighten
2374547,-2712,-12652,10736,-15,405,112,insert_bolts_hand_tighten
2374569,-2704,-13360,10792,1799,634,1099,insert_bolts_hand_tighten
2374591,-2676,-13232,10656,2044,762,1675,insert_bolts_hand_tighten
2374613,-2840,-12952,10572,2172,844,1778,insert_bolts_hand_tighten
2374635,-3760,-11628,11744,3042,613,1720,insert_bolts_hand_tighten
2374657,-3840,-11308,11704,4868,-398,785,insert_bolts_hand_tighten
2374679,-2648,-11028,11584,4417,-113,808,insert_bolts_hand_tighten
2374701,-2632,-10776,11012,4219,-263,-114,insert_bolts_hand_tighten
2374723,-2380,-10884,11564,2139,-280,-48,insert_bolts_hand_tighten
2374745,-2912,-11216,10576,-761,-1556,-624,insert_bolts_hand_tighten
2374767,-2780,-11816,11476,-2666,-1715,-1914,insert_bolts_hand_tighten
2374789,-2120,-10660,10960,-585,-1621,-1812,insert_bolts_hand_tighten
2374811,-2344,-11780,10904,1969,323,-1042,insert_bolts_hand_tighten
2374833,-2528,-10516,12748,4290,905,-446,insert_bolts_hand_tighten
2374855,-3192,-10196,12784,-603,519,-694,insert_bolts_hand_tighten
2374877,-3056,-8576,12640,-1471,458,-1576,insert_bolts_hand_tighten
2374899,-3224,-9232,12236,-8890,361,-2001,insert_bolts_hand_tighten
2374921,-2212,-9936,10984,-11550,196,-2232,insert_bolts_hand_tighten
2374943,-1908,-14980,11044,-7764,-390,-1688,insert_bolts_hand_tighten
2374965,-1604,-12928,11684,-1365,284,141,insert_bolts_hand_tighten
2374987,-2120,-13256,12492,835,-55,486,insert_bolts_hand_tighten
2375009,-2348,-15388,11052,799,-497,804,insert_bolts_hand_tighten
2375031,-1852,-13360,10764,4784,-29,1208,insert_bolts_hand_tighten
2375053,-2016,-12784,10344,7393,60,1989,insert_bolts_hand_tighten
2375075,-2040,-9736,12368,8200,968,2265,insert_bolts_hand_tighten
2375097,-2500,-10116,12912,4430,300,1718,insert_bolts_hand_tighten
2375119,-2756,-9756,12620,2229,36,819,insert_bolts_hand_tighten
2375141,-2528,-10828,11156,3455,606,-667,insert_bolts_hand_tighten
2375163,-2196,-10448,11364,5878,660,47,insert_bolts_hand_tighten
2375185,-2728,-9320,12176,3558,320,-389,insert_bolts_hand_tighten
2375207,-2876,-7252,12108,3993,-623,-1074,insert_bolts_hand_tighten
2375229,-2068,-9144,11980,-687,-1013,-1569,insert_bolts_hand_tighten
2375251,-1560,-8720,13344,-3211,-432,-1519,insert_bolts_hand_tighten
2375273,-1608,-13456,12052,-44,-301,-1032,insert_bolts_hand_tighten
2375295,-1624,-13692,11872,4906,-666,742,insert_bolts_hand_tighten
2375317,-2432,-10612,12080,8910,-1443,2463,insert_bolts_hand_tighten
2375339,-2944,-9552,13452,6978,-2690,2061,insert_bolts_hand_tighten
2375361,-1532,-6792,14648,2757,-2707,1977,insert_bolts_hand_tighten
2375383,-1988,-9864,14816,2557,-3123,1959,insert_bolts_hand_tighten
2375405,-1176,-12548,13004,5273,-2634,2315,insert_bolts_hand_tighten
2375427,-2320,-10588,12940,11749,-1738,1913,insert_bolts_hand_tighten
2375449,-1564,-8060,13792,10425,-2060,2119,insert_bolts_hand_tighten
2375471,-1492,-7680,15308,5634,-2034,1880,insert_bolts_hand_tighten
2375493,-1612,-7028,16616,2899,-1344,1059,insert_bolts_hand_tighten
2375515,-1492,-6680,16956,1794,-368,-11,insert_bolts_hand_tighten
2375537,-832,-5172,17108,1462,50,1181,insert_bolts_hand_tighten
2375559,-932,-8248,16272,1582,-1029,2093,insert_bolts_hand_tighten
2375581,-952,-11440,15324,6917,-2508,1580,insert_bolts_hand_tighten
2375603,-1336,-5660,16084,7249,-2439,2948,insert_bolts_hand_tighten
2375625,-2684,-5584,15520,812,-5455,3411,insert_bolts_hand_tighten
2375647,-2372,-5524,14032,-1583,-5684,2652,insert_bolts_hand_tighten
2375669,-1848,-7336,12888,-118,-3109,2465,insert_bolts_hand_tighten
2375691,-2260,-9600,13396,4918,-1208,1311,insert_bolts_hand_tighten
2375713,-2684,-5884,15324,6343,-1005,843,insert_bolts_hand_tighten
2375735,-2080,-5188,16208,1848,-1447,1859,insert_bolts_hand_tighten
2375757,-2124,-6584,15096,-303,-2033,1580,insert_bolts_hand_tighten
2375779,-888,-6944,14136,2529,-1062,906,insert_bolts_hand_tighten
2375801,-628,-8428,14396,4893,-247,199,insert_bolts_hand_tighten
2375823,-1096,-5628,15116,5409,-68,285,insert_bolts_hand_tighten
2375845,-664,-5524,15924,5388,-1536,-287,insert_bolts_hand_tighten
2375867,-516,-5304,15960,4161,-1567,-1523,insert_bolts_hand_tighten
2375889,-620,-5496,15084,4725,-1772,-1484,insert_bolts_hand_tighten
2375911,520,-3408,16604,1529,-1139,-298,insert_bolts_hand_tighten
2375933,-440,-4904,16664,-1097,8,-148,insert_bolts_hand_tighten
2375955,-424,-5712,16752,-1367,-684,-921,insert_bolts_hand_tighten
2375977,-152,-4748,16784,290,47,-1968,insert_bolts_hand_tighten
2375999,-344,-3932,15720,275,130,-2096,insert_bolts_hand_tighten
2376021,264,-4676,16380,-1078,7,-1887,insert_bolts_hand_tighten
2376043,248,-3648,16148,-2318,-656,-2429,insert_bolts_hand_tighten
2376065,232,-3560,16468,-5088,948,-3380,insert_bolts_hand_tighten
2376087,112,-5620,16268,-3952,1932,-4276,insert_bolts_hand_tighten
2376109,320,-6244,16496,-2985,1893,-4627,insert_bolts_hand_tighten
2376131,372,-5600,15900,-2827,2245,-3068,insert_bolts_hand_tighten
2376153,328,-5676,16424,-4736,1314,467,insert_bolts_hand_tighten
2376175,-1060,-8680,14792,-3514,2456,2274,insert_bolts_hand_tighten
2376197,-2184,-7608,14976,-2294,1344,3881,insert_bolts_hand_tighten
2376219,-2456,-8660,14320,-2675,-210,4537,insert_bolts_hand_tighten
2376241,-3244,-7628,13892,-1060,-1445,4095,insert_bolts_hand_tighten
2376263,-2476,-7340,12928,528,-1423,3690,insert_bolts_hand_tighten
2376285,-1796,-6592,13348,1595,-825,2994,insert_bolts_hand_tighten
2376307,452,-5956,15524,1807,-1460,3038,insert_bolts_hand_tighten
2376329,-136,-3584,16940,-3789,680,-936,insert_bolts_hand_tighten
2376351,-1100,-7220,15524,713,167,-2387,insert_bolts_hand_tighten
2376373,-408,-6484,15452,2594,-2539,-1541,insert_bolts_hand_tighten
2376395,476,-6112,15240,488,-2740,-1557,insert_bolts_hand_tighten
2376417,1392,-6796,17228,-136,-183,-1608,insert_bolts_hand_tighten
2376439,824,-5156,17360,3129,1187,-2705,insert_bolts_hand_tighten
2376461,236,-6016,16628,3392,2105,-4591,insert_bolts_hand_tighten
2376483,564,-352,17740,274,3827,-5961,insert_bolts_hand_tighten
2376505,1204,-5996,16804,-2616,5053,-4011,insert_bolts_hand_tighten
2376527,-200,-2868,18900,-2664,4223,-958,insert_bolts_hand_tighten
2376549,-1128,-6016,16344,-3091,181,-396,insert_bolts_hand_tighten
2376571,-800,-7108,13640,-2380,57,1028,insert_bolts_hand_tighten
2376593,-700,-7956,14232,-1802,813,4247,insert_bolts_hand_tighten
2376615,-2764,-10016,14248,-1278,-2,5957,insert_bolts_hand_tighten
2376637,-3364,-9832,13908,-496,-3558,5562,insert_bolts_hand_tighten
2376659,-2864,-9284,13148,2538,-4796,3769,insert_bolts_hand_tighten
2376681,-1520,-6516,12464,3900,-3964,2347,insert_bolts_hand_tighten
2376703,1540,-3184,16024,1801,-4498,2463,insert_bolts_hand_tighten
2376725,288,-4436,18000,-807,-322,-1832,insert_bolts_hand_tighten
2376747,168,-4596,16788,2199,-526,-2774,insert_bolts_hand_tighten
2376769,-944,-4856,14924,2637,-1921,-3442,insert_bolts_hand_tighten
2376791,1492,-3332,14960,1339,-2621,-5271,insert_bolts_hand_tighten
2376813,3684,-5032,17904,-2253,-1003,-2857,insert_bolts_hand_tighten
2376835,1528,-6360,18568,-2342,1067,-2536,insert_bolts_hand_tighten
2376857,560,-5040,16660,-1878,-273,-4878,insert_bolts_hand_tighten
2376879,1768,-2424,15524,-7846,361,-4297,insert_bolts_hand_tighten
2376901,892,-7068,14212,-11787,2120,-2994,insert_bolts_hand_tighten
2376923,736,-9276,15940,-7302,2377,899,insert_bolts_hand_tighten
2376945,-1772,-11276,16604,-18,1224,3174,insert_bolts_hand_tighten
2376967,-2648,-7928,14564,1185,-3605,5721,insert_bolts_hand_tighten
2376989,-1804,-9264,11692,1006,-6837,7277,insert_bolts_hand_tighten
2377011,-1172,-11820,11576,1477,-4188,5061,insert_bolts_hand_tighten
2377033,-176,-5348,12404,5766,-4037,1537,insert_bolts_hand_tighten
2377055,2856,-556,18788,-2710,1353,218,insert_bolts_hand_tighten
2377077,724,-8304,15816,379,2320,-2301,insert_bolts_hand_tighten
2377099,856,-5352,18164,4922,383,-1996,insert_bolts_hand_tighten
2377121,1164,-8312,16684,2305,-76,372,insert_bolts_hand_tighten
2377143,1112,-5948,16348,501,-172,-748,insert_bolts_hand_tighten
2377165,1604,-6392,16028,487,960,-2014,insert_bolts_hand_tighten
2377187,828,-4380,15700,550,2880,-4885,insert_bolts_hand_tighten
2377209,2688,-6092,16632,578,5988,-4771,insert_bolts_hand_tighten
2377231,1016,-7460,14228,9685,1425,821,insert_bolts_hand_tighten
2377253,628,-5140,15168,2211,-861,2303,insert_bolts_hand_tighten
2377275,752,-5680,14356,-1849,-3918,1403,insert_bolts_hand_tighten
2377297,1624,-3768,14840,-6311,-1771,423,insert_bolts_hand_tighten
2377319,1448,-5928,15352,-8467,1887,2053,insert_bolts_hand_tighten
2377341,-888,-8940,15368,-4840,2497,3009,insert_bolts_hand_tighten
2377363,-1780,-9012,15212,-1272,1130,3127,insert_bolts_hand_tighten
2377385,-2196,-7780,14232,16,249,3658,insert_bolts_hand_tighten
2377407,-2000,-6572,13972,64,752,3425,insert_bolts_hand_tighten
2377429,-140,-5212,16568,-434,824,1272,insert_bolts_hand_tighten
2377451,616,-6764,17016,-827,-501,-226,insert_bolts_hand_tighten
2377473,-356,-7956,16476,4280,-457,-2764,insert_bolts_hand_tighten
2377495,956,-5772,15316,1005,-3638,-2488,insert_bolts_hand_tighten
2377517,1776,-3708,14648,199,-1133,-4290,insert_bolts_hand_tighten
2377539,4040,-4184,18132,-6809,1751,-1998,insert_bolts_hand_tighten
2377561,340,-7352,16532,-6449,1174,-2436,insert_bolts_hand_tighten
2377583,1776,-6544,15112,-9863,794,-4422,insert_bolts_hand_tighten
2377605,1476,-6316,14920,-7648,1423,-2905,insert_bolts_hand_tighten
2377627,1140,-8804,14664,-3943,338,1974,insert_bolts_hand_tighten
2377649,-1404,-11616,13228,-486,1033,5479,insert_bolts_hand_tighten
2377671,-1768,-10972,12632,-1362,-2627,6986,insert_bolts_hand_tighten
2377693,-1088,-11132,12744,9,-1447,5970,insert_bolts_hand_tighten
2377715,-940,-8684,13196,4664,-241,3431,insert_bolts_hand_tighten
2377737,-376,-5240,15424,7940,3619,-1831,insert_bolts_hand_tighten
2377759,1420,-5436,19532,2332,1125,770,insert_bolts_hand_tighten
2377781,-408,-6684,16296,-2816,-782,-877,insert_bolts_hand_tighten
2377803,864,-8300,14784,-4112,-2486,-2077,insert_bolts_hand_tighten
2377825,880,-7728,12056,-5849,-2228,-2513,insert_bolts_hand_tighten
2377847,4052,-5388,16932,-13184,2104,-2091,insert_bolts_hand_tighten
2377869,1884,-9840,15292,-8574,1718,-1500,insert_bolts_hand_tighten
2377891,2476,-10232,14836,-3430,2175,-1598,insert_bolts_hand_tighten
2377913,780,-10956,14392,-1000,3345,-954,insert_bolts_hand_tighten
2377935,-76,-8624,15108,396,3643,325,insert_bolts_hand_tighten
2377957,-1828,-10668,13700,2694,960,1427,insert_bolts_hand_tighten
2377979,-2336,-11236,12700,5929,-809,1735,insert_bolts_hand_tighten
2378001,-2124,-8384,11720,7356,-1864,2728,insert_bolts_hand_tighten
2378023,-604,-8876,12120,4945,-895,4365,insert_bolts_hand_tighten
2378045,-312,-5708,13888,2583,-1087,2402,insert_bolts_hand_tighten
2378067,1848,-4860,17088,-4517,-24,-413,insert_bolts_hand_tighten
2378089,-604,-9844,15496,-3909,862,-2472,insert_bolts_hand_tighten
2378111,660,-8780,15184,-2075,-3215,-2438,insert_bolts_hand_tighten
2378133,540,-6656,14264,-697,-1456,-4727,insert_bolts_hand_tighten
2378155,3748,-5604,17336,-7972,2242,-2943,insert_bolts_hand_tighten
2378177,444,-11108,14880,-3570,995,-2015,insert_bolts_hand_tighten
2378199,1552,-6520,14240,-5759,2594,-2782,insert_bolts_hand_tighten
2378221,1072,-9700,13172,-4024,3823,-1450,insert_bolts_hand_tighten
2378243,120,-9248,14760,460,3401,1994,insert_bolts_hand_tighten
2378265,-1228,-10576,15332,3099,1141,4639,insert_bolts_hand_tighten
2378287,-2076,-11912,13172,3401,-3044,5982,insert_bolts_hand_tighten
2378309,-2240,-11208,11528,7741,-5007,3459,insert_bolts_hand_tighten
2378331,-952,-6912,12304,7405,-3468,2570,insert_bolts_hand_tighten
2378353,-472,-4868,12336,3494,-1221,938,insert_bolts_hand_tighten
2378375,1416,-6132,17528,-89,2218,485,insert_bolts_hand_tighten
2378397,-224,-8596,15932,-1222,-208,319,insert_bolts_hand_tighten
2378419,-64,-7828,14488,219,-1106,585,insert_bolts_hand_tighten
2378441,476,-7512,14652,-2792,-1766,284,insert_bolts_hand_tighten
2378463,-188,-6524,13788,-3853,-1569,-2293,insert_bolts_hand_tighten
2378485,3640,-8776,15796,-7651,-1001,-2278,insert_bolts_hand_tighten
2378507,260,-8784,13608,-4873,1369,-3396,insert_bolts_hand_tighten
2378529,2812,-6724,14716,-6620,2305,-2833,insert_bolts_hand_tighten
2378551,1360,-11644,13256,-2920,2410,-2033,insert_bolts_hand_tighten
2378573,1516,-9056,14876,333,4339,-1596,insert_bolts_hand_tighten
2378595,-504,-10644,16168,5397,3164,1074,insert_bolts_hand_tighten
2378617,-2388,-10672,13332,7187,-1533,2818,insert_bolts_hand_tighten
2378639,-1500,-9196,11156,6316,-3983,3744,insert_bolts_hand_tighten
2378661,-1252,-10660,11440,4395,-2824,4494,insert_bolts_hand_tighten
2378683,-836,-10188,12056,6559,-3311,2674,insert_bolts_hand_tighten
2378705,1928,-5932,17508,4833,435,117,insert_bolts_hand_tighten
2378727,840,-6252,17284,56,3377,262,insert_bolts_hand_tighten
2378749,-292,-6396,15940,631,-29,664,insert_bolts_hand_tighten
2378771,688,-9700,14468,-2498,-488,45,insert_bolts_hand_tighten
2378793,464,-8840,13752,-2014,874,-1673,insert_bolts_hand_tighten
2378815,-8,-8484,15180,-3436,529,-2209,insert_bolts_hand_tighten
2378837,216,-5376,15140,-5443,857,-2370,insert_bolts_hand_tighten
2378859,76,-7864,15220,-7308,641,-2407,insert_bolts_hand_tighten
2378881,216,-7196,14084,-8947,376,-2309,insert_bolts_hand_tighten
2378903,408,-8548,13692,-14480,-2409,-193,insert_bolts_hand_tighten
2378925,680,-10820,14124,-16624,-362,-220,insert_bolts_hand_tighten
2378947,496,-9544,15212,-14010,-753,125,insert_bolts_hand_tighten
2378969,468,-8036,14840,-13816,1205,-227,insert_bolts_hand_tighten
2378991,224,-8104,12176,-14989,892,-692,insert_bolts_hand_tighten
2379013,592,-14048,11648,-13759,509,-923,insert_bolts_hand_tighten
2379035,1244,-15584,13416,-7494,898,-678,insert_bolts_hand_tighten
2379057,1160,-12384,14184,-7271,268,457,insert_bolts_hand_tighten
2379079,1356,-7772,11724,-16212,-911,581,insert_bolts_hand_tighten
2379101,1652,-9588,7700,-22442,-1339,-63,insert_bolts_hand_tighten
2379123,636,-17496,5436,-19641,-229,-657,insert_bolts_hand_tighten
2379145,1108,-19108,8460,-8907,695,-690,insert_bolts_hand_tighten
2379167,1884,-12460,11052,-8351,627,786,insert_bolts_hand_tighten
2379189,1640,-12040,9888,-12258,-709,183,insert_bolts_hand_tighten
2379211,1732,-11976,7020,-14151,-993,-697,insert_bolts_hand_tighten
2379233,1388,-13176,5028,-16911,-1045,-1105,insert_bolts_hand_tighten
2379255,2172,-16324,5176,-13857,-1400,-1566,insert_bolts_hand_tighten
2379277,2704,-17180,6100,-5814,-493,-1764,insert_bolts_hand_tighten
2379299,1936,-16992,5084,3175,-194,-1783,insert_bolts_hand_tighten
2379321,1840,-16428,5568,10036,424,-2039,insert_bolts_hand_tighten
2379343,1584,-15672,6540,14147,589,-2392,insert_bolts_hand_tighten
2379365,1436,-12460,8328,12255,813,-3065,insert_bolts_hand_tighten
2379387,3212,-7992,10532,1806,3091,-4603,insert_bolts_hand_tighten
2379409,2840,-10840,7448,2369,3384,-5124,insert_bolts_hand_tighten
2379431,4124,-9252,6972,2070,5878,-7336,insert_bolts_hand_tighten
2379453,4804,-11112,6672,1541,12001,-9595,insert_bolts_hand_tighten
2379475,4368,-9748,7296,615,13364,-11320,insert_bolts_hand_tighten
2379497,4100,-8628,7756,-2477,14668,-12313,insert_bolts_hand_tighten
2379519,3840,-8424,7844,-4795,14663,-13702,insert_bolts_hand_tighten
2379541,3988,-9816,7892,-3514,14005,-16092,insert_bolts_hand_tighten
2379563,4812,-12020,7172,-3507,12796,-18753,insert_bolts_hand_tighten
2379585,5560,-11916,6348,-5757,11628,-20189,insert_bolts_hand_tighten
2379607,5544,-11316,5856,-6087,11295,-21340,insert_bolts_hand_tighten
2379629,6540,-11372,6168,-3625,12119,-22121,insert_bolts_hand_tighten
2379651,6980,-12132,6004,-1462,11860,-22268,insert_bolts_hand_tighten
2379673,8240,-12372,5932,-8778,9035,-21830,insert_bolts_hand_tighten
2379695,9700,-12244,5252,-14858,8694,-21576,insert_bolts_hand_tighten
2379717,10144,-14380,5428,-8090,12869,-22169,insert_bolts_hand_tighten
2379739,9932,-14828,6308,34,13880,-21501,insert_bolts_hand_tighten
2379761,9784,-14048,6848,437,9584,-19542,insert_bolts_hand_tighten
2379783,10892,-14184,6176,-3118,7703,-18790,insert_bolts_hand_tighten
2379805,12076,-14368,7320,-168,10211,-18931,insert_bolts_hand_tighten
2379827,11760,-13168,8280,2523,11470,-17477,insert_bolts_hand_tighten
2379849,11840,-13276,9776,2159,10101,-15368,insert_bolts_hand_tighten
2379871,11540,-13304,8840,470,9460,-14795,insert_bolts_hand_tighten
2379893,12168,-12396,9432,2353,6668,-12584,insert_bolts_hand_tighten
2379915,12244,-11460,9592,5831,10431,-12741,insert_bolts_hand_tighten
2379937,11164,-11032,9492,8551,9015,-10779,insert_bolts_hand_tighten
2379959,11344,-9912,10848,8331,6415,-8429,insert_bolts_hand_tighten
2379981,11352,-9800,10184,7147,5073,-7079,insert_bolts_hand_tighten
2380003,11376,-8932,11012,8579,5195,-5966,insert_bolts_hand_tighten
2380025,11568,-8572,11836,9945,4333,-4106,insert_bolts_hand_tighten
2380047,11892,-8504,11556,12359,3858,-1902,insert_bolts_hand_tighten
2380069,12012,-7676,11264,15362,3601,525,insert_bolts_hand_tighten
2380091,11356,-6612,12204,16841,4655,2869,insert_bolts_hand_tighten
2380113,11128,-6268,12488,17476,4261,4507,insert_bolts_hand_tighten
2380135,11168,-4784,13368,17732,5233,4974,insert_bolts_hand_tighten
2380157,10588,-3824,13648,14731,1375,4050,insert_bolts_hand_tighten
2380179,11124,-2416,12624,14401,1418,1892,insert_bolts_hand_tighten
2380201,10272,1172,13192,8077,1409,711,insert_bolts_hand_tighten
2380223,10964,-868,12748,5539,-414,-447,insert_bolts_hand_tighten
2380245,11576,-1528,12288,9015,-136,-545,insert_bolts_hand_tighten
2380267,11000,460,13292,7228,-39,-59,insert_bolts_hand_tighten
2380289,11084,-308,13312,5796,-991,-314,insert_bolts_hand_tighten
2380311,11340,-524,13096,7228,-906,752,insert_bolts_hand_tighten
2380333,11052,1412,13012,5373,-863,1934,insert_bolts_hand_tighten
2380355,12448,-1436,13544,5858,-999,1991,insert_bolts_hand_tighten
2380377,12356,-336,14096,10948,3549,2925,insert_bolts_hand_tighten
2380399,10156,1148,14728,7671,2380,3693,insert_bolts_hand_tighten
2380421,10012,228,13904,3037,396,3022,insert_bolts_hand_tighten
2380443,11396,580,12356,4666,-299,1838,insert_bolts_hand_tighten
2380465,11668,1572,13668,5696,2739,1444,insert_bolts_hand_tighten
2380487,10152,3120,13912,2546,3071,931,insert_bolts_hand_tighten
2380509,10392,1888,13676,993,1118,679,insert_bolts_hand_tighten
2380531,9728,1224,13468,-932,-399,485,insert_bolts_hand_tighten
2380553,10300,752,12692,189,-1665,804,insert_bolts_hand_tighten
2380575,10716,1044,12712,-168,-1959,719,insert_bolts_hand_tighten
2380597,10792,2000,13156,-1035,-530,616,insert_bolts_hand_tighten
2380619,10460,132,12816,-662,-447,302,insert_bolts_hand_tighten
2380641,10024,408,13224,1855,94,318,insert_bolts_hand_tighten
2380663,10020,232,13472,1206,-528,581,insert_bolts_hand_tighten
2380685,10360,468,13624,653,-1620,1142,insert_bolts_hand_tighten
2380707,11592,-1924,15492,-608,-1220,1778,insert_bolts_hand_tighten
2380729,11040,1204,16736,2247,1357,2518,insert_bolts_hand_tighten
2380751,11372,396,12916,527,-401,3404,insert_bolts_hand_tighten
2380773,11468,836,12696,1126,597,4952,insert_bolts_hand_tighten
2380795,10264,2416,12652,1529,886,6874,insert_bolts_hand_tighten
2380817,10984,-164,13116,3065,-174,7979,insert_bolts_hand_tighten
2380839,10992,760,14408,1198,193,7305,insert_bolts_hand_tighten
2380861,12192,-1160,13584,59,-1162,6468,insert_bolts_hand_tighten
2380883,11668,-920,14744,-753,-29,6413,insert_bolts_hand_tighten
2380905,12948,-68,14548,-3654,-717,6020,insert_bolts_hand_tighten
2380927,14500,-2800,15344,-7492,1116,7611,insert_bolts_hand_tighten
2380949,14632,-4136,16048,-16146,1917,8046,insert_bolts_hand_tighten
2380971,15664,-6664,15204,-19125,1549,11639,insert_bolts_hand_tighten
2380993,15924,-10212,17628,-13715,3251,17263,insert_bolts_hand_tighten
2381015,15852,-11512,18168,-10903,4013,21239,insert_bolts_hand_tighten
2381037,16268,-10444,17668,-17412,2631,23340,insert_bolts_hand_tighten
2381059,16148,-12592,16336,-30423,1735,26586,insert_bolts_hand_tighten
2381081,14608,-14980,13556,-32273,2093,30725,insert_bolts_hand_tighten
2381103,10588,-15524,13468,-24874,3904,32767,insert_bolts_hand_tighten
2381125,7128,-12560,11480,-19106,761,32767,insert_bolts_hand_tighten
2381147,5076,-10576,9920,-15369,795,32767,insert_bolts_hand_tighten
2381169,3100,-9456,7972,-12880,1897,32767,insert_bolts_hand_tighten
2381191,1644,-6064,8212,-9537,1336,29870,insert_bolts_hand_tighten
2381213,660,-5468,8960,-5332,2306,24847,insert_bolts_hand_tighten
2381235,624,-5256,6964,-484,2016,21817,insert_bolts_hand_tighten
2381257,656,-4664,6340,2388,1930,19923,insert_bolts_hand_tighten
2381279,-636,-4328,8072,3665,-9,16902,insert_bolts_hand_tighten
2381301,-628,-5908,9928,7323,-3157,13939,insert_bolts_hand_tighten
2381323,52,-6724,8444,12778,-4929,11221,insert_bolts_hand_tighten
2381345,-284,-6056,7228,17190,-3646,8984,insert_bolts_hand_tighten
2381367,-1176,-5624,8688,18269,-2072,6519,insert_bolts_hand_tighten
2381389,-1132,-5568,12036,15061,-2580,4976,insert_bolts_hand_tighten
2381411,-1660,-7548,13080,14139,-2561,4053,insert_bolts_hand_tighten
2381433,-1972,-9060,13288,13500,-3383,2599,insert_bolts_hand_tighten
2381455,-2732,-7960,12424,13008,-2445,1598,insert_bolts_hand_tighten
2381477,-3008,-8880,14024,10676,-2967,1542,insert_bolts_hand_tighten
2381499,-3388,-8252,15548,10157,-1260,1244,insert_bolts_hand_tighten
2381521,-4272,-8896,15972,10285,-1056,522,insert_bolts_hand_tighten
2381543,-3524,-7076,14932,6658,-1014,910,insert_bolts_hand_tighten
2381565,-4060,-9348,14480,5929,-313,311,insert_bolts_hand_tighten
2381587,-4032,-7716,14732,7277,1375,1010,insert_bolts_hand_tighten
2381609,-3388,-7760,16260,8854,661,-136,insert_bolts_hand_tighten
2381631,-4360,-7688,16592,8073,-19,-521,insert_bolts_hand_tighten
2381653,-3976,-5552,16284,8407,-1349,-1581,insert_bolts_hand_tighten
2381675,-2768,-5204,15104,7145,-3559,-1557,insert_bolts_hand_tighten
2381697,-2080,-4452,14468,4125,-3054,-708,insert_bolts_hand_tighten
2381719,-2328,-4376,15328,-1888,-3641,-1256,insert_bolts_hand_tighten
2381741,-1464,-1016,14476,-10498,-3581,-2518,insert_bolts_hand_tighten
2381763,-1240,-1556,13508,-21564,-3132,-3430,insert_bolts_hand_tighten
2381785,-776,-5352,14824,-27486,-2482,-4502,insert_bolts_hand_tighten
2381807,-352,-7604,15400,-27930,-2476,-4658,insert_bolts_hand_tighten
2381829,-392,-11648,14092,-24482,-2665,-3723,insert_bolts_hand_tighten
2381851,-1212,-11784,12416,-19860,-355,-3035,insert_bolts_hand_tighten
2381873,-1436,-14192,11476,-12173,421,-2070,insert_bolts_hand_tighten
2381895,-2364,-14156,11272,-7455,443,-1493,insert_bolts_hand_tighten
2381917,-2632,-12640,11320,-8580,-625,-1922,insert_bolts_hand_tighten
2381939,-2576,-14660,11352,-7250,740,-3227,insert_bolts_hand_tighten
2381961,-3100,-15384,10936,1254,-204,-3377,insert_bolts_hand_tighten
2381983,-1232,-12592,11092,6744,-2104,-1993,insert_bolts_hand_tighten
2382005,-480,-9756,10960,5721,-1102,-1935,insert_bolts_hand_tighten
2382027,-84,-10104,11624,195,-1130,-1577,insert_bolts_hand_tighten
2382049,-260,-9580,12284,-5177,-1481,-1894,insert_bolts_hand_tighten
2382071,-368,-11004,13288,-9481,-1857,-2835,insert_bolts_hand_tighten
2382093,200,-12160,12540,-12594,-3249,-3918,insert_bolts_hand_tighten
2382115,492,-11816,10716,-12215,-4688,-4248,insert_bolts_hand_tighten
2382137,1492,-12912,7592,-9611,-4600,-2293,insert_bolts_hand_tighten
2382159,1980,-15668,7880,341,-2327,718,insert_bolts_hand_tighten
2382181,1316,-14824,8860,5662,-1376,3562,insert_bolts_hand_tighten
2382203,-116,-13524,9992,5099,-1516,2813,insert_bolts_hand_tighten
2382225,-408,-11828,9052,4914,-3273,1867,insert_bolts_hand_tighten
2382247,208,-15260,8728,12406,-958,319,insert_bolts_hand_tighten
2382269,92,-12984,9652,17535,1408,-18,insert_bolts_hand_tighten
2382291,16,-9796,11104,15181,733,1819,insert_bolts_hand_tighten
2382313,36,-9052,15520,7335,2021,1949,insert_bolts_hand_tighten
2382335,-48,-10740,16028,-332,-1178,1337,insert_bolts_hand_tighten
2382357,796,-9884,15044,-1918,-603,-391,insert_bolts_hand_tighten
2382379,580,-10180,13048,-4188,444,-1167,insert_bolts_hand_tighten
2382401,48,-9456,12408,-7597,1425,-1943,insert_bolts_hand_tighten
2382423,80,-10824,12028,-10501,215,-1702,insert_bolts_hand_tighten
2382445,-52,-14784,10856,-7660,-1609,-2090,insert_bolts_hand_tighten
2382467,-208,-13732,8884,-707,-2764,-2939,insert_bolts_hand_tighten
2382489,812,-14024,8080,3885,-3584,147,insert_bolts_hand_tighten
2382511,1552,-12664,9724,7457,-1619,2818,insert_bolts_hand_tighten
2382533,1856,-14196,9696,5640,-1555,4214,insert_bolts_hand_tighten
2382555,760,-13040,10908,1537,363,1912,insert_bolts_hand_tighten
2382577,448,-12776,11636,5341,1575,23,insert_bolts_hand_tighten
2382599,224,-10712,11352,7484,921,-682,insert_bolts_hand_tighten
2382621,572,-8616,13824,8451,562,-1427,insert_bolts_hand_tighten
2382643,2192,-7460,15240,5915,746,-2091,insert_bolts_hand_tighten
2382665,704,-6672,14048,334,-117,-2021,insert_bolts_hand_tighten
2382687,1616,-5524,11908,-4442,-1377,-3380,insert_bolts_hand_tighten
2382709,-228,-9568,12840,-10758,-714,-4082,insert_bolts_hand_tighten
2382731,140,-10528,12508,-12749,-1367,-5456,insert_bolts_hand_tighten
2382753,3044,-12724,10560,-6914,-4040,-6631,insert_bolts_hand_tighten
2382775,4496,-10912,13612,1002,650,-7156,insert_bolts_hand_tighten
2382797,2340,-11972,12264,7450,-588,-7350,insert_bolts_hand_tighten
2382819,3204,-8748,13496,1013,-1913,-3857,insert_bolts_hand_tighten
2382841,2656,-7780,13564,-12395,-1788,-1525,insert_bolts_hand_tighten
2382863,1416,-8992,10872,-24510,-5358,-62,insert_bolts_hand_tighten
2382885,2464,-12100,8216,-30387,-5638,806,insert_bolts_hand_tighten
2382907,3048,-15224,6024,-29558,-6175,2813,insert_bolts_hand_tighten
2382929,3112,-18360,5132,-23615,-4732,4944,insert_bolts_hand_tighten
2382951,2476,-19468,4880,-14391,-1963,3522,insert_bolts_hand_tighten
2382973,1944,-17172,4816,-6875,-608,2101,insert_bolts_hand_tighten
2382995,1940,-17100,4776,-2074,-245,2130,insert_bolts_hand_tighten
2383017,1732,-15488,6024,4633,2371,479,insert_bolts_hand_tighten
2383039,3312,-15724,7588,4234,-221,3212,insert_bolts_hand_tighten
2383061,2604,-11476,8024,-3074,1103,1646,insert_bolts_hand_tighten
2383083,3148,-13332,6832,-10251,550,929,insert_bolts_hand_tighten
2383105,3220,-17704,5424,-9267,1256,1105,insert_bolts_hand_tighten
2383127,2596,-17992,5852,-1215,3639,84,insert_bolts_hand_tighten
2383149,2140,-17536,6780,1860,2038,1402,insert_bolts_hand_tighten
2383171,2496,-17720,6252,6324,68,2049,insert_bolts_hand_tighten
2383193,1856,-16504,5320,7906,-612,1998,insert_bolts_hand_tighten
2383215,1660,-14912,5128,7208,-334,1481,insert_bolts_hand_tighten
2383237,2068,-14704,5512,6316,-488,2267,insert_bolts_hand_tighten
2383259,1876,-14636,6720,4689,749,1877,insert_bolts_hand_tighten
2383281,1468,-14928,7732,2758,907,2575,insert_bolts_hand_tighten
2383303,1264,-14872,8696,1879,833,2679,insert_bolts_hand_tighten
2383325,2072,-14148,8732,619,428,2447,insert_bolts_hand_tighten
2383347,2016,-13636,8084,1512,2044,1126,insert_bolts_hand_tighten
2383369,1500,-14268,7840,1058,2206,1844,insert_bolts_hand_tighten
2383391,1600,-14968,6980,2567,2006,1783,insert_bolts_hand_tighten
2383413,1404,-14304,7544,4553,1620,2009,insert_bolts_hand_tighten
2383435,964,-13200,7000,1564,346,2140,insert_bolts_hand_tighten
2383457,1224,-14196,7212,-768,110,1425,insert_bolts_hand_tighten
2383479,1268,-15444,7080,-1767,465,1403,insert_bolts_hand_tighten
2383501,1240,-15288,7548,-1993,737,1355,insert_bolts_hand_tighten
2383523,1184,-14812,7612,-2725,1758,1039,insert_bolts_hand_tighten
2383545,1316,-14356,7760,-3351,1732,1367,insert_bolts_hand_tighten
2383567,1092,-13988,6960,-5680,2500,809,insert_bolts_hand_tighten
2383589,388,-14324,5852,-6887,2555,505,insert_bolts_hand_tighten
2383611,792,-14868,5392,-7056,1593,277,insert_bolts_hand_tighten
2383633,568,-14748,5640,-8694,1830,-199,insert_bolts_hand_tighten
2383655,492,-15244,5932,-8862,1925,-1554,insert_bolts_hand_tighten
2383677,912,-15452,5964,-8284,2322,-3012,insert_bolts_hand_tighten
2383699,1164,-12136,7316,-9050,2602,-3469,insert_bolts_hand_tighten
2383721,1484,-12756,7208,-10797,2044,-2868,insert_bolts_hand_tighten
2383743,1784,-12032,8052,-11052,2222,-2516,insert_bolts_hand_tighten
2383765,1568,-14320,6216,-12687,773,-1486,insert_bolts_hand_tighten
2383787,2200,-16380,5620,-7899,2163,-2937,insert_bolts_hand_tighten
2383809,2100,-14412,6020,-2425,5387,-3908,insert_bolts_hand_tighten
2383831,2944,-13860,7360,2694,8912,-4199,insert_bolts_hand_tighten
2383853,2612,-11904,8268,4376,12140,-5560,insert_bolts_hand_tighten
2383875,2400,-9360,8720,575,14141,-6857,insert_bolts_hand_tighten
2383897,2616,-8704,8316,-5737,15555,-8069,insert_bolts_hand_tighten
2383919,2616,-9792,7340,-9266,17126,-10072,insert_bolts_hand_tighten
2383941,3180,-11852,6408,-7408,19890,-11646,insert_bolts_hand_tighten
2383963,3248,-13612,4948,-3310,21379,-13456,insert_bolts_hand_tighten
2383985,4972,-14960,3964,-1251,20609,-14530,insert_bolts_hand_tighten
2384007,4528,-14324,4604,618,21964,-15196,insert_bolts_hand_tighten
2384029,4712,-13300,5016,4359,20442,-14464,insert_bolts_hand_tighten
2384051,4752,-12968,2880,3036,18175,-14479,insert_bolts_hand_tighten
2384073,5348,-10456,1516,-8548,15805,-15354,insert_bolts_hand_tighten
2384095,5980,-14268,616,-17568,17642,-16611,insert_bolts_hand_tighten
2384117,5780,-17536,1344,-7180,21997,-19139,insert_bolts_hand_tighten
2384139,6456,-18012,292,6597,19924,-18124,insert_bolts_hand_tighten
2384161,7640,-14964,96,9026,13764,-14669,insert_bolts_hand_tighten
2384183,8780,-14032,1060,1667,9647,-13270,insert_bolts_hand_tighten
2384205,10128,-17424,2360,-1101,11016,-14456,insert_bolts_hand_tighten
2384227,9600,-17520,2708,5929,12320,-14961,insert_bolts_hand_tighten
2384249,9384,-15932,2652,15496,10033,-12040,insert_bolts_hand_tighten
2384271,10480,-14896,2820,13987,4945,-8261,insert_bolts_hand_tighten
2384293,11644,-14792,5968,7769,2134,-6290,insert_bolts_hand_tighten
2384315,11664,-15732,7584,8012,760,-6567,insert_bolts_hand_tighten
2384337,11520,-13812,7468,13043,2191,-5771,insert_bolts_hand_tighten
2384359,11008,-10360,7244,14737,1411,-4028,insert_bolts_hand_tighten
2384381,10632,-11148,8540,12464,-1720,-2142,insert_bolts_hand_tighten
2384403,11308,-10760,9592,13786,-1844,-1643,insert_bolts_hand_tighten
2384425,11948,-9428,10304,14489,-1425,-1351,insert_bolts_hand_tighten
2384447,11752,-8592,9184,15444,-802,-947,insert_bolts_hand_tighten
2384469,11420,-7700,9308,14546,-649,-765,insert_bolts_hand_tighten
2384491,11392,-7604,9524,13927,-3157,-404,insert_bolts_hand_tighten
2384513,11672,-7056,9620,10961,-2869,-193,insert_bolts_hand_tighten
2384535,11508,-6156,11456,9659,-2767,-836,insert_bolts_hand_tighten
2384557,13860,-7984,11448,11768,-4927,2013,insert_bolts_hand_tighten
2384579,12852,-7064,11324,11703,-2446,2308,insert_bolts_hand_tighten
2384601,12660,-5472,11272,9829,-2681,2533,insert_bolts_hand_tighten
2384623,13748,-4904,11428,8207,-2502,2474,insert_bolts_hand_tighten
2384645,12816,-6168,12684,7872,-344,2711,insert_bolts_hand_tighten
2384667,12508,-5152,12960,7561,193,2847,insert_bolts_hand_tighten
2384689,12228,-5168,12368,5516,-1125,3113,insert_bolts_hand_tighten
2384711,12048,-4784,12412,7105,177,4063,insert_bolts_hand_tighten
2384733,11320,-4444,12956,6837,-395,4650,insert_bolts_hand_tighten
2384755,11868,-4932,13340,6468,-754,4170,insert_bolts_hand_tighten
2384777,11536,-3752,13240,4185,1237,2881,insert_bolts_hand_tighten
2384799,10988,-4632,14308,693,567,1649,insert_bolts_hand_tighten
2384821,10960,-3096,12004,-869,-243,596,insert_bolts_hand_tighten
2384843,11452,-4928,11768,-596,-359,1447,insert_bolts_hand_tighten
2384865,11520,-5300,11244,2672,-359,1967,insert_bolts_hand_tighten
2384887,11272,-4864,11740,3108,-64,1763,insert_bolts_hand_tighten
2384909,11204,-3716,12544,1852,-38,627,insert_bolts_hand_tighten
2384931,11048,-4132,12132,-391,-734,-173,insert_bolts_hand_tighten
2384953,10860,-4704,11880,-1914,-849,-25,insert_bolts_hand_tighten
2384975,10512,-5340,11588,-79,-592,752,insert_bolts_hand_tighten
2384997,11084,-5328,11360,1937,-1142,1451,insert_bolts_hand_tighten
2385019,11084,-5384,12640,2734,422,2052,insert_bolts_hand_tighten
2385041,11096,-4876,12252,3628,273,1939,insert_bolts_hand_tighten
2385063,10972,-3760,12932,2041,77,533,insert_bolts_hand_tighten
2385085,11120,-4220,12180,-455,-123,-843,insert_bolts_hand_tighten
2385107,11076,-5200,12016,-1515,942,-1337,insert_bolts_hand_tighten
2385129,12052,-5748,11580,73,523,-174,insert_bolts_hand_tighten
2385151,11084,-5412,11964,2613,-1189,-380,insert_bolts_hand_tighten
2385173,11128,-3448,12400,2685,649,349,insert_bolts_hand_tighten
2385195,12012,-3700,13284,1655,-229,450,insert_bolts_hand_tighten
2385217,11672,-3740,13004,41,-176,-517,insert_bolts_hand_tighten
2385239,11832,-2936,13064,-2630,1082,-1079,insert_bolts_hand_tighten
2385261,11332,-3712,12436,-5636,1913,-1271,insert_bolts_hand_tighten
2385283,10784,-3908,12520,-5312,2646,-756,insert_bolts_hand_tighten
2385305,10380,-4500,12152,-3510,2515,23,insert_bolts_hand_tighten
2385327,10196,-4176,11124,-2007,2080,208,insert_bolts_hand_tighten
2385349,10460,-4284,12256,-1731,1059,128,insert_bolts_hand_tighten
2385371,10768,-3900,12556,-3396,882,-719,insert_bolts_hand_tighten
2385393,10852,-5288,11984,-4778,348,-1652,insert_bolts_hand_tighten
2385415,10892,-4772,11588,-6404,1159,-1895,insert_bolts_hand_tighten
2385437,10828,-6628,10736,-6717,476,-1178,insert_bolts_hand_tighten
2385459,10148,-6556,10740,-2900,1184,-422,insert_bolts_hand_tighten
2385481,10156,-6204,10800,-2867,-305,532,insert_bolts_hand_tighten
2385503,11192,-7136,10632,-1775,-1505,188,insert_bolts_hand_tighten
2385525,10684,-6752,10412,1234,-170,889,insert_bolts_hand_tighten
2385547,9728,-5636,11648,2061,4,1855,insert_bolts_hand_tighten
2385569,9484,-5372,11132,1169,-130,1471,insert_bolts_hand_tighten
2385591,9724,-6088,11360,1296,-370,1099,insert_bolts_hand_tighten
2385613,9632,-5496,11872,1961,-866,792,insert_bolts_hand_tighten
2385635,8684,-4436,11732,1292,-758,-526,insert_bolts_hand_tighten
2385657,10208,-5036,12636,-175,-1467,-600,insert_bolts_hand_tighten
2385679,11320,-6056,13176,-2791,-2040,-557,insert_bolts_hand_tighten
2385701,11900,-7376,13256,-4192,-1762,217,insert_bolts_hand_tighten
2385723,12632,-8548,14372,-5351,-1915,2374,insert_bolts_hand_tighten
2385745,13524,-10364,13988,-6327,-1483,5524,insert_bolts_hand_tighten
2385767,14024,-11776,12752,-9872,-1925,8899,insert_bolts_hand_tighten
2385789,14668,-14052,11960,-11628,-2337,12498,insert_bolts_hand_tighten
2385811,14732,-15912,11620,-9013,-3855,16404,insert_bolts_hand_tighten
2385833,14940,-15544,10644,-6819,-5710,20034,insert_bolts_hand_tighten
2385855,14868,-14976,10108,-9286,-6926,23723,insert_bolts_hand_tighten
2385877,13720,-16968,9124,-13848,-9015,26348,insert_bolts_hand_tighten
2385899,13500,-18000,8076,-15847,-10016,27901,insert_bolts_hand_tighten
2385921,12344,-18372,8192,-13864,-9698,29799,insert_bolts_hand_tighten
2385943,9872,-17092,6728,-10799,-10140,31057,insert_bolts_hand_tighten
2385965,8112,-14600,6108,-10141,-11131,31668,insert_bolts_hand_tighten
2385987,6876,-12340,5408,-11649,-10230,31342,insert_bolts_hand_tighten
2386009,5208,-11060,5372,-12328,-8747,29663,insert_bolts_hand_tighten
2386031,3788,-11504,6800,-9459,-9345,27072,insert_bolts_hand_tighten
2386053,3440,-9124,6796,-4498,-8954,25012,insert_bolts_hand_tighten
2386075,2636,-7608,7116,-2700,-6906,23112,insert_bolts_hand_tighten
2386097,-852,-6368,4956,-3659,-6410,18255,insert_bolts_hand_tighten
2386119,2848,-7292,4272,-4810,-8091,15748,insert_bolts_hand_tighten
2386141,180,-10048,5532,-1933,-5992,9550,insert_bolts_hand_tighten
2386163,1424,-10600,6548,5581,-5590,7331,insert_bolts_hand_tighten
2386185,1196,-9972,5516,7379,-3749,6565,insert_bolts_hand_tighten
2386207,-364,-8852,5492,558,-1607,4722,insert_bolts_hand_tighten
2386229,-1216,-12828,5044,-4164,-285,2337,insert_bolts_hand_tighten
2386251,-1372,-15148,6044,463,-529,963,insert_bolts_hand_tighten
2386273,-1256,-14864,6068,2334,-838,1021,insert_bolts_hand_tighten
2386295,-1828,-13628,4392,112,-1097,1278,insert_bolts_hand_tighten
2386317,-2232,-15192,4984,-2087,-552,889,insert_bolts_hand_tighten
2386339,-2264,-17256,5516,2306,-914,-30,insert_bolts_hand_tighten
2386361,-1868,-13340,5588,6023,199,-508,insert_bolts_hand_tighten
2386383,-3220,-14800,5004,-3344,534,-425,insert_bolts_hand_tighten
2386405,-2948,-15088,4588,712,2317,-430,insert_bolts_hand_tighten
2386427,-2896,-15672,4248,3045,1402,-1107,insert_bolts_hand_tighten
2386449,-2796,-15344,5612,4345,1487,-1049,insert_bolts_hand_tighten
2386471,-2928,-15576,6564,3233,35,-118,insert_bolts_hand_tighten
2386493,-2648,-14600,6676,824,-532,50,insert_bolts_hand_tighten
2386515,-2848,-13668,6180,-644,-149,-528,insert_bolts_hand_tighten
2386537,-2216,-13584,6968,-776,762,-775,insert_bolts_hand_tighten
2386559,-2232,-14984,5236,-1354,1706,-950,insert_bolts_hand_tighten
2386581,-1508,-15892,4900,261,1218,-861,insert_bolts_hand_tighten
2386603,-1848,-13536,5800,2688,2395,-1494,insert_bolts_hand_tighten
2386625,-1932,-15060,5740,-1971,1062,-942,insert_bolts_hand_tighten
2386647,-1740,-17144,4528,-3737,1842,532,insert_bolts_hand_tighten
2386669,-1200,-18212,6708,549,1782,2003,insert_bolts_hand_tighten
2386691,-2972,-16880,5468,4496,1442,2111,insert_bolts_hand_tighten
2386713,-3200,-14152,5620,3875,732,1819,insert_bolts_hand_tighten
2386735,-3080,-13804,5652,2945,-452,1169,insert_bolts_hand_tighten
2386757,-2556,-13068,5908,-279,-284,395,insert_bolts_hand_tighten
2386779,-2224,-14472,5452,-3607,-597,1459,insert_bolts_hand_tighten
2386801,-2904,-17604,2880,-1291,-13,1953,insert_bolts_hand_tighten
2386823,-3124,-13008,4596,469,725,1867,insert_bolts_hand_tighten
2386845,-3880,-14240,4680,-3787,-797,692,insert_bolts_hand_tighten
2386867,-3884,-15324,5160,-2301,376,-1334,insert_bolts_hand_tighten
2386889,-2828,-17124,4340,-608,-39,-918,insert_bolts_hand_tighten
2386911,-2356,-17120,5556,3214,272,698,insert_bolts_hand_tighten
2386933,-3160,-15588,6300,2692,497,1908,insert_bolts_hand_tighten
2386955,-3276,-14060,6112,1007,6,1676,insert_bolts_hand_tighten
2386977,-3148,-12736,5244,1,0,778,insert_bolts_hand_tighten
2386999,-3080,-13064,4724,-1752,295,-270,insert_bolts_hand_tighten
2387021,-3268,-14240,4968,-4092,394,-1309,insert_bolts_hand_tighten
2387043,-2976,-15100,4756,-4007,449,-2344,insert_bolts_hand_tighten
2387065,-3284,-16100,4908,-2286,-59,-2252,insert_bolts_hand_tighten
2387087,-2792,-15828,5296,-2778,-440,-2261,insert_bolts_hand_tighten
2387109,-2148,-15032,6352,-4060,-282,-2032,insert_bolts_hand_tighten
2387131,-2416,-15392,6256,-3261,243,-1571,insert_bolts_hand_tighten
2387153,-2416,-15472,5504,-5051,189,-1279,insert_bolts_hand_tighten
2387175,-2168,-16472,3976,-8924,221,-2263,insert_bolts_hand_tighten
2387197,-2040,-17296,3896,-6650,1020,-2694,insert_bolts_hand_tighten
2387219,-2256,-16512,2984,-3316,450,-283,insert_bolts_hand_tighten
2387241,-2552,-15120,3548,816,286,1188,insert_bolts_hand_tighten
2387263,-2692,-13824,2932,-2,310,1335,insert_bolts_hand_tighten
2387285,-2908,-14492,3852,-20,593,794,insert_bolts_hand_tighten
2387307,-2676,-13988,3920,1614,1051,-115,insert_bolts_hand_tighten
2387329,-2560,-16888,4304,1087,-75,809,insert_bolts_hand_tighten
2387351,-2616,-17148,4020,1529,396,281,insert_bolts_hand_tighten
2387373,-2388,-17224,2916,5028,804,334,insert_bolts_hand_tighten
2387395,-2132,-16496,3300,5889,-173,1220,insert_bolts_hand_tighten
2387417,-2624,-14508,3980,4172,-99,433,insert_bolts_hand_tighten
2387439,-2236,-14580,5268,2256,-121,-658,insert_bolts_hand_tighten
2387461,-2188,-15344,4092,-212,113,-1388,insert_bolts_hand_tighten
2387483,-2008,-15032,4004,2089,363,-1461,insert_bolts_hand_tighten
2387505,-1836,-15624,3992,2862,140,16,insert_bolts_hand_tighten
2387527,-2556,-14520,5464,-465,-72,594,insert_bolts_hand_tighten
2387549,-2596,-13996,5520,-4499,-549,-345,insert_bolts_hand_tighten
2387571,-1800,-14656,5144,-6000,-205,-1083,insert_bolts_hand_tighten
2387593,-2028,-17228,5228,-4237,24,-254,insert_bolts_hand_tighten
2387615,-1824,-17184,4316,-4234,1140,-398,insert_bolts_hand_tighten
2387637,-1504,-17848,3008,-1132,1979,-753,insert_bolts_hand_tighten
2387659,-2188,-16492,4328,3138,1603,578,insert_bolts_hand_tighten
2387681,-3048,-14060,5524,2499,1030,663,insert_bolts_hand_tighten
2387703,-2680,-14144,5368,1884,746,-278,insert_bolts_hand_tighten
2387725,-2512,-12024,5200,172,88,-687,insert_bolts_hand_tighten
2387747,-2928,-14252,3884,-3369,-100,-2038,insert_bolts_hand_tighten
2387769,-1820,-15812,3996,-4309,-598,-1123,insert_bolts_hand_tighten
2387791,-1712,-17268,3004,-2469,-353,-1196,insert_bolts_hand_tighten
2387813,-2320,-16932,3836,309,438,-1103,insert_bolts_hand_tighten
2387835,-2724,-15000,4756,179,41,-823,insert_bolts_hand_tighten
2387857,-2304,-13720,4404,-1964,-104,-967,insert_bolts_hand_tighten
2387879,-1968,-13904,4136,-3952,-321,-902,insert_bolts_hand_tighten
2387901,-1600,-14720,4768,-7847,-977,-1460,insert_bolts_hand_tighten
2387923,-1780,-14648,4744,-12637,-518,-2911,insert_bolts_hand_tighten
2387945,-1028,-19292,2852,-6585,-866,-2198,insert_bolts_hand_tighten
2387967,-1708,-18396,2180,148,251,235,insert_bolts_hand_tighten
2387989,-1724,-15928,896,1873,-376,1187,insert_bolts_hand_tighten
2388011,-1552,-14700,2436,1484,-1057,1745,insert_bolts_hand_tighten
2388033,-1756,-13784,4288,621,-1506,2152,insert_bolts_hand_tighten
2388055,-1772,-16680,3348,-304,-3601,2211,insert_bolts_hand_tighten
2388077,-1784,-18700,2116,3049,-1576,1796,insert_bolts_hand_tighten
2388099,-2228,-17120,2776,8798,-1642,2391,insert_bolts_hand_tighten
2388121,-2756,-16524,2424,11238,-2624,3130,insert_bolts_hand_tighten
2388143,-2736,-13976,2492,7959,-3616,3055,insert_bolts_hand_tighten
2388165,-2644,-13116,4556,2649,-3456,1072,insert_bolts_hand_tighten
2388187,-1720,-15112,4880,2086,-4031,-773,insert_bolts_hand_tighten
2388209,-1056,-12600,3644,-3959,-4493,824,insert_bolts_hand_tighten
2388231,-1208,-22372,4696,-2139,-3126,1194,insert_bolts_hand_tighten
2388253,-1776,-18300,7208,5869,-851,2160,insert_bolts_hand_tighten
2388275,-2712,-18968,7596,10280,-904,2740,insert_bolts_hand_tighten
2388297,-3088,-14864,6088,13781,-881,1449,insert_bolts_hand_tighten
2388319,-3188,-14616,6132,11041,-1646,1687,insert_bolts_hand_tighten
2388341,-3604,-13032,5032,9660,-1982,1065,insert_bolts_hand_tighten
2388363,-2788,-13636,5864,5973,-2428,1306,insert_bolts_hand_tighten
2388385,-2672,-14368,5236,5886,-2541,1753,insert_bolts_hand_tighten
2388407,-2000,-15228,6172,4203,-1147,4112,insert_bolts_hand_tighten
2388429,-2672,-13412,8872,4694,-1509,2692,insert_bolts_hand_tighten
2388451,-2320,-12120,8752,983,-1499,1158,insert_bolts_hand_tighten
2388473,-2184,-11412,8264,-4087,-933,32,insert_bolts_hand_tighten
2388495,-2080,-12024,6648,-7666,570,-396,insert_bolts_hand_tighten
2388517,-2224,-16252,6576,-6675,1764,-564,insert_bolts_hand_tighten
2388539,-3344,-14888,7228,-3193,2212,-738,insert_bolts_hand_tighten
2388561,-2468,-15152,8036,-3965,1301,-512,insert_bolts_hand_tighten
2388583,-2284,-15124,7720,-2848,1313,-1238,insert_bolts_hand_tighten
2388605,-2384,-14192,6248,-2165,2323,-1677,insert_bolts_hand_tighten
2388627,-2488,-17520,7444,-1138,3665,-1308,insert_bolts_hand_tighten
2388649,-2412,-12008,8524,-2421,1696,-1366,insert_bolts_hand_tighten
2388671,-3132,-13656,7636,-3233,1532,-1140,insert_bolts_hand_tighten
2388693,-2224,-16132,5680,-4022,389,-1382,insert_bolts_hand_tighten
2388715,-2196,-16340,5796,1892,1534,-4,insert_bolts_hand_tighten
2388737,-2388,-12728,8068,1771,395,780,insert_bolts_hand_tighten
2388759,-2060,-12236,6320,-1172,-371,397,insert_bolts_hand_tighten
2388781,-3040,-14368,6328,-4116,1073,-259,insert_bolts_hand_tighten
2388803,-2532,-18212,4912,-693,1289,-796,insert_bolts_hand_tighten
2388825,-2576,-18340,5260,8161,1838,-535,insert_bolts_hand_tighten
2388847,-2948,-13084,6524,9016,180,431,insert_bolts_hand_tighten
2388869,-2976,-10344,7756,5507,-420,711,insert_bolts_hand_tighten
2388891,-2404,-11388,7540,-260,-1219,178,insert_bolts_hand_tighten
2388913,-2568,-7440,5724,-3856,-271,-685,insert_bolts_hand_tighten
2388935,-2080,-13992,4480,-5591,1074,-1453,insert_bolts_hand_tighten
2388957,-1988,-17352,6876,-3291,1850,-1681,insert_bolts_hand_tighten
2388979,-3188,-16492,10828,-3181,2043,-818,insert_bolts_hand_tighten
2389001,-2744,-15328,8892,-921,691,388,insert_bolts_hand_tighten
2389023,-2840,-14040,5004,-788,-605,1148,insert_bolts_hand_tighten
2389045,-2104,-14912,2616,-2005,-1857,1722,insert_bolts_hand_tighten
2389067,-2036,-13572,4780,-5198,-2208,1694,insert_bolts_hand_tighten
2389089,-2088,-15764,7284,-6585,-1569,1781,insert_bolts_hand_tighten
2389111,-1884,-18152,7000,-2728,-541,1968,insert_bolts_hand_tighten
2389133,-2408,-17248,5312,6595,-350,3387,insert_bolts_hand_tighten
2389155,-3288,-13804,4532,8818,-1199,4053,insert_bolts_hand_tighten
2389177,-3220,-13764,6704,3722,-573,2360,insert_bolts_hand_tighten
2389199,-3364,-15780,9464,12393,-1318,2187,insert_bolts_hand_tighten
2389221,-2328,-16464,9344,19468,-436,3228,insert_bolts_hand_tighten
2389243,-3292,-12052,7444,24235,-551,3060,insert_bolts_hand_tighten
2389265,-2788,-9804,9128,17201,1740,3758,insert_bolts_hand_tighten
2389287,-3760,-13336,10864,13215,1147,2514,insert_bolts_hand_tighten
2389309,-3580,-11928,11664,11969,-137,2244,insert_bolts_hand_tighten
2389331,-3672,-11012,12492,12663,-119,1140,insert_bolts_hand_tighten
2389353,-4544,-10012,11632,10522,167,757,insert_bolts_hand_tighten
2389375,-4888,-11040,11060,7985,-1046,653,insert_bolts_hand_tighten
2389397,-3944,-10976,11952,4905,-669,93,insert_bolts_hand_tighten
2389419,-3640,-11928,11732,7535,870,-1781,insert_bolts_hand_tighten
2389441,-2880,-9888,13336,9455,2621,-1394,insert_bolts_hand_tighten
2389463,-2780,-8444,14196,5810,1086,-868,insert_bolts_hand_tighten
2389485,-2284,-9672,14684,5211,1592,-1253,insert_bolts_hand_tighten
2389507,-2812,-10148,13788,3040,1050,-1813,insert_bolts_hand_tighten
2389529,-2872,-8504,13832,2743,1042,-2016,insert_bolts_hand_tighten
2389551,-3332,-7440,15664,-93,166,-2185,insert_bolts_hand_tighten
2389573,-3272,-7052,15020,-4153,-1075,-3193,insert_bolts_hand_tighten
2389595,-3016,-7796,13664,-8540,-1322,-4150,insert_bolts_hand_tighten
2389617,-2592,-10496,12444,-11528,-1860,-4099,insert_bolts_hand_tighten
2389639,-2512,-10704,11844,-10412,-2331,-2910,insert_bolts_hand_tighten
2389661,-2324,-11160,11516,-12372,-1599,-1320,insert_bolts_hand_tighten
2389683,-3312,-12492,11164,-11944,-654,-800,insert_bolts_hand_tighten
2389705,-3936,-14604,10496,-4460,-808,-822,insert_bolts_hand_tighten
2389727,-3044,-12124,10180,3300,-602,-24,insert_bolts_hand_tighten
2389749,-3076,-9628,10528,-372,634,466,insert_bolts_hand_tighten
2389771,-2336,-8452,10348,-8281,-953,971,insert_bolts_hand_tighten
2389793,-1788,-12240,10412,-13760,-1641,138,insert_bolts_hand_tighten
2389815,-4116,-16744,9744,-5490,603,-1951,insert_bolts_hand_tighten
2389837,-2424,-13140,10316,-341,-575,-835,insert_bolts_hand_tighten
2389859,-2688,-12060,9700,-4243,-462,464,insert_bolts_hand_tighten
2389881,-1956,-11912,10652,-5170,-2038,56,insert_bolts_hand_tighten
2389903,-1732,-12216,12716,-6384,260,58,insert_bolts_hand_tighten
2389925,-3368,-12516,10476,-6963,1397,-384,insert_bolts_hand_tighten
2389947,-1896,-12344,8624,-4896,955,-654,insert_bolts_hand_tighten
2389969,-1796,-12128,8532,-4516,1830,-221,insert_bolts_hand_tighten
2389991,-2160,-12640,8832,-4727,1997,-979,insert_bolts_hand_tighten
2390013,-1724,-12864,9856,-6992,3258,-791,insert_bolts_hand_tighten
2390035,-2420,-12668,9580,-9646,4107,-1086,insert_bolts_hand_tighten
2390057,-2592,-13212,8548,-13430,4029,-1377,insert_bolts_hand_tighten
2390079,-2204,-13872,6248,-16102,3782,-1407,insert_bolts_hand_tighten
2390101,-2476,-15648,5040,-14829,4247,-1384,insert_bolts_hand_tighten
2390123,-2352,-17292,5036,-9510,3548,-612,insert_bolts_hand_tighten
2390145,-2672,-16140,5320,-4992,2901,-301,insert_bolts_hand_tighten
2390167,-2796,-15076,4616,-4463,2586,-126,insert_bolts_hand_tighten
2390189,-2896,-15028,2964,-5917,2047,-477,insert_bolts_hand_tighten
2390211,-2952,-15812,3656,-5600,2050,-527,insert_bolts_hand_tighten
2390233,-2776,-16588,4796,-3282,2052,-681,insert_bolts_hand_tighten
2390255,-2900,-16128,5228,-2613,1103,-341,insert_bolts_hand_tighten
2390277,-2796,-15420,3336,-2591,1547,-986,insert_bolts_hand_tighten
2390299,-2540,-15200,2388,-2715,2452,-1041,insert_bolts_hand_tighten
2390321,-2556,-15928,3760,-3115,2732,-668,insert_bolts_hand_tighten
2390343,-3044,-18208,4736,1303,1861,-526,insert_bolts_hand_tighten
2390365,-2932,-16088,3948,4414,355,19,insert_bolts_hand_tighten
2390387,-2484,-15288,2824,2533,-251,529,insert_bolts_hand_tighten
2390409,-1648,-14572,3660,1088,-303,528,insert_bolts_hand_tighten
2390431,-2512,-15820,6056,2206,2234,-647,insert_bolts_hand_tighten
2390453,-2120,-14288,5784,2293,2231,-705,insert_bolts_hand_tighten
2390475,-1632,-14888,4836,1433,2131,-519,insert_bolts_hand_tighten
2390497,-2288,-14928,5080,-29,2377,-624,insert_bolts_hand_tighten
2390519,-3508,-14152,5944,-3065,580,-215,insert_bolts_hand_tighten
2390541,-3276,-14076,5000,-5925,-1527,-923,insert_bolts_hand_tighten
2390563,-2408,-14248,3492,-9590,-2479,-941,insert_bolts_hand_tighten
2390585,-2272,-15576,2380,-11146,-1865,-1666,insert_bolts_hand_tighten
2390607,-1692,-17364,3752,-5570,-2119,99,insert_bolts_hand_tighten
2390629,-2372,-18204,3632,-413,-2720,480,insert_bolts_hand_tighten
2390651,-2004,-15728,2784,722,-2814,1107,insert_bolts_hand_tighten
2390673,-168,-14392,4584,-7646,-2148,1398,insert_bolts_hand_tighten
2390695,-2736,-15024,4472,-7648,-606,-886,insert_bolts_hand_tighten
2390717,-1436,-15376,3296,-7996,-88,-1258,insert_bolts_hand_tighten
2390739,-1096,-15716,2716,-5222,53,-1671,insert_bolts_hand_tighten
2390761,-1188,-14932,2588,-7635,-212,-1311,insert_bolts_hand_tighten
2390783,-1056,-15112,1532,-11981,-1714,-1346,insert_bolts_hand_tighten
2390805,-892,-16232,148,-15043,-896,-989,insert_bolts_hand_tighten
2390827,-1504,-18196,-644,-14728,13,-971,insert_bolts_hand_tighten
2390849,-1720,-19932,-1236,-8338,-240,-104,insert_bolts_hand_tighten
2390871,-2072,-19556,-748,1577,-225,979,insert_bolts_hand_tighten
2390893,-1980,-15944,492,3444,509,1524,insert_bolts_hand_tighten
2390915,-2240,-15472,-380,1190,-1129,1578,insert_bolts_hand_tighten
2390937,-1608,-15292,-1068,-3625,258,1018,insert_bolts_hand_tighten
2390959,-2140,-18036,-684,-649,951,608,insert_bolts_hand_tighten
2390981,-2100,-18704,-520,8860,821,825,insert_bolts_hand_tighten
2391003,-2196,-15704,-72,13073,696,1193,insert_bolts_hand_tighten
2391025,-2544,-13792,116,8648,-622,1165,insert_bolts_hand_tighten
2391047,-2660,-14580,676,2191,-1142,-13,insert_bolts_hand_tighten
2391069,-2308,-16212,168,1667,-712,-1322,insert_bolts_hand_tighten
2391091,-2340,-15616,1704,6573,66,-2097,insert_bolts_hand_tighten
2391113,-2648,-13556,4044,1054,17,-1450,insert_bolts_hand_tighten
2391135,-1480,-17880,3268,-7093,851,-1797,insert_bolts_hand_tighten
2391157,-728,-17184,2116,-1185,1950,-904,insert_bolts_hand_tighten
2391179,-1148,-17772,520,1735,935,-228,insert_bolts_hand_tighten
2391201,-1452,-16744,1136,2429,374,-91,insert_bolts_hand_tighten
2391223,-1764,-15516,2092,3109,-134,-166,insert_bolts_hand_tighten
2391245,-1732,-16472,2512,3089,-228,42,insert_bolts_hand_tighten
2391267,-1960,-17200,2652,5250,-131,476,insert_bolts_hand_tighten
2391289,-1668,-16776,2136,6421,344,1053,insert_bolts_hand_tighten
2391311,-1868,-17492,2220,6971,-120,1850,insert_bolts_hand_tighten
2391333,-2216,-16084,3244,7866,242,1558,insert_bolts_hand_tighten
2391355,-2284,-15320,4052,8021,164,1282,insert_bolts_hand_tighten
2391377,-2036,-14788,4132,5269,-74,1241,insert_bolts_hand_tighten
2391399,-2316,-15092,4224,3954,311,758,insert_bolts_hand_tighten
2391421,-1864,-16884,4256,5872,154,882,insert_bolts_hand_tighten
2391443,-2308,-16932,4888,8975,673,1144,insert_bolts_hand_tighten
2391465,-2968,-14996,5808,9338,245,1032,insert_bolts_hand_tighten
2391487,-2868,-14544,5248,4748,-1189,476,insert_bolts_hand_tighten
2391509,-2432,-13784,4636,340,-770,-306,insert_bolts_hand_tighten
2391531,-1804,-14664,4484,-1680,-1135,-585,insert_bolts_hand_tighten
2391553,-2000,-14132,4380,-3408,-1118,-902,insert_bolts_hand_tighten
2391575,-2132,-15028,5252,-4742,-820,-1278,insert_bolts_hand_tighten
2391597,-1960,-15412,5296,-3075,-658,-1339,insert_bolts_hand_tighten
2391619,-2160,-16012,5712,-2309,-147,-875,insert_bolts_hand_tighten
2391641,-2156,-15904,4664,-181,217,-1340,insert_bolts_hand_tighten
2391663,-1916,-15660,4252,1691,533,-2007,insert_bolts_hand_tighten
2391685,-2192,-14596,4056,892,-101,-1248,insert_bolts_hand_tighten
2391707,-1452,-14064,4716,-646,-93,-1574,insert_bolts_hand_tighten
2391729,-1504,-13928,4700,-3224,-1310,-952,insert_bolts_hand_tighten
2391751,-1792,-11172,5784,-5417,-948,-2581,insert_bolts_hand_tighten
2391773,-1388,-14460,3412,-9386,-1825,-2773,insert_bolts_hand_tighten
2391795,-1224,-16892,2780,-5905,-95,-2768,insert_bolts_hand_tighten
2391817,-656,-16768,3028,-3712,86,-2287,insert_bolts_hand_tighten
2391839,-1148,-15996,2928,-5133,-1221,-2127,insert_bolts_hand_tighten
2391861,-1276,-14480,4048,-6872,-1507,-2064,insert_bolts_hand_tighten
2391883,-1300,-13480,5364,-9067,-2620,-681,insert_bolts_hand_tighten
2391905,-812,-13888,4992,-10928,-4173,-16,insert_bolts_hand_tighten
2391927,-852,-15544,2896,-14004,-4089,-134,insert_bolts_hand_tighten
2391949,-148,-20520,-664,-11522,-2891,-1004,insert_bolts_hand_tighten
2391971,-808,-19836,-712,-4556,77,-430,insert_bolts_hand_tighten
2391993,-744,-17820,352,84,334,506,insert_bolts_hand_tighten
2392015,-912,-13988,1848,-1623,-1671,1101,insert_bolts_hand_tighten
2392037,-1384,-13836,1268,-8255,-3442,1307,insert_bolts_hand_tighten
2392059,-284,-15860,-416,-13876,-3366,412,insert_bolts_hand_tighten
2392081,484,-20188,-3216,-10284,-572,-798,insert_bolts_hand_tighten
2392103,100,-21508,-1724,2083,1646,-14,insert_bolts_hand_tighten
2392125,-116,-17608,1436,9637,1509,1697,insert_bolts_hand_tighten
2392147,-484,-16832,3016,7210,-716,2525,insert_bolts_hand_tighten
2392169,-756,-14540,2480,3407,-103,1351,insert_bolts_hand_tighten
2392191,-712,-15612,780,194,2071,673,insert_bolts_hand_tighten
2392213,-980,-16904,-2148,2010,1616,410,insert_bolts_hand_tighten
2392235,-2172,-19000,-3792,9155,2881,-316,insert_bolts_hand_tighten
2392257,-1388,-17408,-2240,15458,2415,-137,insert_bolts_hand_tighten
2392279,-1316,-12604,3692,11333,2422,199,insert_bolts_hand_tighten
2392301,-1776,-14468,3764,4875,-537,62,insert_bolts_hand_tighten
2392323,-652,-14296,3832,3579,974,-1437,insert_bolts_hand_tighten
2392345,-1024,-14000,3660,497,1153,-11,insert_bolts_hand_tighten
2392367,-948,-13108,3496,-2620,547,136,insert_bolts_hand_tighten
2392389,-2024,-17488,2088,-6594,1298,-319,insert_bolts_hand_tighten
2392411,-996,-17172,396,-1522,232,-555,insert_bolts_hand_tighten
2392433,-548,-16104,1724,674,2336,-161,insert_bolts_hand_tighten
2392455,-872,-15096,1872,1063,1669,367,insert_bolts_hand_tighten
2392477,-952,-15220,2240,-1680,1463,-10,insert_bolts_hand_tighten
2392499,-1020,-15644,2532,-3237,700,-519,insert_bolts_hand_tighten
2392521,-788,-16416,2240,-2624,503,-1003,insert_bolts_hand_tighten
2392543,-728,-17424,856,-857,691,-921,insert_bolts_hand_tighten
2392565,-880,-17288,364,981,166,-562,insert_bolts_hand_tighten
2392587,-528,-16880,1960,2347,1515,-59,insert_bolts_hand_tighten
2392609,-936,-15896,3732,2823,1068,617,insert_bolts_hand_tighten
2392631,-688,-15620,4432,1614,522,902,insert_bolts_hand_tighten
2392653,-880,-17052,2052,-1339,-544,1377,insert_bolts_hand_tighten
2392675,-832,-16256,3108,1962,3090,-69,insert_bolts_hand_tighten
2392697,-1044,-15944,3456,1434,1171,658,insert_bolts_hand_tighten
2392719,-1144,-15384,3280,1708,1386,567,insert_bolts_hand_tighten
2392741,-980,-15280,2776,88,391,405,insert_bolts_hand_tighten
2392763,-676,-16016,2588,-60,1107,-125,insert_bolts_hand_tighten
2392785,-1072,-15960,2572,-678,877,-276,insert_bolts_hand_tighten
2392807,-1064,-15500,2348,-372,495,-506,insert_bolts_hand_tighten
2392829,-1212,-16148,2244,-761,81,-652,insert_bolts_hand_tighten
2392851,-1284,-15284,3004,-224,261,-1039,insert_bolts_hand_tighten
2392873,-920,-15268,1748,-2039,327,-1429,insert_bolts_hand_tighten
2392895,-1208,-14264,1840,-2104,462,-1690,insert_bolts_hand_tighten
2392917,-680,-13440,1472,-4348,-513,-1436,insert_bolts_hand_tighten
2392939,-44,-16744,184,-6267,-2129,-1040,insert_bolts_hand_tighten
2392961,328,-17636,1240,-3943,-1251,-588,insert_bolts_hand_tighten
2392983,288,-18888,3012,589,-1025,1601,insert_bolts_hand_tighten
2393005,-760,-15728,2556,2791,-1006,2924,insert_bolts_hand_tighten
2393027,-1444,-16832,2268,2561,-2507,3474,insert_bolts_hand_tighten
2393049,-1628,-20532,2080,1689,-2513,3122,insert_bolts_hand_tighten
2393071,-720,-15440,4576,-885,-1125,2580,insert_bolts_hand_tighten
2393093,-1080,-17628,4944,4428,-766,3375,insert_bolts_hand_tighten
2393115,-652,-16528,4916,4391,-2713,5544,insert_bolts_hand_tighten
2393137,-908,-15504,3832,-2700,-1918,4734,insert_bolts_hand_tighten
2393159,-2276,-18588,1052,-29,-1837,1963,insert_bolts_hand_tighten
2393181,-2812,-18680,-2172,3317,-2758,2370,insert_bolts_hand_tighten
2393203,-2928,-15852,1416,10759,-152,1846,insert_bolts_hand_tighten
2393225,-2504,-13176,3568,9139,-1326,1837,insert_bolts_hand_tighten
2393247,-2364,-12248,4196,6786,-455,89,insert_bolts_hand_tighten
2393269,-2232,-13852,4996,4446,1396,-518,insert_bolts_hand_tighten
2393291,-1940,-19620,5272,8718,-242,-283,insert_bolts_hand_tighten
2393313,-980,-16856,7312,13214,-506,1851,insert_bolts_hand_tighten
2393335,-2064,-16592,6128,14162,-960,3930,insert_bolts_hand_tighten
2393357,-2220,-16400,5520,13760,-1707,4112,insert_bolts_hand_tighten
2393379,-2956,-16564,6268,16606,-1057,3714,insert_bolts_hand_tighten
2393401,-2996,-14256,6876,17585,-2852,4769,insert_bolts_hand_tighten
2393423,-3300,-9120,8076,11114,-2374,3954,insert_bolts_hand_tighten
2393445,-2988,-11524,8808,7692,-1897,2418,insert_bolts_hand_tighten
2393467,-2488,-11776,8928,8674,-857,2349,insert_bolts_hand_tighten
2393489,-2636,-12160,10184,9295,-613,1956,insert_bolts_hand_tighten
2393511,-2976,-12352,8916,8066,-1510,1867,insert_bolts_hand_tighten
2393533,-2760,-11964,9020,3850,-2811,1882,insert_bolts_hand_tighten
2393555,-2716,-12136,9416,978,-2834,1008,insert_bolts_hand_tighten
2393577,-2320,-11224,10060,-3278,-2261,247,insert_bolts_hand_tighten
2393599,-1880,-9988,10280,-6371,-280,-977,insert_bolts_hand_tighten
2393621,-2900,-13720,10036,-5553,538,-970,insert_bolts_hand_tighten
2393643,-2908,-16760,8708,432,-1045,-174,insert_bolts_hand_tighten
2393665,-3084,-15296,10468,7811,-1192,553,insert_bolts_hand_tighten
2393687,-2656,-10368,11384,4430,-1735,1473,insert_bolts_hand_tighten
2393709,-2852,-11492,9684,202,-209,911,insert_bolts_hand_tighten
2393731,-2452,-12528,9820,1356,354,-553,insert_bolts_hand_tighten
2393753,-3180,-13856,10312,4018,1407,-1145,insert_bolts_hand_tighten
2393775,-2632,-13104,10316,4664,-400,-1994,insert_bolts_hand_tighten
2393797,-3280,-8476,8820,2198,-4422,-695,insert_bolts_hand_tighten
2393819,-240,-9368,13556,-9365,-3223,253,insert_bolts_hand_tighten
2393841,-2780,-13592,12924,-5661,1157,-894,insert_bolts_hand_tighten
2393863,-1644,-12016,11868,-3952,438,-1341,insert_bolts_hand_tighten
2393885,-2556,-13300,9376,-4483,867,-3024,insert_bolts_hand_tighten
2393907,-2384,-14528,9940,369,1084,-3675,insert_bolts_hand_tighten
2393929,-1464,-13412,12260,4093,915,-3630,insert_bolts_hand_tighten
2393951,-1948,-11628,12280,2478,445,-2298,insert_bolts_hand_tighten
2393973,-1148,-13920,12600,-126,815,-2114,insert_bolts_hand_tighten
2393995,-1044,-11016,11420,-70,1953,-2720,insert_bolts_hand_tighten
2394017,-1448,-13084,11396,-1003,2432,-2484,insert_bolts_hand_tighten
2394039,-1236,-12240,12208,378,3008,-2116,insert_bolts_hand_tighten
2394061,-1936,-12084,11476,729,1766,-350,insert_bolts_hand_tighten
2394083,-2236,-12244,9168,-459,-1099,1335,insert_bolts_hand_tighten
2394105,-2764,-12376,8004,-2122,-1906,2558,insert_bolts_hand_tighten
2394127,-2204,-13716,8524,-5004,-2284,5391,insert_bolts_hand_tighten
2394149,-2436,-14812,9280,-4384,-1482,5679,insert_bolts_hand_tighten
2394171,-2716,-15764,9876,-1091,-2548,5006,insert_bolts_hand_tighten
2394193,-2464,-12360,9296,3634,-1785,2717,insert_bolts_hand_tighten
2394215,-2328,-12024,8712,4010,113,1928,insert_bolts_hand_tighten
2394237,-2716,-12340,9724,3823,1357,792,insert_bolts_hand_tighten
2394259,-2784,-12912,11540,-950,1917,395,insert_bolts_hand_tighten
2394281,-3392,-15160,9292,1921,435,-450,insert_bolts_hand_tighten
2394303,-2860,-12800,9032,3764,-1295,-1867,insert_bolts_hand_tighten
2394325,-2580,-10784,10028,3258,-2341,-2703,insert_bolts_hand_tighten
2394347,-1040,-8868,10432,66,-1913,-2131,insert_bolts_hand_tighten
2394369,596,-9144,14184,-5505,-190,-413,insert_bolts_hand_tighten
2394391,-2252,-15156,12908,-2848,3434,-2333,insert_bolts_hand_tighten
2394413,-2388,-11776,11844,-1143,2853,-3816,insert_bolts_hand_tighten
2394435,-992,-10844,13544,-6016,3241,-3193,insert_bolts_hand_tighten
2394457,-940,-12068,11900,-6274,2954,-2952,insert_bolts_hand_tighten
2394479,-468,-14500,10968,-1742,3862,-3448,insert_bolts_hand_tighten
2394501,-384,-13112,11500,4563,4472,-2975,insert_bolts_hand_tighten
2394523,-1248,-11508,11984,5785,3050,-1294,insert_bolts_hand_tighten
2394545,-816,-10488,9504,906,-831,1255,insert_bolts_hand_tighten
2394567,-1316,-13080,8376,-2877,718,3498,insert_bolts_hand_tighten
2394589,-4416,-15600,8852,-2646,360,5255,insert_bolts_hand_tighten
2394611,-5024,-16344,8712,-183,-3030,6307,insert_bolts_hand_tighten
2394633,-4600,-17012,7108,1815,-5373,6359,insert_bolts_hand_tighten
2394655,-3768,-14596,6372,4414,-7030,5973,insert_bolts_hand_tighten
2394677,692,-8700,10916,1023,-2081,3164,insert_bolts_hand_tighten
2394699,-3132,-13308,11932,-636,2203,-1715,insert_bolts_hand_tighten
2394721,-3188,-12744,9088,6748,-33,-4633,insert_bolts_hand_tighten
2394743,-1004,-10896,9864,4649,-2488,-4416,insert_bolts_hand_tighten
2394765,-608,-8964,13400,1312,1404,-4277,insert_bolts_hand_tighten
2394787,88,-8916,14120,-3141,982,-3184,insert_bolts_hand_tighten
2394809,-900,-11308,14904,-4128,1205,-4018,insert_bolts_hand_tighten
2394831,-316,-10320,12312,-4031,1192,-5708,insert_bolts_hand_tighten
2394853,84,-10392,10816,-7290,1980,-4632,insert_bolts_hand_tighten
2394875,536,-12132,10156,-8192,3759,-3402,insert_bolts_hand_tighten
2394897,-1408,-14592,11172,-5419,4637,-189,insert_bolts_hand_tighten
2394919,-1652,-15464,11468,-1624,1645,4916,insert_bolts_hand_tighten
2394941,-4860,-17112,7020,1306,680,6015,insert_bolts_hand_tighten
2394963,-5188,-15176,6312,267,-3034,5342,insert_bolts_hand_tighten
2394985,-4840,-14412,7144,882,-3267,3848,insert_bolts_hand_tighten
2395007,-3704,-14552,7432,3463,-3884,2877,insert_bolts_hand_tighten
2395029,-3052,-14164,6428,7778,-5935,2570,insert_bolts_hand_tighten
2395051,100,-10392,9596,7628,-5271,2151,insert_bolts_hand_tighten
2395073,-1396,-10608,13180,-2954,790,895,insert_bolts_hand_tighten
2395095,-1560,-13192,14580,-1827,327,-476,insert_bolts_hand_tighten
2395117,-520,-12796,14752,961,883,-1421,insert_bolts_hand_tighten
2395139,-1052,-11504,12780,2479,2525,-3031,insert_bolts_hand_tighten
2395161,-1264,-12804,9884,4614,4832,-3753,insert_bolts_hand_tighten
2395183,-1764,-14944,4052,9063,6203,-6641,insert_bolts_hand_tighten
2395205,2596,-6796,16188,9857,8651,-2589,insert_bolts_hand_tighten
2395227,-1448,-11408,15124,1565,-1439,3783,insert_bolts_hand_tighten
2395249,-2344,-11340,11388,-1926,-810,2723,insert_bolts_hand_tighten
2395271,-1844,-12920,12016,839,-2709,324,insert_bolts_hand_tighten
2395293,-936,-11296,11476,3791,-2049,-37,insert_bolts_hand_tighten
2395315,-1360,-11076,11444,3163,-1114,778,insert_bolts_hand_tighten
2395337,-988,-9300,12640,-1645,-1027,1141,insert_bolts_hand_tighten
2395359,-1596,-11624,12600,-3851,-3602,1959,insert_bolts_hand_tighten
2395381,-636,-12464,11812,1251,-3863,3078,insert_bolts_hand_tighten
2395403,-1080,-11544,12452,2271,-3801,3692,insert_bolts_hand_tighten
2395425,-1696,-10980,12616,-1389,-3134,2069,insert_bolts_hand_tighten
2395447,-1156,-10416,12384,-3938,-1352,1150,insert_bolts_hand_tighten
2395469,-1644,-12828,11104,-3434,1182,-332,insert_bolts_hand_tighten
2395491,-3140,-13640,10228,-1971,-233,-1626,insert_bolts_hand_tighten
2395513,-2636,-11360,10820,-2189,-486,-3942,insert_bolts_hand_tighten
2395535,-2648,-10856,9344,-6151,-1578,-3626,insert_bolts_hand_tighten
2395557,-1316,-8760,11936,-16029,-1806,-2152,insert_bolts_hand_tighten
2395579,-1484,-10840,11896,-23410,-1365,-2083,insert_bolts_hand_tighten
2395601,-888,-13044,9668,-22644,-3660,-2416,insert_bolts_hand_tighten
2395623,-108,-16124,7828,-11262,1735,-4257,insert_bolts_hand_tighten
2395645,444,-18524,8052,634,2155,-2855,insert_bolts_hand_tighten
2395667,-320,-16040,7484,11265,5942,-4581,insert_bolts_hand_tighten
2395689,848,-14152,9108,17847,5772,-2630,insert_bolts_hand_tighten
2395711,296,-14280,10428,29327,5804,-1096,insert_bolts_hand_tighten
2395733,-608,-11084,10704,32767,5150,2650,insert_bolts_hand_tighten
2395755,-2860,-7352,11232,31498,3013,4962,insert_bolts_hand_tighten
2395777,-1496,-5928,12668,17168,-4490,8132,insert_bolts_hand_tighten
2395799,-3128,-9380,11676,7248,-3491,8801,insert_bolts_hand_tighten
2395821,-2952,-9812,12404,7236,-1684,5893,insert_bolts_hand_tighten
2395843,-2148,-10108,13068,9884,-2147,3878,insert_bolts_hand_tighten
2395865,-476,-6676,16356,7553,-2504,2552,insert_bolts_hand_tighten
2395887,-1116,-6840,18652,667,-3328,2711,insert_bolts_hand_tighten
2395909,-1200,-7964,17632,-4464,-2719,1993,insert_bolts_hand_tighten
2395931,-1064,-8744,15624,-6472,-725,347,insert_bolts_hand_tighten
2395953,-904,-10288,13500,-5915,505,-1049,insert_bolts_hand_tighten
2395975,1004,-11372,14236,-4168,452,-1958,insert_bolts_hand_tighten
2395997,184,-10384,14620,-5666,223,-2934,insert_bolts_hand_tighten
2396019,1124,-5868,14232,-12531,-1238,-2798,insert_bolts_hand_tighten
2396041,668,-4780,14256,-23320,-230,-2252,insert_bolts_hand_tighten
2396063,1248,-6524,14060,-29806,-251,-1908,insert_bolts_hand_tighten
2396085,1900,-9780,12796,-29960,-4165,665,insert_bolts_hand_tighten
2396107,776,-13728,9800,-27726,1327,-2908,insert_bolts_hand_tighten
2396129,1352,-16884,8060,-18262,2198,-2899,insert_bolts_hand_tighten
2396151,960,-16272,10864,-5387,3816,284,insert_bolts_hand_tighten
2396173,-760,-13832,10424,410,2146,2093,insert_bolts_hand_tighten
2396195,-1148,-13416,7056,844,1737,1452,insert_bolts_hand_tighten
2396217,-1332,-12608,6564,3440,949,1735,insert_bolts_hand_tighten
2396239,-2044,-15408,7600,14153,22,1355,insert_bolts_hand_tighten
2396261,-2784,-14288,8236,19623,-3610,3413,insert_bolts_hand_tighten
2396283,-2296,-9964,8208,14457,-6545,5464,insert_bolts_hand_tighten
2396305,-876,-9516,9480,3680,-7434,5952,insert_bolts_hand_tighten
2396327,-1156,-10396,11964,-6152,-2261,2270,insert_bolts_hand_tighten
2396349,-1028,-15708,12600,-2491,326,208,insert_bolts_hand_tighten
2396371,-1792,-15216,11732,2971,670,129,insert_bolts_hand_tighten
2396393,-1360,-12688,11592,-741,749,1377,insert_bolts_hand_tighten
2396415,-1364,-14364,11364,-5599,-661,1358,insert_bolts_hand_tighten
2396437,-1240,-16676,10584,-4443,-123,244,insert_bolts_hand_tighten
2396459,-1452,-16724,10172,2838,1232,-1835,insert_bolts_hand_tighten
2396481,-1444,-14128,11716,2844,725,-931,insert_bolts_hand_tighten
2396503,-1584,-12192,11384,-373,1569,-548,insert_bolts_hand_tighten
2396525,-1316,-13412,10368,-3123,1350,-1564,insert_bolts_hand_tighten
2396547,-852,-12520,10116,-2142,1875,-2947,insert_bolts_hand_tighten
2396569,-784,-10896,10472,-4793,2170,-3433,insert_bolts_hand_tighten
2396591,-484,-11820,11356,-10052,3050,-4466,insert_bolts_hand_tighten
2396613,-332,-12524,10352,-11683,2625,-6085,insert_bolts_hand_tighten
2396635,1576,-19364,9392,-2955,1941,-5849,insert_bolts_hand_tighten
2396657,-116,-15628,9564,6601,4770,-4362,insert_bolts_hand_tighten
2396679,-696,-13004,8576,6186,1881,-3699,insert_bolts_hand_tighten
2396701,368,-12960,8460,8005,1515,-2935,insert_bolts_hand_tighten
2396723,644,-12264,10136,9903,2223,-1557,insert_bolts_hand_tighten
2396745,-440,-12112,9648,10458,2581,-28,insert_bolts_hand_tighten
2396767,-2024,-11260,9760,13719,2861,1149,insert_bolts_hand_tighten
2396789,-2184,-12784,10408,18270,-391,3010,insert_bolts_hand_tighten
2396811,-1596,-8380,9048,18844,-1643,4975,insert_bolts_hand_tighten
2396833,420,-5824,11260,14050,-1386,5677,insert_bolts_hand_tighten
2396855,196,-8160,13440,10434,457,5359,insert_bolts_hand_tighten
2396877,-972,-8904,15100,12829,-4247,3326,insert_bolts_hand_tighten
2396899,680,-7112,16908,4256,-1060,1204,insert_bolts_hand_tighten
2396921,-252,-7620,16096,792,-1613,390,insert_bolts_hand_tighten
2396943,552,-8160,14064,-4433,150,385,insert_bolts_hand_tighten
2396965,-204,-10948,14140,-2583,-187,-690,insert_bolts_hand_tighten
2396987,-28,-9060,15812,-2116,-103,-457,insert_bolts_hand_tighten
2397009,600,-6696,15624,-5319,41,-215,insert_bolts_hand_tighten
2397031,224,-9456,13760,-5245,1155,-1359,insert_bolts_hand_tighten
2397053,-296,-9368,14036,-3647,356,-1948,insert_bolts_hand_tighten
2397075,-412,-7512,14400,-6449,-549,-2608,insert_bolts_hand_tighten
2397097,-412,-7556,14880,-11270,-460,-3462,insert_bolts_hand_tighten
2397119,676,-5296,14188,-16848,-279,-3196,insert_bolts_hand_tighten
2397141,1124,-9152,13516,-18133,1394,-2236,insert_bolts_hand_tighten
2397163,244,-15448,15036,-5461,1879,-2614,insert_bolts_hand_tighten
2397185,868,-11576,15900,1436,-1210,-126,insert_bolts_hand_tighten
2397207,-812,-7236,13272,-2581,524,-1068,insert_bolts_hand_tighten
2397229,12,-7452,11284,-9616,-2820,-1128,insert_bolts_hand_tighten
2397251,680,-13124,9304,-10900,-2353,-1346,insert_bolts_hand_tighten
2397273,2056,-15256,11828,10,34,-1520,insert_bolts_hand_tighten
2397295,1316,-11672,13068,415,-1191,-292,insert_bolts_hand_tighten
2397317,860,-11128,12128,-1699,-1571,-590,insert_bolts_hand_tighten
2397339,1552,-11040,11368,82,-1681,-915,insert_bolts_hand_tighten
2397361,1468,-10420,10724,596,-215,-772,insert_bolts_hand_tighten
2397383,1200,-11216,10772,-227,519,-1374,insert_bolts_hand_tighten
2397405,1292,-12216,11072,122,771,-2462,insert_bolts_hand_tighten
2397427,1228,-11384,10480,-129,1915,-2911,insert_bolts_hand_tighten
2397449,1224,-11416,9268,-1102,3140,-2575,insert_bolts_hand_tighten
2397471,1828,-12780,11116,-5118,5273,-1982,insert_bolts_hand_tighten
2397493,252,-13344,10976,-5805,6374,-702,insert_bolts_hand_tighten
2397515,772,-16660,10028,-3100,4378,1164,insert_bolts_hand_tighten
2397537,-1252,-15008,7992,1193,3779,2183,insert_bolts_hand_tighten
2397559,-1508,-13496,8520,2927,584,3418,insert_bolts_hand_tighten
2397581,-1196,-11540,9488,2526,-1763,3447,insert_bolts_hand_tighten
2397603,-428,-12268,10516,1362,-2466,2992,insert_bolts_hand_tighten
2397625,1552,-11392,12708,-5321,-458,1744,insert_bolts_hand_tighten
2397647,-764,-14844,11756,-837,1624,151,insert_bolts_hand_tighten
2397669,456,-10604,10840,-579,-928,1105,insert_bolts_hand_tighten
2397691,420,-14960,10056,-1668,740,1625,insert_bolts_hand_tighten
2397713,-932,-13616,9212,-1474,-1099,2253,insert_bolts_hand_tighten
2397735,200,-12252,9896,-6888,-2023,2577,insert_bolts_hand_tighten
2397757,316,-13832,11068,-7720,-1175,883,insert_bolts_hand_tighten
2397779,-548,-13404,10996,-6211,-524,-936,insert_bolts_hand_tighten
2397801,1216,-11976,12968,-7405,-779,1165,insert_bolts_hand_tighten
2397823,428,-10844,10452,-12358,-672,139,insert_bolts_hand_tighten
2397845,-284,-15264,7312,-10816,-328,-2534,insert_bolts_hand_tighten
2397867,-92,-13392,8508,-5417,-1082,-2418,insert_bolts_hand_tighten
2397889,456,-11232,10492,-8618,-882,-2050,insert_bolts_hand_tighten
2397911,600,-12068,9524,-11980,-1693,-2108,insert_bolts_hand_tighten
2397933,332,-16900,6416,-9779,-1031,-2599,insert_bolts_hand_tighten
2397955,160,-17644,7188,-490,294,-2705,insert_bolts_hand_tighten
2397977,228,-15080,8132,1781,-655,-1778,insert_bolts_hand_tighten
2397999,904,-13132,7752,-1398,-1737,-939,insert_bolts_hand_tighten
2398021,1808,-13592,7052,-5636,-2537,-920,insert_bolts_hand_tighten
2398043,1824,-17576,4948,-3975,-2317,-934,insert_bolts_hand_tighten
2398065,2528,-16608,5860,2783,-1219,-970,insert_bolts_hand_tighten
2398087,1984,-14580,7588,2820,-1902,-194,insert_bolts_hand_tighten
2398109,1548,-14380,7896,1318,-1821,105,insert_bolts_hand_tighten
2398131,2280,-14216,8432,638,-1617,301,insert_bolts_hand_tighten
2398153,2252,-14132,8960,561,99,618,insert_bolts_hand_tighten
2398175,1956,-14208,7724,-45,1135,176,insert_bolts_hand_tighten
2398197,1660,-14376,7048,-264,2146,-227,insert_bolts_hand_tighten
2398219,1196,-13812,6176,-1491,2938,-131,insert_bolts_hand_tighten
2398241,828,-13836,6148,-3106,3103,-107,insert_bolts_hand_tighten
2398263,748,-13976,6032,-3499,3075,-450,insert_bolts_hand_tighten
2398285,952,-14244,5624,-4197,3238,-627,insert_bolts_hand_tighten
2398307,1024,-16136,5456,-6062,4730,-569,insert_bolts_hand_tighten
2398329,776,-16896,4888,25,3073,-1844,insert_bolts_hand_tighten
2398351,896,-15144,5384,-492,3610,-3062,insert_bolts_hand_tighten
2398373,1160,-15600,6256,-185,4065,-4923,insert_bolts_hand_tighten
2398395,1652,-15544,7212,1337,264,-2508,insert_bolts_hand_tighten
2398417,1308,-20176,6408,7127,-1064,-1470,insert_bolts_hand_tighten
2398439,1236,-17464,6908,14456,-1998,-1503,insert_bolts_hand_tighten
2398461,1340,-15096,7468,16025,-3329,-708,insert_bolts_hand_tighten
2398483,1708,-11580,8984,15261,-1865,-1000,insert_bolts_hand_tighten
2398505,1784,-9916,10456,10383,-410,-1270,insert_bolts_hand_tighten
2398527,3592,-10684,11684,2685,-824,602,insert_bolts_hand_tighten
2398549,1964,-12708,10604,-842,-295,-732,insert_bolts_hand_tighten
2398571,1948,-13268,9052,-503,-1332,-1130,insert_bolts_hand_tighten
2398593,3132,-13924,8700,-1374,-1285,-905,insert_bolts_hand_tighten
2398615,2420,-13612,8460,-2053,342,-827,insert_bolts_hand_tighten
2398637,2380,-13576,8360,-2854,-621,6,insert_bolts_hand_tighten
2398659,2668,-14508,8556,-3044,-179,317,insert_bolts_hand_tighten
2398681,2084,-14176,8628,-2366,-87,157,insert_bolts_hand_tighten
2398703,2172,-14024,8564,-1932,-121,-103,insert_bolts_hand_tighten
2398725,1780,-13856,8692,-1598,525,-213,insert_bolts_hand_tighten
2398747,1368,-13168,8488,-2073,533,-314,insert_bolts_hand_tighten
2398769,1120,-13080,8416,-2888,541,-275,insert_bolts_hand_tighten
2398791,964,-13448,7704,-1871,450,-869,insert_bolts_hand_tighten
2398813,804,-13588,7772,668,642,-1799,insert_bolts_hand_tighten
2398835,1408,-14064,8860,2024,74,-2239,insert_bolts_hand_tighten
2398857,1680,-13224,8388,2153,-170,-3052,insert_bolts_hand_tighten
2398879,2636,-11760,8940,1239,-813,-2696,insert_bolts_hand_tighten
2398901,3148,-11324,9596,-640,-157,-1919,insert_bolts_hand_tighten
2398923,3364,-12104,9048,-2737,-135,-1423,insert_bolts_hand_tighten
2398945,4284,-15172,9156,-1508,565,-335,insert_bolts_hand_tighten
2398967,4184,-16632,9800,2105,751,-368,insert_bolts_hand_tighten
2398989,3868,-15236,9796,399,-1057,633,insert_bolts_hand_tighten
2399011,3636,-14288,9408,-3299,-469,504,insert_bolts_hand_tighten
2399033,3252,-13228,9128,-5428,-10,3,insert_bolts_hand_tighten
2399055,2904,-13548,9112,-5821,932,-425,insert_bolts_hand_tighten
2399077,3036,-13420,9168,-3729,1644,-1133,insert_bolts_hand_tighten
2399099,3072,-13844,8948,-2783,864,-1433,insert_bolts_hand_tighten
2399121,3092,-14968,8196,-1730,666,-1891,insert_bolts_hand_tighten
2399143,2952,-14400,7304,-480,1038,-2766,insert_bolts_hand_tighten
2399165,3360,-14100,6920,422,747,-3214,insert_bolts_hand_tighten
2399187,2940,-14556,6944,2199,1402,-3928,insert_bolts_hand_tighten
2399209,2844,-14436,6296,4156,-930,-4094,insert_bolts_hand_tighten
2399231,4592,-13892,7156,3711,-2463,-3589,insert_bolts_hand_tighten
2399253,3952,-14596,7860,1777,-343,-3696,insert_bolts_hand_tighten
2399275,4396,-14412,8020,4991,-1336,-3909,insert_bolts_hand_tighten
2399297,5196,-13548,8292,8381,-1123,-3153,insert_bolts_hand_tighten
2399319,5064,-14400,8216,13641,599,-1822,insert_bolts_hand_tighten
2399341,5056,-13416,8668,17554,997,-743,insert_bolts_hand_tighten
2399363,5584,-12348,10500,17665,3748,-131,insert_bolts_hand_tighten
2399385,4592,-11132,12484,15305,4583,42,insert_bolts_hand_tighten
2399407,4216,-9764,13212,11446,4120,-459,insert_bolts_hand_tighten
2399429,4240,-9172,13896,7380,4014,-1458,insert_bolts_hand_tighten
2399451,4092,-9080,13380,3703,4396,-2169,insert_bolts_hand_tighten
2399473,4444,-9668,13444,1829,4687,-2941,insert_bolts_hand_tighten
2399495,4268,-9692,12672,286,5125,-3674,insert_bolts_hand_tighten
2399517,3732,-9832,12280,-816,5629,-4081,insert_bolts_hand_tighten
2399539,3768,-10188,12108,-959,5728,-4125,insert_bolts_hand_tighten
2399561,3532,-10016,11920,-1137,5738,-3838,insert_bolts_hand_tighten
2399583,3288,-10536,11680,-1016,5550,-3449,insert_bolts_hand_tighten
2399605,3240,-11560,12196,1336,4891,-3568,insert_bolts_hand_tighten
2399627,2992,-11964,12724,5961,5208,-3554,insert_bolts_hand_tighten
2399649,2824,-10628,12976,9005,4284,-2975,insert_bolts_hand_tighten
2399671,2540,-9220,13200,7905,2201,-1792,insert_bolts_hand_tighten
2399693,2784,-9636,13164,6724,439,-1063,insert_bolts_hand_tighten
2399715,3012,-9640,13836,7495,1078,-678,insert_bolts_hand_tighten
2399737,2744,-9188,14544,7735,778,-272,insert_bolts_hand_tighten
2399759,2916,-7996,14784,6907,192,-56,insert_bolts_hand_tighten
2399781,2972,-7944,14576,5214,-284,13,insert_bolts_hand_tighten
2399803,3192,-7300,14244,3584,92,-205,insert_bolts_hand_tighten
2399825,2988,-7172,14696,1701,614,-359,insert_bolts_hand_tighten
2399847,2836,-7144,15240,841,1449,-539,insert_bolts_hand_tighten
2399869,2644,-7136,15364,-130,1200,-647,insert_bolts_hand_tighten
2399891,2768,-7400,14980,-1496,168,-686,insert_bolts_hand_tighten
2399913,3008,-7648,15340,-1088,387,-930,insert_bolts_hand_tighten
2399935,3144,-7608,15112,-1015,337,-1033,insert_bolts_hand_tighten
2399957,3288,-7860,14720,-1367,170,-841,insert_bolts_hand_tighten
2399979,3404,-8060,14924,-828,473,-634,insert_bolts_hand_tighten
2400001,3228,-7980,14192,-1030,198,-131,insert_bolts_hand_tighten
2400023,3468,-8312,14940,-194,390,-47,insert_bolts_hand_tighten
2400045,3172,-7576,14716,169,426,112,insert_bolts_hand_tighten
2400067,3268,-7812,14608,85,159,47,insert_bolts_hand_tighten
2400089,3108,-7356,14700,75,594,-61,insert_bolts_hand_tighten
2400111,3096,-7520,14452,-419,360,-300,insert_bolts_hand_tighten
2400133,3144,-7492,14636,97,816,-581,insert_bolts_hand_tighten
2400155,2988,-7512,14664,17,842,-633,insert_bolts_hand_tighten
2400177,3052,-7608,14660,-181,811,-507,insert_bolts_hand_tighten
2400199,3148,-7344,14796,-500,857,-444,insert_bolts_hand_tighten
2400221,3092,-7800,14720,-597,805,-485,insert_bolts_hand_tighten
2400243,3052,-7524,14772,-458,1072,-505,insert_bolts_hand_tighten
2400265,3008,-7720,14844,-689,813,-384,insert_bolts_hand_tighten
2400287,3052,-7612,14856,-520,817,-224,insert_bolts_hand_tighten
2400309,3108,-7572,14472,-762,659,-99,insert_bolts_hand_tighten
2400331,3024,-7664,14644,-586,512,-142,insert_bolts_hand_tighten
2400353,3040,-7540,14760,-367,298,-142,insert_bolts_hand_tighten
2400375,3084,-7604,14440,-181,156,-185,insert_bolts_hand_tighten
2400397,3120,-7636,14628,-158,179,-143,insert_bolts_hand_tighten
2400419,3064,-7652,14764,-308,-7,-228,insert_bolts_hand_tighten
2400441,3228,-7748,14880,-242,-74,-220,insert_bolts_hand_tighten
2400463,3304,-7472,14420,-579,71,-244,insert_bolts_hand_tighten
2400485,3352,-8144,14648,-514,248,-237,insert_bolts_hand_tighten
2400507,3428,-7648,15048,-195,692,-261,insert_bolts_hand_tighten
2400529,3248,-7796,14828,-465,602,-381,insert_bolts_hand_tighten
2400551,3320,-7524,14688,-573,743,-398,insert_bolts_hand_tighten
2400573,3176,-7480,14492,-973,558,-280,insert_bolts_hand_tighten
2400595,2984,-7612,14324,-861,698,-360,insert_bolts_hand_tighten
2400617,3112,-7600,14152,-1152,385,-351,insert_bolts_hand_tighten
2400639,3096,-7768,14372,-546,492,-271,insert_bolts_hand_tighten
2400661,2968,-7844,14572,-581,166,-82,insert_bolts_hand_tighten
2400683,3016,-7640,14584,-579,34,-49,insert_bolts_hand_tighten
2400705,2968,-8004,14656,-543,35,-27,insert_bolts_hand_tighten
2400727,2972,-7924,15084,-336,252,57,insert_bolts_hand_tighten
2400749,3000,-8212,15292,6,234,-137,insert_bolts_hand_tighten
2400771,3236,-7996,15232,31,380,-99,insert_bolts_hand_tighten
2400793,3236,-7964,15088,-171,639,-94,insert_bolts_hand_tighten
2400815,3224,-8044,14880,-638,860,-91,insert_bolts_hand_tighten
2400837,3188,-7744,14848,-683,1297,-144,insert_bolts_hand_tighten
2400859,3148,-7732,14472,-604,1420,-167,insert_bolts_hand_tighten
2400881,3060,-7628,13964,-448,1217,-234,insert_bolts_hand_tighten
2400903,2900,-7648,13668,-501,1032,-311,insert_bolts_hand_tighten
2400925,2832,-7884,14076,-546,758,-283,insert_bolts_hand_tighten
2400947,2896,-7848,14408,-107,496,-371,insert_bolts_hand_tighten
2400969,2864,-7724,14108,33,402,-412,insert_bolts_hand_tighten
2400991,3080,-7844,14424,-303,298,-428,insert_bolts_hand_tighten
2401013,3192,-7820,14700,-495,436,-502,insert_bolts_hand_tighten
2401035,3084,-7996,14880,-525,870,-531,insert_bolts_hand_tighten
2401057,3048,-7828,14848,-510,992,-556,insert_bolts_hand_tighten
2401079,2828,-7828,14676,-751,924,-678,insert_bolts_hand_tighten
2401101,2744,-7692,14424,-780,797,-703,insert_bolts_hand_tighten
2401123,2716,-7744,14272,-925,530,-721,insert_bolts_hand_tighten
2401145,2620,-7888,14220,-837,196,-617,insert_bolts_hand_tighten
2401167,2812,-7824,14532,-378,36,-638,insert_bolts_hand_tighten
2401189,3004,-7924,14472,-138,-315,-677,insert_bolts_hand_tighten
2401211,3124,-8008,14188,-298,-439,-712,insert_bolts_hand_tighten
2401233,3176,-7940,14152,-830,-649,-500,insert_bolts_hand_tighten
2401255,3128,-8208,14584,-1089,-581,-346,insert_bolts_hand_tighten
2401277,3124,-8496,14724,-627,-536,-329,insert_bolts_hand_tighten
2401299,3028,-8308,14616,-104,-450,-327,insert_bolts_hand_tighten
2401321,2840,-8208,14644,9,-429,-285,insert_bolts_hand_tighten
2401343,2816,-8168,14524,-327,-442,-171,insert_bolts_hand_tighten
2401365,2756,-8096,14652,-210,-214,-269,insert_bolts_hand_tighten
2401387,2840,-8220,14700,27,-262,-186,insert_bolts_hand_tighten
2401409,3100,-8152,14676,-38,-287,-130,insert_bolts_hand_tighten
2401431,3188,-8080,14380,-234,-334,38,insert_bolts_hand_tighten
2401453,3220,-8132,14572,-182,40,80,insert_bolts_hand_tighten
2401475,3360,-8024,14780,-220,283,169,insert_bolts_hand_tighten
2401497,3320,-7968,14728,-16,351,181,insert_bolts_hand_tighten
2401519,3284,-7824,14576,-122,209,235,insert_bolts_hand_tighten
2401541,3348,-7780,14460,87,79,189,insert_bolts_hand_tighten
2401563,3480,-7712,14456,301,61,126,insert_bolts_hand_tighten
2401585,3456,-7568,14492,225,88,0,insert_bolts_hand_tighten
2401607,3488,-7640,14496,172,114,-160,insert_bolts_hand_tighten
2401629,3404,-7664,14352,60,54,-212,insert_bolts_hand_tighten
2401651,3384,-7532,14304,115,-37,-239,insert_bolts_hand_tighten
2401673,3484,-7676,14328,88,-112,-265,insert_bolts_hand_tighten
2401695,3468,-7764,14444,121,-166,-298,insert_bolts_hand_tighten
2401717,3412,-7764,14452,95,-304,-219,insert_bolts_hand_tighten
2401739,3432,-7720,14556,75,-368,-188,insert_bolts_hand_tighten
2401761,3492,-7784,14388,10,-398,-168,insert_bolts_hand_tighten
2401783,3456,-7752,14316,80,-309,-93,insert_bolts_hand_tighten
2401805,3428,-7552,14480,-82,-294,-114,insert_bolts_hand_tighten
2401827,3452,-7776,14664,57,-346,-150,insert_bolts_hand_tighten
2401849,3428,-7716,14504,-202,-292,-155,insert_bolts_hand_tighten
2401871,3404,-7716,14592,-195,-156,-136,insert_bolts_hand_tighten
2401893,3296,-7824,14676,-238,-132,-24,insert_bolts_hand_tighten
2401915,3268,-7752,14572,-225,-28,136,insert_bolts_hand_tighten
2401937,3324,-7756,14680,-243,-116,237,insert_bolts_hand_tighten
2401959,3484,-7696,14648,-10,27,270,insert_bolts_hand_tighten
2401981,3580,-7736,14608,-212,182,239,insert_bolts_hand_tighten
2402003,3520,-7616,14436,-462,238,260,insert_bolts_hand_tighten
2402025,3664,-7992,14588,-505,271,246,insert_bolts_hand_tighten
2402047,3704,-7880,14580,-477,223,444,insert_bolts_hand_tighten
2402069,3840,-7904,14392,-338,189,534,insert_bolts_hand_tighten
2402091,3764,-7768,14416,-307,161,591,insert_bolts_hand_tighten
2402113,3708,-7724,14372,-233,40,451,insert_bolts_hand_tighten
2402135,3728,-7688,14404,-457,-22,413,insert_bolts_hand_tighten
2402157,3744,-7640,14264,-426,-38,375,insert_bolts_hand_tighten
2402179,3612,-7668,14204,-376,-109,343,insert_bolts_hand_tighten
2402201,3692,-7704,14440,-289,-299,394,insert_bolts_hand_tighten
2402223,3720,-7776,14432,-342,-364,428,insert_bolts_hand_tighten
2402245,3672,-8084,14484,-203,-461,388,insert_bolts_hand_tighten
2402267,3740,-7872,14548,-166,-349,346,insert_bolts_hand_tighten
2402289,3668,-7760,14568,-186,-417,376,insert_bolts_hand_tighten
2402311,3684,-7732,14408,-195,-375,391,insert_bolts_hand_tighten
2402333,3652,-7716,14432,-121,-380,365,insert_bolts_hand_tighten
2402355,3700,-7736,14392,-115,-386,369,insert_bolts_hand_tighten
2402377,3728,-7856,14580,-122,-327,257,insert_bolts_hand_tighten
2402399,3736,-7868,14492,-141,-239,247,insert_bolts_hand_tighten
2402421,3844,-7864,14628,-82,-163,216,insert_bolts_hand_tighten
2402443,3900,-7868,14648,-127,-144,328,insert_bolts_hand_tighten
2402465,3876,-7900,14600,-54,-46,368,insert_bolts_hand_tighten
2402487,3840,-7856,14732,-75,-18,336,insert_bolts_hand_tighten
2402509,3868,-7676,14536,-71,205,324,insert_bolts_hand_tighten
2402531,3692,-7428,14256,-167,354,288,insert_bolts_hand_tighten
2402553,3692,-7596,14408,-228,369,164,insert_bolts_hand_tighten
2402575,3712,-7548,14304,-189,330,45,insert_bolts_hand_tighten
2402597,3828,-7596,14500,-257,333,-102,insert_bolts_hand_tighten
2402619,3780,-7812,14436,-325,252,-109,insert_bolts_hand_tighten
2402641,3776,-7768,14260,-300,220,73,insert_bolts_hand_tighten
2402663,3796,-7980,14368,-6,36,171,insert_bolts_hand_tighten
2402685,3916,-7812,14348,-33,-22,186,insert_bolts_hand_tighten
2402707,3932,-7868,14300,-302,42,158,insert_bolts_hand_tighten
2402729,3780,-7796,14408,-572,161,146,insert_bolts_hand_tighten
2402751,3628,-7908,14440,-311,117,89,insert_bolts_hand_tighten
2402773,3648,-7720,14356,-274,35,121,insert_bolts_hand_tighten
2402795,3748,-7752,14400,-289,-49,159,insert_bolts_hand_tighten
2402817,3864,-7664,14428,-285,-112,142,insert_bolts_hand_tighten
2402839,3900,-7744,14280,-311,-188,74,insert_bolts_hand_tighten
2402861,4024,-7776,14256,-454,-256,-12,insert_bolts_hand_tighten
2402883,4148,-7844,14368,-585,-293,21,insert_bolts_hand_tighten
2402905,4240,-8016,14308,-535,-299,29,insert_bolts_hand_tighten
2402927,4052,-7828,14284,-784,-215,114,insert_bolts_hand_tighten
2402949,3952,-8012,14216,-568,-251,218,insert_bolts_hand_tighten
2402971,3984,-7952,14268,-492,-345,341,insert_bolts_hand_tighten
2402993,3892,-7824,14304,-363,-418,334,insert_bolts_hand_tighten
2403015,3948,-7832,14580,-323,-502,381,insert_bolts_hand_tighten
2403037,3852,-7824,14492,-471,-389,304,insert_bolts_hand_tighten
2403059,3884,-7836,14676,-350,-229,354,insert_bolts_hand_tighten
2403081,3888,-7660,14684,-139,-83,256,insert_bolts_hand_tighten
2403103,3920,-7552,14728,-78,147,87,insert_bolts_hand_tighten
2403125,3900,-7496,14564,-239,285,35,insert_bolts_hand_tighten
2403147,3896,-7444,14372,-243,342,-112,insert_bolts_hand_tighten
2403169,3944,-7812,14600,-117,200,-167,insert_bolts_hand_tighten
2403191,4076,-7880,14680,85,237,-121,insert_bolts_hand_tighten
2403213,4184,-7708,14640,223,398,-82,insert_bolts_hand_tighten
2403235,4196,-7768,14476,-29,618,-104,insert_bolts_hand_tighten
2403257,4024,-7736,14680,-203,967,-116,insert_bolts_hand_tighten
2403279,4048,-7656,14548,-207,1089,-255,insert_bolts_hand_tighten
