time_ms,ax,ay,az,gx,gy,gz,label
1856403,-388,-15460,6004,808,898,-339,insert_bolts_hand_tighten
1856425,-376,-15100,5968,1052,473,-225,insert_bolts_hand_tighten
1856447,-196,-14900,6532,889,505,-66,insert_bolts_hand_tighten
1856469,-72,-15304,6764,1123,344,-23,insert_bolts_hand_tighten
1856491,-32,-15256,6968,1583,632,7,insert_bolts_hand_tighten
1856513,112,-14404,6864,1449,712,90,insert_bolts_hand_tighten
1856535,384,-13720,6692,524,1337,100,insert_bolts_hand_tighten
1856557,412,-14188,6208,-486,2125,80,insert_bolts_hand_tighten
1856579,280,-15828,5956,75,2965,-247,insert_bolts_hand_tighten
1856601,-64,-17076,5888,2560,2747,-191,insert_bolts_hand_tighten
1856623,-632,-16420,6352,4695,3193,-234,insert_bolts_hand_tighten
1856645,-928,-14568,8592,6500,3052,-369,insert_bolts_hand_tighten
1856667,-448,-14092,9320,6908,3271,-597,insert_bolts_hand_tighten
1856689,308,-14792,9168,6347,4280,-399,insert_bolts_hand_tighten
1856711,-196,-14820,8176,4799,6452,-463,insert_bolts_hand_tighten
1856733,-336,-14968,7864,4671,6307,-1074,insert_bolts_hand_tighten
1856755,-504,-15116,8368,6551,6216,-1400,insert_bolts_hand_tighten
1856777,-332,-14780,9796,7909,5073,-1391,insert_bolts_hand_tighten
1856799,-312,-13336,10492,7766,4486,-837,insert_bolts_hand_tighten
1856821,-268,-13452,9768,6921,4757,-45,insert_bolts_hand_tighten
1856843,-516,-14296,8572,7263,5519,580,insert_bolts_hand_tighten
1856865,-956,-15920,10084,10136,6084,1400,insert_bolts_hand_tighten
1856887,-664,-15068,11948,14475,6861,1049,insert_bolts_hand_tighten
1856909,-872,-15188,13104,19210,7442,1668,insert_bolts_hand_tighten
1856931,-720,-14712,13700,23471,8244,1688,insert_bolts_hand_tighten
1856953,-1232,-11236,13948,24920,10083,1446,insert_bolts_hand_tighten
1856975,-1932,-10432,14664,24635,11233,719,insert_bolts_hand_tighten
1856997,-2080,-8824,15232,23869,11280,209,insert_bolts_hand_tighten
1857019,-3076,-5488,15544,19522,13215,-715,insert_bolts_hand_tighten
1857041,-4156,-3848,15120,13359,13780,-1788,insert_bolts_hand_tighten
1857063,-5084,-3360,14960,8290,12448,-2417,insert_bolts_hand_tighten
1857085,-5340,-5224,14268,6697,11888,-3262,insert_bolts_hand_tighten
1857107,-5704,-6804,13528,8773,11409,-4154,insert_bolts_hand_tighten
1857129,-6492,-4676,12380,12359,11458,-4692,insert_bolts_hand_tighten
1857151,-7460,-2460,11220,10206,9993,-5078,insert_bolts_hand_tighten
1857173,-7848,-2932,10560,6751,6705,-4787,insert_bolts_hand_tighten
1857195,-7776,-4952,11008,6078,3903,-4508,insert_bolts_hand_tighten
1857217,-7804,-4780,11260,7399,3155,-4495,insert_bolts_hand_tighten
1857239,-7988,-3756,10172,7386,1610,-4506,insert_bolts_hand_tighten
1857261,-8208,-3204,10764,6300,184,-4047,insert_bolts_hand_tighten
1857283,-7764,-5052,12160,4205,-857,-4221,insert_bolts_hand_tighten
1857305,-7932,-5492,13516,5307,-260,-3981,insert_bolts_hand_tighten
1857327,-8244,-4572,14532,6304,-505,-3360,insert_bolts_hand_tighten
1857349,-8756,-2860,14952,5018,-2129,-2306,insert_bolts_hand_tighten
1857371,-8364,-3196,16036,3687,-3001,-2231,insert_bolts_hand_tighten
1857393,-7336,-4176,17204,2752,787,-2899,insert_bolts_hand_tighten
1857415,-8936,-4184,15764,6736,427,-1155,insert_bolts_hand_tighten
1857437,-7444,-1652,16340,6126,-2161,-1512,insert_bolts_hand_tighten
1857459,-6668,-1748,16520,3918,1420,-2886,insert_bolts_hand_tighten
1857481,-6148,-2568,16592,2833,2704,-2632,insert_bolts_hand_tighten
1857503,-6480,-2868,15860,1493,593,-2872,insert_bolts_hand_tighten
1857525,-6268,-3512,15392,341,-692,-3521,insert_bolts_hand_tighten
1857547,-6048,-4320,15328,-1136,-1553,-3469,insert_bolts_hand_tighten
1857569,-5988,-5700,15880,-2816,-2709,-3175,insert_bolts_hand_tighten
1857591,-5212,-5780,15940,-4226,-4341,-2858,insert_bolts_hand_tighten
1857613,-5184,-5504,15384,-5546,-4059,-2408,insert_bolts_hand_tighten
1857635,-5548,-5476,15548,-5805,-5121,-1871,insert_bolts_hand_tighten
1857657,-6228,-6088,15224,-4872,-6106,-2315,insert_bolts_hand_tighten
1857679,-6568,-6796,16592,-3775,-6696,-2862,insert_bolts_hand_tighten
1857701,-5336,-5544,18112,-4387,-7910,-2950,insert_bolts_hand_tighten
1857723,-4288,-4568,17960,-7335,-7711,-2631,insert_bolts_hand_tighten
1857745,-3516,-5312,17976,-8924,-6805,-2365,insert_bolts_hand_tighten
1857767,-3552,-8356,17556,-5674,-5234,-3390,insert_bolts_hand_tighten
1857789,-3160,-7188,18172,-1073,-4400,-3395,insert_bolts_hand_tighten
1857811,-3096,-4916,17636,-1136,-2238,-3073,insert_bolts_hand_tighten
1857833,-3092,-4460,15448,-2747,-2797,-3298,insert_bolts_hand_tighten
1857855,-2564,-5092,14072,-358,-3151,-3625,insert_bolts_hand_tighten
1857877,-1784,-5648,15672,3977,-3113,-4022,insert_bolts_hand_tighten
1857899,-1480,-3388,15920,6196,-2369,-3974,insert_bolts_hand_tighten
1857921,-1276,-1812,13588,4574,-3884,-4053,insert_bolts_hand_tighten
1857943,-908,-2596,12516,3430,-5268,-4483,insert_bolts_hand_tighten
1857965,-180,-2772,13676,2438,-6013,-4607,insert_bolts_hand_tighten
1857987,-420,-2816,13888,1621,-5895,-4853,insert_bolts_hand_tighten
1858009,-288,-3776,14096,2895,-6895,-5084,insert_bolts_hand_tighten
1858031,20,-3756,16436,3650,-7975,-4363,insert_bolts_hand_tighten
1858053,-280,-5112,16704,781,-7350,-3420,insert_bolts_hand_tighten
1858075,-704,-7492,14816,1451,-7160,-1665,insert_bolts_hand_tighten
1858097,-632,-5288,14140,5125,-5929,629,insert_bolts_hand_tighten
1858119,-208,-2844,14032,6838,-6686,825,insert_bolts_hand_tighten
1858141,868,-2204,14480,3313,-5951,802,insert_bolts_hand_tighten
1858163,1424,-3912,14520,-336,-5759,75,insert_bolts_hand_tighten
1858185,2392,-4036,15316,-1080,-4071,4,insert_bolts_hand_tighten
1858207,2760,-3296,16524,634,-2319,99,insert_bolts_hand_tighten
1858229,2868,-3040,15820,2981,-438,-308,insert_bolts_hand_tighten
1858251,2328,-2072,14540,2759,-178,-504,insert_bolts_hand_tighten
1858273,2336,-3160,15324,821,-409,-1171,insert_bolts_hand_tighten
1858295,2420,-3504,16064,2175,780,-877,insert_bolts_hand_tighten
1858317,1896,-2052,15956,2515,-701,-1050,insert_bolts_hand_tighten
1858339,2740,-2312,16324,2155,-759,-1690,insert_bolts_hand_tighten
1858361,2848,-2724,15896,1948,-138,-1878,insert_bolts_hand_tighten
1858383,2408,-2408,16088,693,243,-1981,insert_bolts_hand_tighten
1858405,2544,-3424,17016,-1391,-918,-2343,insert_bolts_hand_tighten
1858427,2776,-3704,16944,-1466,-1044,-2366,insert_bolts_hand_tighten
1858449,2824,-2972,16356,-1467,-1497,-1915,insert_bolts_hand_tighten
1858471,2880,-3212,15996,-1926,-1988,-1294,insert_bolts_hand_tighten
1858493,2860,-3984,16136,-741,-1675,-247,insert_bolts_hand_tighten
1858515,2508,-3204,16884,241,-1923,804,insert_bolts_hand_tighten
1858537,2772,-2708,17324,759,-1807,1293,insert_bolts_hand_tighten
1858559,2788,-2460,17040,1413,-1301,1382,insert_bolts_hand_tighten
1858581,3000,-2120,16108,626,-1050,1003,insert_bolts_hand_tighten
1858603,3260,-1916,16228,-766,-680,652,insert_bolts_hand_tighten
1858625,3292,-2432,16328,-1732,-632,240,insert_bolts_hand_tighten
1858647,3356,-2684,16332,-1472,-327,91,insert_bolts_hand_tighten
1858669,3440,-2860,16028,-1428,-318,132,insert_bolts_hand_tighten
1858691,3604,-2648,16196,-1084,-571,323,insert_bolts_hand_tighten
1858713,3700,-2916,16272,-640,-1020,184,insert_bolts_hand_tighten
1858735,3780,-2580,15884,-1020,-1198,90,insert_bolts_hand_tighten
1858757,3844,-3008,15820,-1716,-1443,222,insert_bolts_hand_tighten
1858779,4088,-2572,16848,-1519,-1182,300,insert_bolts_hand_tighten
1858801,3684,-2852,16608,-670,-1147,434,insert_bolts_hand_tighten
1858823,3856,-2368,16416,-392,-999,432,insert_bolts_hand_tighten
1858845,3760,-2644,15748,-1123,-1112,372,insert_bolts_hand_tighten
1858867,4092,-2004,16204,-1105,-869,464,insert_bolts_hand_tighten
1858889,3624,-2120,15956,-789,-157,340,insert_bolts_hand_tighten
1858911,3552,-2220,15544,-387,-80,-5,insert_bolts_hand_tighten
1858933,3488,-2452,15740,-1038,-184,-125,insert_bolts_hand_tighten
1858955,3716,-2756,16328,-1237,-542,-208,insert_bolts_hand_tighten
1858977,3948,-3476,16596,-732,-648,-267,insert_bolts_hand_tighten
1858999,4264,-3700,16516,-690,-499,2,insert_bolts_hand_tighten
1859021,4516,-4640,16900,-1008,-337,417,insert_bolts_hand_tighten
1859043,4744,-4808,17008,-919,10,1038,insert_bolts_hand_tighten
1859065,4604,-4144,17044,-786,309,1680,insert_bolts_hand_tighten
1859087,4224,-3936,16276,-1110,682,1878,insert_bolts_hand_tighten
1859109,4116,-3696,15460,-1305,1189,1936,insert_bolts_hand_tighten
1859131,3588,-3300,14972,-1302,1807,1961,insert_bolts_hand_tighten
1859153,3220,-2988,14888,-1383,1495,1428,insert_bolts_hand_tighten
1859175,2964,-3404,14924,-1644,1019,878,insert_bolts_hand_tighten
1859197,2960,-3604,15520,-1488,198,313,insert_bolts_hand_tighten
1859219,3184,-3692,15436,-2229,-671,188,insert_bolts_hand_tighten
1859241,3092,-4048,15728,-2619,-796,384,insert_bolts_hand_tighten
1859263,3084,-4300,15876,-2161,-765,317,insert_bolts_hand_tighten
1859285,3040,-4608,16432,-1210,-849,349,insert_bolts_hand_tighten
1859307,3496,-4628,16628,-680,-1029,397,insert_bolts_hand_tighten
1859329,3468,-4692,16084,-1929,-1541,484,insert_bolts_hand_tighten
1859351,3760,-4824,15860,-3500,-1491,1106,insert_bolts_hand_tighten
1859373,3808,-5432,15684,-4079,-1216,1326,insert_bolts_hand_tighten
1859395,3664,-6136,15760,-2447,-832,1731,insert_bolts_hand_tighten
1859417,3396,-6156,15560,-1162,-919,2192,insert_bolts_hand_tighten
1859439,3464,-6188,15476,-82,-1530,2588,insert_bolts_hand_tighten
1859461,3712,-5484,15128,221,-1976,2818,insert_bolts_hand_tighten
1859483,4172,-5192,14876,-293,-1935,2837,insert_bolts_hand_tighten
1859505,4276,-5584,15100,152,-1494,2536,insert_bolts_hand_tighten
1859527,4500,-5356,15200,930,-1043,2011,insert_bolts_hand_tighten
1859549,4500,-5008,14980,832,-863,1496,insert_bolts_hand_tighten
1859571,4580,-5120,14780,463,-1248,1045,insert_bolts_hand_tighten
1859593,4748,-4608,14768,-215,-1663,716,insert_bolts_hand_tighten
1859615,4708,-5304,14936,-591,-1700,448,insert_bolts_hand_tighten
1859637,4868,-5492,15372,-361,-1717,301,insert_bolts_hand_tighten
1859659,5128,-5492,15916,-198,-1586,177,insert_bolts_hand_tighten
1859681,5340,-5436,15996,-193,-1544,196,insert_bolts_hand_tighten
1859703,5316,-5508,15652,-152,-1198,230,insert_bolts_hand_tighten
1859725,5248,-4652,15512,-808,-673,770,insert_bolts_hand_tighten
1859747,5000,-5648,15464,-1534,-925,697,insert_bolts_hand_tighten
1859769,4912,-5556,15392,-783,-661,596,insert_bolts_hand_tighten
1859791,4876,-5336,15372,-1004,-639,607,insert_bolts_hand_tighten
1859813,4812,-5248,15016,-1254,-460,643,insert_bolts_hand_tighten
1859835,4888,-5076,15048,-1033,-532,686,insert_bolts_hand_tighten
1859857,5032,-5324,15204,-642,-753,546,insert_bolts_hand_tighten
1859879,4896,-5232,15192,-621,-846,356,insert_bolts_hand_tighten
1859901,5048,-5192,14920,-1296,-929,111,insert_bolts_hand_tighten
1859923,4988,-5472,14908,-1610,-833,-28,insert_bolts_hand_tighten
1859945,5156,-5484,15232,-800,-681,-91,insert_bolts_hand_tighten
1859967,4900,-5248,14988,-488,-853,-167,insert_bolts_hand_tighten
1859989,5248,-5348,14976,-753,-1165,-163,insert_bolts_hand_tighten
1860011,5296,-5344,15004,-989,-1277,-190,insert_bolts_hand_tighten
1860033,5388,-5276,14988,-1016,-1124,-268,insert_bolts_hand_tighten
1860055,5364,-5084,14784,-693,-1078,-372,insert_bolts_hand_tighten
1860077,5648,-5476,14568,-433,-1249,-483,insert_bolts_hand_tighten
1860099,5720,-5268,14332,-534,-1223,-304,insert_bolts_hand_tighten
1860121,5760,-5672,14816,-1059,-1683,-171,insert_bolts_hand_tighten
1860143,5700,-5684,14800,-906,-1455,5,insert_bolts_hand_tighten
1860165,5456,-5496,14576,-872,-1658,-84,insert_bolts_hand_tighten
1860187,5628,-5732,14724,-430,-1855,-108,insert_bolts_hand_tighten
1860209,5524,-5404,14328,-875,-1988,-55,insert_bolts_hand_tighten
1860231,5792,-5624,14112,-1361,-2136,-62,insert_bolts_hand_tighten
1860253,5744,-5612,13976,-1408,-1765,-85,insert_bolts_hand_tighten
1860275,5676,-5100,13588,-1315,-1494,-204,insert_bolts_hand_tighten
1860297,5452,-5000,13160,-1775,-1715,-478,insert_bolts_hand_tighten
1860319,5436,-5084,12404,-2219,-1858,-847,insert_bolts_hand_tighten
1860341,5384,-5392,12120,-2559,-2187,-1231,insert_bolts_hand_tighten
1860363,5484,-5708,12564,-1936,-2413,-1548,insert_bolts_hand_tighten
1860385,5516,-5904,13464,-1511,-2647,-2081,insert_bolts_hand_tighten
1860407,6364,-6180,13568,-1296,-4714,-2366,insert_bolts_hand_tighten
1860429,7068,-6380,13324,-2543,-4382,-2846,insert_bolts_hand_tighten
1860451,7076,-6520,12724,-4488,-4516,-2752,insert_bolts_hand_tighten
1860473,7432,-7816,12764,-3118,-3829,-2792,insert_bolts_hand_tighten
1860495,7300,-7588,13348,-1342,-2974,-2454,insert_bolts_hand_tighten
1860517,7144,-7656,13460,-786,-3980,-2332,insert_bolts_hand_tighten
1860539,7336,-6644,14008,-1177,-4565,-2258,insert_bolts_hand_tighten
1860561,7860,-5724,13844,-2745,-5118,-2578,insert_bolts_hand_tighten
1860583,8600,-6476,13020,-3172,-5322,-2960,insert_bolts_hand_tighten
1860605,9076,-8024,13364,-1649,-4515,-3156,insert_bolts_hand_tighten
1860627,9228,-6940,13632,-672,-3444,-2815,insert_bolts_hand_tighten
1860649,9320,-6288,13088,-1520,-4238,-2842,insert_bolts_hand_tighten
1860671,9492,-6136,12136,-1878,-5147,-2631,insert_bolts_hand_tighten
1860693,10256,-5648,12020,-1235,-5406,-2493,insert_bolts_hand_tighten
1860715,10336,-6212,12128,-174,-5052,-2315,insert_bolts_hand_tighten
1860737,10976,-6408,11952,404,-5027,-2614,insert_bolts_hand_tighten
1860759,11540,-6272,12644,2068,-4235,-2240,insert_bolts_hand_tighten
1860781,11496,-5700,12692,2245,-4660,-2282,insert_bolts_hand_tighten
1860803,11876,-4564,12072,2780,-4917,-2280,insert_bolts_hand_tighten
1860825,12160,-4276,10940,1171,-5122,-2483,insert_bolts_hand_tighten
1860847,12764,-5040,11180,1852,-3584,-2230,insert_bolts_hand_tighten
1860869,13068,-5644,11844,3446,-1830,-1896,insert_bolts_hand_tighten
1860891,12996,-4536,12108,4868,-1133,-1127,insert_bolts_hand_tighten
1860913,12888,-4040,12596,3353,-1390,-815,insert_bolts_hand_tighten
1860935,12988,-3668,12200,1779,-1728,-999,insert_bolts_hand_tighten
1860957,12628,-4204,11884,-229,-650,-1556,insert_bolts_hand_tighten
1860979,12816,-5192,11724,-466,191,-1355,insert_bolts_hand_tighten
1861001,12456,-4828,12116,54,1518,-429,insert_bolts_hand_tighten
1861023,12240,-4764,12252,982,243,312,insert_bolts_hand_tighten
1861045,12324,-4464,11712,1052,-511,428,insert_bolts_hand_tighten
1861067,12268,-3860,11440,307,-280,221,insert_bolts_hand_tighten
1861089,12268,-4744,11308,-281,-151,-159,insert_bolts_hand_tighten
1861111,12172,-3808,11652,800,693,326,insert_bolts_hand_tighten
1861133,12284,-4116,11648,47,141,485,insert_bolts_hand_tighten
1861155,11948,-3912,11312,-764,219,283,insert_bolts_hand_tighten
1861177,11936,-4180,11320,-1509,38,619,insert_bolts_hand_tighten
1861199,12004,-4324,11652,-1229,87,792,insert_bolts_hand_tighten
1861221,11844,-3952,11396,-1752,120,619,insert_bolts_hand_tighten
1861243,11676,-3920,11392,-1409,321,533,insert_bolts_hand_tighten
1861265,11932,-4336,11556,-1764,108,520,insert_bolts_hand_tighten
1861287,12112,-5048,11800,-1916,184,664,insert_bolts_hand_tighten
1861309,12432,-4300,11632,-1349,368,447,insert_bolts_hand_tighten
1861331,12012,-3788,11424,-3506,300,881,insert_bolts_hand_tighten
1861353,12080,-3332,10848,-5006,349,944,insert_bolts_hand_tighten
1861375,13308,-6220,11188,-5442,109,927,insert_bolts_hand_tighten
1861397,14980,-6592,13424,-3069,2172,1527,insert_bolts_hand_tighten
1861419,15568,-5912,13992,-5073,3037,2730,insert_bolts_hand_tighten
1861441,15392,-6760,14836,-8270,3432,4157,insert_bolts_hand_tighten
1861463,14960,-6272,13832,-11336,3863,5496,insert_bolts_hand_tighten
1861485,14868,-8136,12540,-11735,3334,7975,insert_bolts_hand_tighten
1861507,14652,-10180,12300,-8573,3390,10251,insert_bolts_hand_tighten
1861529,13484,-8580,12196,-6806,3477,12124,insert_bolts_hand_tighten
1861551,11548,-8716,12032,-9671,1671,13062,insert_bolts_hand_tighten
1861573,10740,-8644,11184,-11084,588,13233,insert_bolts_hand_tighten
1861595,9252,-9468,9600,-12257,-522,13424,insert_bolts_hand_tighten
1861617,8768,-13208,9464,-7500,-420,13430,insert_bolts_hand_tighten
1861639,8404,-14116,9464,-682,582,13661,insert_bolts_hand_tighten
1861661,8140,-11872,8620,2465,-427,14195,insert_bolts_hand_tighten
1861683,7216,-10244,8724,2639,275,14589,insert_bolts_hand_tighten
1861705,6696,-11120,9496,1568,123,14246,insert_bolts_hand_tighten
1861727,6840,-11192,10000,284,496,13288,insert_bolts_hand_tighten
1861749,6148,-10952,9404,-992,1604,12196,insert_bolts_hand_tighten
1861771,5348,-10420,8092,-2943,1581,11112,insert_bolts_hand_tighten
1861793,4808,-10632,7592,-4184,1118,10573,insert_bolts_hand_tighten
1861815,4252,-11344,7432,-3903,685,10395,insert_bolts_hand_tighten
1861837,3520,-10888,7336,-3819,-322,10046,insert_bolts_hand_tighten
1861859,2612,-10380,7092,-4227,-1379,9131,insert_bolts_hand_tighten
1861881,2592,-10508,6916,-4093,-1997,7891,insert_bolts_hand_tighten
1861903,2324,-10160,6320,-4052,-2258,7045,insert_bolts_hand_tighten
1861925,2096,-11272,6228,-3456,-2030,6123,insert_bolts_hand_tighten
1861947,2120,-12340,6724,-2632,-2092,5135,insert_bolts_hand_tighten
1861969,1912,-12580,7096,-1114,-2328,4203,insert_bolts_hand_tighten
1861991,1692,-11416,7448,-454,-2699,3621,insert_bolts_hand_tighten
1862013,1596,-11080,7948,-689,-3269,3469,insert_bolts_hand_tighten
1862035,2116,-13444,9008,-791,-3027,3096,insert_bolts_hand_tighten
1862057,2572,-15476,9560,286,-2218,2058,insert_bolts_hand_tighten
1862079,2372,-14072,8412,2759,-1026,1466,insert_bolts_hand_tighten
1862101,1736,-13112,7888,3205,209,797,insert_bolts_hand_tighten
1862123,1508,-12140,7960,2378,491,33,insert_bolts_hand_tighten
1862145,1844,-12604,8560,-373,287,-675,insert_bolts_hand_tighten
1862167,2332,-12900,8648,-3548,427,-837,insert_bolts_hand_tighten
1862189,2216,-13580,8304,-5146,180,-689,insert_bolts_hand_tighten
1862211,2332,-14072,7716,-5817,-473,-356,insert_bolts_hand_tighten
1862233,2792,-14968,7224,-7252,-722,-381,insert_bolts_hand_tighten
1862255,2848,-16108,7784,-6127,-367,-595,insert_bolts_hand_tighten
1862277,3084,-16000,8384,-4086,-186,-635,insert_bolts_hand_tighten
1862299,2640,-15600,8444,-3686,284,-351,insert_bolts_hand_tighten
1862321,2028,-14532,7448,-4349,171,-358,insert_bolts_hand_tighten
1862343,2060,-14524,6652,-5546,-181,-306,insert_bolts_hand_tighten
1862365,1488,-15432,6212,-4939,-73,-190,insert_bolts_hand_tighten
1862387,1972,-15712,6556,-2139,-1130,259,insert_bolts_hand_tighten
1862409,1876,-14604,7608,3134,-156,227,insert_bolts_hand_tighten
1862431,1792,-12632,7272,2139,808,5,insert_bolts_hand_tighten
1862453,2992,-14096,7236,-906,627,-398,insert_bolts_hand_tighten
1862475,2832,-13740,7776,-1726,2298,-1705,insert_bolts_hand_tighten
1862497,2760,-14808,7792,-1602,2867,-2059,insert_bolts_hand_tighten
1862519,3052,-15356,7412,-1234,2227,-1681,insert_bolts_hand_tighten
1862541,3552,-16212,6280,-252,1989,-1561,insert_bolts_hand_tighten
1862563,3468,-15696,5992,1110,2116,-1238,insert_bolts_hand_tighten
1862585,3300,-15076,5952,1491,1563,-1173,insert_bolts_hand_tighten
1862607,3268,-14672,5684,720,1009,-1433,insert_bolts_hand_tighten
1862629,3400,-15156,5944,1051,802,-1734,insert_bolts_hand_tighten
1862651,3864,-16052,6988,2456,577,-1785,insert_bolts_hand_tighten
1862673,3736,-15968,6520,4840,1185,-2122,insert_bolts_hand_tighten
1862695,3440,-14788,7056,6965,2303,-1929,insert_bolts_hand_tighten
1862717,2984,-14896,7856,6185,3308,-2092,insert_bolts_hand_tighten
1862739,3136,-16300,8832,6893,3548,-1898,insert_bolts_hand_tighten
1862761,3516,-15868,9660,8951,4456,-1313,insert_bolts_hand_tighten
1862783,2944,-14768,9028,7743,3045,-80,insert_bolts_hand_tighten
1862805,2420,-14188,8700,5489,3178,565,insert_bolts_hand_tighten
1862827,2348,-14376,8196,3746,2381,773,insert_bolts_hand_tighten
1862849,2232,-14556,8532,3155,1829,850,insert_bolts_hand_tighten
1862871,2360,-13996,8644,4112,1395,971,insert_bolts_hand_tighten
1862893,2160,-12712,8276,4023,1665,2074,insert_bolts_hand_tighten
1862915,1864,-12308,8832,2849,-286,3021,insert_bolts_hand_tighten
1862937,2352,-12012,8740,2666,-1937,3358,insert_bolts_hand_tighten
1862959,2840,-12572,8704,1351,-2454,3638,insert_bolts_hand_tighten
1862981,2908,-12572,8920,2081,-2667,3873,insert_bolts_hand_tighten
1863003,3284,-12740,9824,2503,-2890,3669,insert_bolts_hand_tighten
1863025,3652,-13088,10436,2949,-2256,2599,insert_bolts_hand_tighten
1863047,3808,-12884,10756,3921,-1600,2520,insert_bolts_hand_tighten
1863069,3732,-12784,10916,3559,-942,2514,insert_bolts_hand_tighten
1863091,3564,-12304,10808,1096,-131,1927,insert_bolts_hand_tighten
1863113,3292,-12260,10380,-921,84,1191,insert_bolts_hand_tighten
1863135,2808,-12708,10404,-163,217,868,insert_bolts_hand_tighten
1863157,2552,-12872,10616,1640,-738,948,insert_bolts_hand_tighten
1863179,2520,-12456,10192,3671,-2151,1010,insert_bolts_hand_tighten
1863201,2544,-11536,9976,4350,-2236,1627,insert_bolts_hand_tighten
1863223,2684,-11692,10072,3230,-2460,1812,insert_bolts_hand_tighten
1863245,2512,-11704,10624,3157,-2080,1243,insert_bolts_hand_tighten
1863267,2540,-11692,11096,5212,-1545,1086,insert_bolts_hand_tighten
1863289,2352,-11164,11376,6935,-1277,654,insert_bolts_hand_tighten
1863311,2816,-11004,11676,8547,-2170,-56,insert_bolts_hand_tighten
1863333,3332,-9356,11420,9291,-1340,194,insert_bolts_hand_tighten
1863355,3496,-9392,11820,7182,-1456,774,insert_bolts_hand_tighten
1863377,4064,-10556,13672,4977,-2052,548,insert_bolts_hand_tighten
1863399,4904,-11124,15440,9237,-1258,-459,insert_bolts_hand_tighten
1863421,5364,-11104,16380,12281,194,232,insert_bolts_hand_tighten
1863443,4432,-6872,15064,5962,2437,1973,insert_bolts_hand_tighten
1863465,2372,-8012,13364,-1609,990,2104,insert_bolts_hand_tighten
1863487,1296,-9104,12504,-4145,612,1047,insert_bolts_hand_tighten
1863509,1924,-11708,12888,2885,-409,435,insert_bolts_hand_tighten
1863531,2456,-8588,14196,11930,532,968,insert_bolts_hand_tighten
1863553,2372,-8104,15004,5405,-170,229,insert_bolts_hand_tighten
1863575,3764,-8028,14788,4114,-208,376,insert_bolts_hand_tighten
1863597,3744,-8536,14336,4797,113,813,insert_bolts_hand_tighten
1863619,3076,-7484,14296,2910,694,644,insert_bolts_hand_tighten
1863641,3168,-5880,14672,3588,426,632,insert_bolts_hand_tighten
1863663,2504,-5400,13180,2232,362,-13,insert_bolts_hand_tighten
1863685,3156,-6004,14480,1143,102,-610,insert_bolts_hand_tighten
1863707,2696,-5188,14460,-2368,-43,-911,insert_bolts_hand_tighten
1863729,3304,-5160,14944,-6916,-1034,-421,insert_bolts_hand_tighten
1863751,3620,-6592,14472,-10039,-1677,-1283,insert_bolts_hand_tighten
1863773,3844,-8116,14624,-11091,-603,-1935,insert_bolts_hand_tighten
1863795,4040,-6620,14068,-13725,-1305,-2455,insert_bolts_hand_tighten
1863817,4616,-11452,11576,-11468,-2996,-3309,insert_bolts_hand_tighten
1863839,5724,-12232,11116,-2394,-72,-2319,insert_bolts_hand_tighten
1863861,4996,-10848,11292,966,526,462,insert_bolts_hand_tighten
1863883,4308,-8716,12504,1737,1553,2574,insert_bolts_hand_tighten
1863905,5100,-10816,13724,6457,435,5115,insert_bolts_hand_tighten
1863927,3256,-12060,14188,11652,2444,5862,insert_bolts_hand_tighten
1863949,1912,-8464,14116,13248,1454,2763,insert_bolts_hand_tighten
1863971,1724,-5424,13212,8344,1016,-267,insert_bolts_hand_tighten
1863993,1648,-5848,13900,3024,2145,-165,insert_bolts_hand_tighten
1864015,1268,-5592,15416,-3420,1498,-219,insert_bolts_hand_tighten
1864037,1600,-6380,15696,-8591,-1163,-1284,insert_bolts_hand_tighten
1864059,1616,-10580,15324,-10838,-3199,-1184,insert_bolts_hand_tighten
1864081,3324,-9728,14384,-8201,-4501,-605,insert_bolts_hand_tighten
1864103,4220,-9184,12516,-9618,-3135,2115,insert_bolts_hand_tighten
1864125,4088,-16264,10396,-8048,-2352,3491,insert_bolts_hand_tighten
1864147,4620,-16324,12752,5911,3420,2472,insert_bolts_hand_tighten
1864169,2740,-9176,13836,10735,4575,3055,insert_bolts_hand_tighten
1864191,2700,-3836,13012,5319,245,3328,insert_bolts_hand_tighten
1864213,3280,-6368,14196,2257,391,2669,insert_bolts_hand_tighten
1864235,2240,-5336,14820,-2176,2456,1792,insert_bolts_hand_tighten
1864257,2164,-4408,15564,-9234,1001,1112,insert_bolts_hand_tighten
1864279,1968,-6576,14688,-16549,-381,-55,insert_bolts_hand_tighten
1864301,2028,-9388,12444,-23969,-2723,-879,insert_bolts_hand_tighten
1864323,2636,-14168,9420,-21922,-1726,-1808,insert_bolts_hand_tighten
1864345,3684,-20816,8412,1904,-3006,-819,insert_bolts_hand_tighten
1864367,4144,-17072,11404,13303,729,3183,insert_bolts_hand_tighten
1864389,1540,-9856,11564,9044,1119,3973,insert_bolts_hand_tighten
1864411,2420,-10884,12372,1229,-1231,4369,insert_bolts_hand_tighten
1864433,2120,-10528,12708,-2246,-448,3302,insert_bolts_hand_tighten
1864455,1868,-12400,12072,-2516,1508,2209,insert_bolts_hand_tighten
1864477,2228,-10984,12356,-529,1436,2297,insert_bolts_hand_tighten
1864499,1624,-10072,10532,-3307,207,2156,insert_bolts_hand_tighten
1864521,1484,-10520,10156,-7710,-833,1546,insert_bolts_hand_tighten
1864543,2200,-10868,9432,-11051,-1343,1410,insert_bolts_hand_tighten
1864565,2540,-11328,9524,-15845,-2048,1689,insert_bolts_hand_tighten
1864587,2616,-11044,10196,-18371,-1973,1102,insert_bolts_hand_tighten
1864609,2288,-18144,9760,-13707,-1069,-312,insert_bolts_hand_tighten
1864631,1916,-17276,10500,-220,370,-907,insert_bolts_hand_tighten
1864653,956,-13880,9180,1706,161,-304,insert_bolts_hand_tighten
1864675,1692,-13244,9360,-2005,-1374,917,insert_bolts_hand_tighten
1864697,1240,-10524,9432,-5980,-1040,244,insert_bolts_hand_tighten
1864719,1100,-13964,6520,-11710,-724,-168,insert_bolts_hand_tighten
1864741,1296,-19392,6484,-115,720,-810,insert_bolts_hand_tighten
1864763,776,-16172,7384,14792,1338,1324,insert_bolts_hand_tighten
1864785,560,-11076,9840,13225,492,5165,insert_bolts_hand_tighten
1864807,708,-9820,10160,8527,-1088,7382,insert_bolts_hand_tighten
1864829,572,-10756,10240,3224,-1998,6471,insert_bolts_hand_tighten
1864851,1148,-11976,10788,-863,296,6337,insert_bolts_hand_tighten
1864873,260,-13540,11976,-3484,1804,3541,insert_bolts_hand_tighten
1864895,160,-14868,11088,-5831,2948,-580,insert_bolts_hand_tighten
1864917,596,-17684,9524,-1971,2518,-1770,insert_bolts_hand_tighten
1864939,220,-16552,8052,3220,1748,-253,insert_bolts_hand_tighten
1864961,536,-16764,7900,4421,207,1798,insert_bolts_hand_tighten
1864983,-84,-14840,9612,1791,340,1586,insert_bolts_hand_tighten
1865005,228,-15276,10044,4340,1504,-109,insert_bolts_hand_tighten
1865027,-752,-12776,11152,4933,3841,-369,insert_bolts_hand_tighten
1865049,-488,-12968,10988,6556,4016,-1233,insert_bolts_hand_tighten
1865071,-772,-11572,10644,6889,3694,-657,insert_bolts_hand_tighten
1865093,-880,-11220,10148,2701,2928,-151,insert_bolts_hand_tighten
1865115,592,-14456,9748,3967,2928,-168,insert_bolts_hand_tighten
1865137,-772,-13620,10092,6303,3817,-591,insert_bolts_hand_tighten
1865159,-844,-13192,11880,4067,1964,-1378,insert_bolts_hand_tighten
1865181,-196,-10068,11540,3552,1419,-1472,insert_bolts_hand_tighten
1865203,-788,-9900,12248,624,-1,-1186,insert_bolts_hand_tighten
1865225,-1252,-10464,11608,-2455,-813,-1551,insert_bolts_hand_tighten
1865247,-880,-14152,12764,642,-1640,-2902,insert_bolts_hand_tighten
1865269,-720,-11988,12468,3029,-2159,-2601,insert_bolts_hand_tighten
1865291,548,-9760,10752,3209,-2619,-1797,insert_bolts_hand_tighten
1865313,704,-9904,12052,2,-759,-1219,insert_bolts_hand_tighten
1865335,1296,-10084,12500,-3384,-451,-1197,insert_bolts_hand_tighten
1865357,1092,-9484,12508,-9331,108,-1314,insert_bolts_hand_tighten
1865379,1992,-11824,11772,-13370,-1412,-1270,insert_bolts_hand_tighten
1865401,1548,-18028,10404,-286,-540,-2567,insert_bolts_hand_tighten
1865423,1808,-13280,10612,5115,2288,-447,insert_bolts_hand_tighten
1865445,940,-11348,10760,5222,1004,-17,insert_bolts_hand_tighten
1865467,836,-9740,10072,1754,693,-852,insert_bolts_hand_tighten
1865489,1048,-9888,11488,-2040,958,-1621,insert_bolts_hand_tighten
1865511,844,-13652,10912,-3088,-192,-2669,insert_bolts_hand_tighten
1865533,1716,-12696,11124,2115,468,-2413,insert_bolts_hand_tighten
1865555,2068,-12480,11608,4506,129,-997,insert_bolts_hand_tighten
1865577,2316,-10920,12592,5188,-284,-134,insert_bolts_hand_tighten
1865599,2096,-10724,12940,2948,-644,-61,insert_bolts_hand_tighten
1865621,2092,-10652,12184,267,-577,71,insert_bolts_hand_tighten
1865643,2516,-9140,12200,651,-1398,263,insert_bolts_hand_tighten
1865665,1948,-13248,11208,-10030,-2819,-943,insert_bolts_hand_tighten
1865687,2124,-14656,11220,-3797,552,-1712,insert_bolts_hand_tighten
1865709,2740,-13972,10528,6888,18,-360,insert_bolts_hand_tighten
1865731,1300,-9836,11404,3060,718,-728,insert_bolts_hand_tighten
1865753,320,-11108,12948,4072,168,-1692,insert_bolts_hand_tighten
1865775,2896,-7552,12232,-1327,-1383,-908,insert_bolts_hand_tighten
1865797,3080,-9588,14744,-2528,2219,-2196,insert_bolts_hand_tighten
1865819,2356,-12008,11072,-594,1226,-3126,insert_bolts_hand_tighten
1865841,2892,-14380,11732,4829,2962,-3626,insert_bolts_hand_tighten
1865863,4936,-10448,18672,12122,7691,-1167,insert_bolts_hand_tighten
1865885,-900,-8880,15432,6382,208,522,insert_bolts_hand_tighten
1865907,1292,-8628,12168,-1,-3059,-2110,insert_bolts_hand_tighten
1865929,2960,-8584,10480,-4352,-1439,-3596,insert_bolts_hand_tighten
1865951,3228,-8816,10892,-9082,-378,-2836,insert_bolts_hand_tighten
1865973,3072,-9088,13012,-12497,-1829,-2010,insert_bolts_hand_tighten
1865995,2980,-11172,11816,-12803,-3096,-1973,insert_bolts_hand_tighten
1866017,3360,-12856,9812,-8427,-4109,-1743,insert_bolts_hand_tighten
1866039,3784,-13428,8772,-2743,-3394,-1669,insert_bolts_hand_tighten
1866061,3792,-12160,9700,-1567,-1336,91,insert_bolts_hand_tighten
1866083,3412,-12724,10556,-5639,-2403,1204,insert_bolts_hand_tighten
1866105,2844,-13136,11360,-11338,-3788,134,insert_bolts_hand_tighten
1866127,2416,-12220,9736,-14392,-3396,-1372,insert_bolts_hand_tighten
1866149,3196,-13400,8724,-14505,-1072,-2629,insert_bolts_hand_tighten
1866171,3408,-14252,8344,-15503,425,-2867,insert_bolts_hand_tighten
1866193,3660,-14788,8240,-12803,1928,-4290,insert_bolts_hand_tighten
1866215,3660,-15508,7228,-9119,1200,-5281,insert_bolts_hand_tighten
1866237,3628,-14448,6356,-10796,-488,-3946,insert_bolts_hand_tighten
1866259,3880,-13948,7276,-13035,-2974,-3271,insert_bolts_hand_tighten
1866281,3380,-14592,6904,-10784,-6798,-5034,insert_bolts_hand_tighten
1866303,5788,-11800,7108,-13968,-809,-3935,insert_bolts_hand_tighten
1866325,5992,-16316,4768,-8747,-4171,-2235,insert_bolts_hand_tighten
1866347,5636,-17972,3712,-2565,-216,-1111,insert_bolts_hand_tighten
1866369,5716,-16672,5584,5902,3643,-1897,insert_bolts_hand_tighten
1866391,4468,-13888,7060,7029,2357,-2213,insert_bolts_hand_tighten
1866413,4972,-12684,8332,2619,2462,-2002,insert_bolts_hand_tighten
1866435,4980,-13256,6644,1456,2117,-3017,insert_bolts_hand_tighten
1866457,5224,-16164,6136,1159,1699,-2202,insert_bolts_hand_tighten
1866479,5452,-15468,7208,3202,1862,-884,insert_bolts_hand_tighten
1866501,5056,-14368,7328,2641,1677,185,insert_bolts_hand_tighten
1866523,5016,-13888,6948,1424,1679,64,insert_bolts_hand_tighten
1866545,4976,-13976,6756,342,1548,-140,insert_bolts_hand_tighten
1866567,5212,-12916,6936,-1349,1780,340,insert_bolts_hand_tighten
1866589,5420,-13004,6932,-3078,1747,773,insert_bolts_hand_tighten
1866611,5520,-13192,6464,-4041,1445,899,insert_bolts_hand_tighten
1866633,5852,-13736,6240,-3467,2108,1279,insert_bolts_hand_tighten
1866655,7192,-15152,6716,-2993,2420,1214,insert_bolts_hand_tighten
1866677,6652,-15088,7716,-1278,3344,71,insert_bolts_hand_tighten
1866699,6824,-13204,7788,-2211,2732,398,insert_bolts_hand_tighten
1866721,6760,-12344,7912,-6819,4538,1102,insert_bolts_hand_tighten
1866743,5972,-13424,7288,-7873,5111,1056,insert_bolts_hand_tighten
1866765,6076,-13212,6920,-4910,7844,83,insert_bolts_hand_tighten
1866787,5652,-13012,6440,-3700,10813,-581,insert_bolts_hand_tighten
1866809,5048,-12260,6124,-1608,13015,-1415,insert_bolts_hand_tighten
1866831,4544,-11324,6464,343,15533,-3082,insert_bolts_hand_tighten
1866853,3760,-10160,6296,3256,16644,-5278,insert_bolts_hand_tighten
1866875,3172,-7956,6400,4259,14969,-7533,insert_bolts_hand_tighten
1866897,3420,-6804,5844,2180,12459,-10986,insert_bolts_hand_tighten
1866919,4336,-7052,5580,-1267,13247,-13734,insert_bolts_hand_tighten
1866941,4472,-9200,4584,-5366,12567,-16048,insert_bolts_hand_tighten
1866963,5952,-14500,4324,-2366,13497,-19057,insert_bolts_hand_tighten
1866985,6264,-13808,4392,5401,15369,-21412,insert_bolts_hand_tighten
1867007,7312,-12728,4692,10855,13170,-21715,insert_bolts_hand_tighten
1867029,8036,-11524,5376,5920,9223,-19507,insert_bolts_hand_tighten
1867051,10428,-15952,6832,1975,4739,-18732,insert_bolts_hand_tighten
1867073,8808,-16584,8184,7785,5652,-19717,insert_bolts_hand_tighten
1867095,10360,-14828,6912,9272,-156,-17177,insert_bolts_hand_tighten
1867117,11744,-15364,7644,8276,-1747,-13692,insert_bolts_hand_tighten
1867139,11404,-15956,8664,10408,-1731,-10733,insert_bolts_hand_tighten
1867161,11580,-15344,9460,14782,-1490,-7404,insert_bolts_hand_tighten
1867183,10452,-12932,10408,13923,-2856,-5509,insert_bolts_hand_tighten
1867205,11148,-9664,10372,10284,-2853,-4956,insert_bolts_hand_tighten
1867227,11416,-9672,9964,7591,-2128,-4596,insert_bolts_hand_tighten
1867249,12076,-10120,10044,8867,-828,-3492,insert_bolts_hand_tighten
1867271,11908,-10240,9896,10451,-1275,-1075,insert_bolts_hand_tighten
1867293,12352,-9828,10496,10220,-1904,1534,insert_bolts_hand_tighten
1867315,11648,-9120,11984,11818,-2637,3786,insert_bolts_hand_tighten
1867337,11208,-7400,11756,13549,-4294,5684,insert_bolts_hand_tighten
1867359,10876,-6508,10792,13669,-4067,6928,insert_bolts_hand_tighten
1867381,10616,-7176,11344,12212,-4178,7230,insert_bolts_hand_tighten
1867403,10456,-7016,11964,12148,-3279,6895,insert_bolts_hand_tighten
1867425,10616,-5120,12876,11761,-2704,6808,insert_bolts_hand_tighten
1867447,11516,-5248,13432,11546,-3520,5935,insert_bolts_hand_tighten
1867469,12008,-3444,11608,9351,-3401,4991,insert_bolts_hand_tighten
1867491,12112,-3624,11072,7021,-2757,3630,insert_bolts_hand_tighten
1867513,11740,-2784,10532,5294,-1677,2626,insert_bolts_hand_tighten
1867535,11892,-3600,10716,6654,-1878,1576,insert_bolts_hand_tighten
1867557,11584,-1560,9948,7378,-1747,1401,insert_bolts_hand_tighten
1867579,12156,-1792,10172,6241,-3839,1167,insert_bolts_hand_tighten
1867601,12844,-1500,10560,6233,-3020,1430,insert_bolts_hand_tighten
1867623,13096,-1656,11604,4640,-2654,1899,insert_bolts_hand_tighten
1867645,13596,-2212,11880,4325,-2030,1964,insert_bolts_hand_tighten
1867667,14324,-2588,11852,6127,676,1935,insert_bolts_hand_tighten
1867689,14748,-380,11072,8554,4251,1780,insert_bolts_hand_tighten
1867711,10748,-568,14320,4939,6352,2614,insert_bolts_hand_tighten
1867733,10740,-1128,13444,3586,3768,2189,insert_bolts_hand_tighten
1867755,11664,-3680,13180,1205,3971,1719,insert_bolts_hand_tighten
1867777,12448,-4116,13952,4602,4373,2261,insert_bolts_hand_tighten
1867799,10100,-1832,13796,1544,1149,1767,insert_bolts_hand_tighten
1867821,9932,-2620,13812,-795,1790,1212,insert_bolts_hand_tighten
1867843,10136,-3384,13560,-1660,866,1248,insert_bolts_hand_tighten
1867865,10900,-3908,13908,-652,1327,950,insert_bolts_hand_tighten
1867887,10300,-2552,14156,-586,2265,3,insert_bolts_hand_tighten
1867909,9740,-2104,14124,-4277,745,-1907,insert_bolts_hand_tighten
1867931,10444,-2528,13192,-5018,903,-2450,insert_bolts_hand_tighten
1867953,11104,-2840,13436,-3065,501,-1605,insert_bolts_hand_tighten
1867975,10736,-3068,12816,-577,396,-325,insert_bolts_hand_tighten
1867997,9972,-2948,13356,-624,325,-13,insert_bolts_hand_tighten
1868019,9680,-2884,14588,-2533,-106,-769,insert_bolts_hand_tighten
1868041,10304,-3060,14604,-4178,-427,-1869,insert_bolts_hand_tighten
1868063,10508,-4908,13600,-4044,-486,-2742,insert_bolts_hand_tighten
1868085,11100,-5396,12556,305,179,-814,insert_bolts_hand_tighten
1868107,10252,-3416,13096,1465,-467,174,insert_bolts_hand_tighten
1868129,10068,-1336,13168,-1849,-1825,-942,insert_bolts_hand_tighten
1868151,10492,-1444,12848,-6755,-3372,-2259,insert_bolts_hand_tighten
1868173,12656,-5264,11508,-8132,-4719,-1970,insert_bolts_hand_tighten
1868195,13312,-3908,11756,-4586,-458,-981,insert_bolts_hand_tighten
1868217,12688,-4120,12080,-2841,-1149,545,insert_bolts_hand_tighten
1868239,14184,-1880,13016,-9469,-2774,1517,insert_bolts_hand_tighten
1868261,14024,-7088,13336,-15223,-4322,1049,insert_bolts_hand_tighten
1868283,18064,-7716,12380,-16593,71,2256,insert_bolts_hand_tighten
1868305,17292,-11236,13888,-15005,7383,4863,insert_bolts_hand_tighten
1868327,14924,-10196,17088,-22088,10252,6650,insert_bolts_hand_tighten
1868349,15416,-12252,15956,-32768,5750,7068,insert_bolts_hand_tighten
1868371,14900,-16244,12148,-32768,2430,10050,insert_bolts_hand_tighten
1868393,13688,-18840,9840,-32768,-346,15585,insert_bolts_hand_tighten
1868415,10808,-18324,7300,-25208,685,20500,insert_bolts_hand_tighten
1868437,8404,-16336,5036,-22735,-5520,23796,insert_bolts_hand_tighten
1868459,6428,-14632,3960,-21474,-8171,25242,insert_bolts_hand_tighten
1868481,3700,-13004,3776,-16642,-9305,26250,insert_bolts_hand_tighten
1868503,2516,-11628,3308,-11554,-9631,26035,insert_bolts_hand_tighten
1868525,1924,-11376,2780,-7430,-9161,23870,insert_bolts_hand_tighten
1868547,1472,-9900,2452,-4772,-8200,20551,insert_bolts_hand_tighten
1868569,5440,-9936,3732,-448,-13515,21750,insert_bolts_hand_tighten
1868591,2644,-8896,3504,373,-5177,15977,insert_bolts_hand_tighten
1868613,3228,-8492,4988,454,-5051,12877,insert_bolts_hand_tighten
1868635,2620,-8884,4132,-77,-3885,9869,insert_bolts_hand_tighten
1868657,3796,-11696,4124,1646,-2346,7119,insert_bolts_hand_tighten
1868679,3416,-12392,4520,5706,-863,3847,insert_bolts_hand_tighten
1868701,3560,-10656,5672,7660,1291,1454,insert_bolts_hand_tighten
1868723,3708,-10424,7360,4416,1539,1367,insert_bolts_hand_tighten
1868745,2860,-12860,3904,-1431,-424,877,insert_bolts_hand_tighten
1868767,2120,-13928,652,-3664,-1026,-837,insert_bolts_hand_tighten
1868789,1628,-16840,1452,-1019,1038,-1094,insert_bolts_hand_tighten
1868811,580,-15448,3120,-2332,519,-846,insert_bolts_hand_tighten
1868833,-72,-15244,3040,-5363,733,-1425,insert_bolts_hand_tighten
1868855,4,-16600,2028,-2526,109,-1457,insert_bolts_hand_tighten
1868877,16,-17644,2028,523,242,-1108,insert_bolts_hand_tighten
1868899,516,-15544,3776,686,1006,-294,insert_bolts_hand_tighten
1868921,340,-15316,4124,-2332,569,-33,insert_bolts_hand_tighten
1868943,384,-15404,3588,-3759,661,52,insert_bolts_hand_tighten
1868965,880,-18624,2420,151,520,13,insert_bolts_hand_tighten
1868987,1520,-17312,4000,3315,209,981,insert_bolts_hand_tighten
1869009,1084,-16464,4160,3571,-248,1356,insert_bolts_hand_tighten
1869031,964,-14356,4596,1222,459,1086,insert_bolts_hand_tighten
1869053,464,-15520,3348,-1302,-50,602,insert_bolts_hand_tighten
1869075,328,-14980,2376,996,-692,-525,insert_bolts_hand_tighten
1869097,472,-15072,3308,1178,-1071,-1023,insert_bolts_hand_tighten
1869119,644,-14052,3732,119,-1444,-762,insert_bolts_hand_tighten
1869141,612,-16012,2636,-2277,-2981,-558,insert_bolts_hand_tighten
1869163,436,-16804,1372,-2391,-1881,-422,insert_bolts_hand_tighten
1869185,1324,-17876,2720,-1028,-1474,1022,insert_bolts_hand_tighten
1869207,728,-16680,3820,140,-828,1183,insert_bolts_hand_tighten
1869229,548,-15572,4196,-23,-389,1048,insert_bolts_hand_tighten
1869251,292,-15812,3648,-1201,-182,904,insert_bolts_hand_tighten
1869273,788,-17148,3056,-988,-342,661,insert_bolts_hand_tighten
1869295,804,-16860,4000,914,744,899,insert_bolts_hand_tighten
1869317,792,-16320,4500,2653,717,935,insert_bolts_hand_tighten
1869339,376,-15668,4024,3435,760,765,insert_bolts_hand_tighten
1869361,304,-15908,2772,2866,268,924,insert_bolts_hand_tighten
1869383,572,-13744,2964,1819,781,248,insert_bolts_hand_tighten
1869405,780,-14688,4800,1643,966,162,insert_bolts_hand_tighten
1869427,-112,-15644,4420,-233,1437,77,insert_bolts_hand_tighten
1869449,-724,-16328,3172,643,854,-121,insert_bolts_hand_tighten
1869471,-432,-16232,3120,1079,-73,456,insert_bolts_hand_tighten
1869493,-548,-17988,2696,3075,169,375,insert_bolts_hand_tighten
1869515,704,-17168,5220,7089,2248,-44,insert_bolts_hand_tighten
1869537,-72,-16112,4840,10411,496,710,insert_bolts_hand_tighten
1869559,-208,-14580,3960,6092,-421,1360,insert_bolts_hand_tighten
1869581,-152,-15596,3664,2080,-114,1033,insert_bolts_hand_tighten
1869603,-60,-18204,3768,2784,251,761,insert_bolts_hand_tighten
1869625,-1000,-16056,4456,6320,663,741,insert_bolts_hand_tighten
1869647,-184,-12748,6696,2218,331,1296,insert_bolts_hand_tighten
1869669,-92,-13756,7220,-1099,94,1084,insert_bolts_hand_tighten
1869691,936,-14840,8652,-1060,1124,1643,insert_bolts_hand_tighten
1869713,552,-17160,7516,1416,900,1445,insert_bolts_hand_tighten
1869735,144,-16004,6864,5027,1732,1815,insert_bolts_hand_tighten
1869757,220,-14652,6424,4686,763,1678,insert_bolts_hand_tighten
1869779,140,-14248,5792,3114,593,1495,insert_bolts_hand_tighten
1869801,276,-15140,5092,1483,-91,1279,insert_bolts_hand_tighten
1869823,-48,-15008,5680,-548,16,1226,insert_bolts_hand_tighten
1869845,-456,-15832,7100,981,397,1318,insert_bolts_hand_tighten
1869867,-132,-13976,8168,1595,1044,1653,insert_bolts_hand_tighten
1869889,-1188,-14808,8520,609,478,1700,insert_bolts_hand_tighten
1869911,-932,-15376,7752,2038,660,1529,insert_bolts_hand_tighten
1869933,-832,-15376,7108,4308,1046,1479,insert_bolts_hand_tighten
1869955,-1396,-15596,6516,5029,1179,1186,insert_bolts_hand_tighten
1869977,-1148,-14868,6284,6811,1161,867,insert_bolts_hand_tighten
1869999,-684,-12660,7124,7372,2076,586,insert_bolts_hand_tighten
1870021,-772,-14296,8816,4892,151,1075,insert_bolts_hand_tighten
1870043,-860,-14296,9720,3573,549,1811,insert_bolts_hand_tighten
1870065,-1140,-14416,9848,4425,-270,2222,insert_bolts_hand_tighten
1870087,-1328,-13660,9516,5098,-85,1925,insert_bolts_hand_tighten
1870109,-1352,-12456,9608,5588,562,985,insert_bolts_hand_tighten
1870131,-1488,-12548,9576,4286,559,205,insert_bolts_hand_tighten
1870153,-1312,-12496,9200,4185,606,-433,insert_bolts_hand_tighten
1870175,-1468,-12416,9420,2381,250,-455,insert_bolts_hand_tighten
1870197,-1292,-13268,8520,-221,28,-788,insert_bolts_hand_tighten
1870219,-1016,-12760,9428,-1923,345,-335,insert_bolts_hand_tighten
1870241,-1352,-13636,9560,-3416,429,-1066,insert_bolts_hand_tighten
1870263,-1268,-14484,9508,-2517,626,-986,insert_bolts_hand_tighten
1870285,-1436,-14068,8832,-1108,613,-603,insert_bolts_hand_tighten
1870307,-1024,-14460,7988,-278,500,-275,insert_bolts_hand_tighten
1870329,-836,-14124,8720,644,718,448,insert_bolts_hand_tighten
1870351,-992,-13372,9588,49,931,201,insert_bolts_hand_tighten
1870373,-928,-14044,8832,32,387,-77,insert_bolts_hand_tighten
1870395,-808,-13988,8728,-136,380,-157,insert_bolts_hand_tighten
1870417,-640,-13612,9164,1068,558,155,insert_bolts_hand_tighten
1870439,-928,-12796,10096,398,610,262,insert_bolts_hand_tighten
1870461,-752,-12596,10456,-1189,790,-45,insert_bolts_hand_tighten
1870483,-1124,-12844,10100,-1479,1017,-149,insert_bolts_hand_tighten
1870505,-1352,-13396,9364,-1845,950,-480,insert_bolts_hand_tighten
1870527,-1468,-13488,9820,-1457,1035,-289,insert_bolts_hand_tighten
1870549,-1332,-13344,9888,-215,904,-138,insert_bolts_hand_tighten
1870571,-1484,-13296,9308,-1293,1014,-95,insert_bolts_hand_tighten
1870593,-1236,-13540,8436,-578,1032,-300,insert_bolts_hand_tighten
1870615,-1696,-13868,9144,-228,943,-842,insert_bolts_hand_tighten
1870637,-1184,-13484,9832,860,975,-824,insert_bolts_hand_tighten
1870659,-676,-12524,10992,812,1373,-230,insert_bolts_hand_tighten
1870681,136,-12044,10612,3256,1008,-367,insert_bolts_hand_tighten
1870703,-356,-11476,10744,-213,1985,-867,insert_bolts_hand_tighten
1870725,-184,-11588,10768,-1589,3489,-2495,insert_bolts_hand_tighten
1870747,-244,-11696,10628,-4559,4869,-3999,insert_bolts_hand_tighten
1870769,-304,-12100,9900,-7927,6618,-5502,insert_bolts_hand_tighten
1870791,-440,-13568,9084,-10462,8033,-6910,insert_bolts_hand_tighten
1870813,-548,-15092,8212,-9788,9166,-8258,insert_bolts_hand_tighten
1870835,-512,-14880,7440,-8409,9664,-8985,insert_bolts_hand_tighten
1870857,-852,-14876,6824,-6441,9850,-9532,insert_bolts_hand_tighten
1870879,-672,-14248,6400,-4194,9743,-10096,insert_bolts_hand_tighten
1870901,-364,-13408,5544,-2475,9414,-10400,insert_bolts_hand_tighten
1870923,144,-11924,4596,-2876,8901,-10434,insert_bolts_hand_tighten
1870945,84,-10640,3328,-3920,7831,-10648,insert_bolts_hand_tighten
1870967,480,-10588,3184,-6381,6696,-11038,insert_bolts_hand_tighten
1870989,840,-11444,3220,-6960,5968,-11964,insert_bolts_hand_tighten
1871011,848,-13236,3472,-3420,4966,-13630,insert_bolts_hand_tighten
1871033,632,-13236,3840,4466,5246,-15287,insert_bolts_hand_tighten
1871055,1248,-10592,2548,8723,2860,-16040,insert_bolts_hand_tighten
1871077,3252,-12612,2884,10334,-46,-15310,insert_bolts_hand_tighten
1871099,4536,-14292,4288,12013,-1355,-14039,insert_bolts_hand_tighten
1871121,4692,-14588,5868,16770,-2241,-13551,insert_bolts_hand_tighten
1871143,4492,-13764,7420,15517,-5072,-13303,insert_bolts_hand_tighten
1871165,5688,-11056,7460,5922,-9241,-12837,insert_bolts_hand_tighten
1871187,8144,-13356,6512,143,-9298,-13254,insert_bolts_hand_tighten
1871209,8032,-15940,8056,4860,-6103,-13114,insert_bolts_hand_tighten
1871231,9120,-16020,9332,11725,-5922,-11939,insert_bolts_hand_tighten
1871253,8924,-13116,9596,12481,-5718,-10675,insert_bolts_hand_tighten
1871275,9164,-9096,8120,8504,-7731,-10110,insert_bolts_hand_tighten
1871297,10864,-8572,7916,4339,-7616,-9695,insert_bolts_hand_tighten
1871319,12096,-11804,9720,3783,-4547,-9019,insert_bolts_hand_tighten
1871341,12208,-11884,10956,8316,-2758,-8606,insert_bolts_hand_tighten
1871363,12260,-9616,11016,12151,-2811,-7592,insert_bolts_hand_tighten
1871385,12828,-7860,10980,13022,-3106,-6323,insert_bolts_hand_tighten
1871407,12768,-7632,11128,10389,-4200,-5634,insert_bolts_hand_tighten
1871429,14036,-6920,12244,6704,-4034,-5673,insert_bolts_hand_tighten
1871451,14460,-7888,12700,5963,-2910,-5195,insert_bolts_hand_tighten
1871473,13964,-7876,11680,7749,-1680,-4183,insert_bolts_hand_tighten
1871495,13724,-7128,11236,8323,-1847,-2200,insert_bolts_hand_tighten
1871517,13268,-6660,11648,8219,-1337,-648,insert_bolts_hand_tighten
1871539,12900,-6528,11124,7132,-2089,111,insert_bolts_hand_tighten
1871561,12892,-6796,10764,6414,-1983,157,insert_bolts_hand_tighten
1871583,12868,-5704,10748,5706,-826,164,insert_bolts_hand_tighten
1871605,12428,-5040,10260,4678,-473,260,insert_bolts_hand_tighten
1871627,12592,-5112,10416,4171,-165,865,insert_bolts_hand_tighten
1871649,12684,-6368,10248,4944,-767,1037,insert_bolts_hand_tighten
1871671,13336,-5896,10904,6415,440,1382,insert_bolts_hand_tighten
1871693,12476,-4412,10728,5987,1742,1029,insert_bolts_hand_tighten
1871715,13244,-4224,10972,4008,1933,414,insert_bolts_hand_tighten
1871737,12536,-4996,10996,3527,2379,-118,insert_bolts_hand_tighten
1871759,12272,-3316,11240,3153,2278,-304,insert_bolts_hand_tighten
1871781,11968,-3028,11464,1452,1164,-601,insert_bolts_hand_tighten
1871803,12580,-2276,11456,-1136,856,-826,insert_bolts_hand_tighten
1871825,12112,-5292,11600,-3571,309,-1169,insert_bolts_hand_tighten
1871847,12852,-4796,11788,-164,1011,251,insert_bolts_hand_tighten
1871869,12128,-4756,11528,1742,1238,1403,insert_bolts_hand_tighten
1871891,12172,-4296,11940,1449,1047,1972,insert_bolts_hand_tighten
1871913,12332,-4476,11892,1735,572,2262,insert_bolts_hand_tighten
1871935,13116,-4660,12256,3312,1241,2238,insert_bolts_hand_tighten
1871957,11836,-3992,12044,2296,1044,2855,insert_bolts_hand_tighten
1871979,12828,-4320,13788,-67,566,3501,insert_bolts_hand_tighten
1872001,13956,-6408,14860,-3989,-379,3314,insert_bolts_hand_tighten
1872023,16164,-7432,14872,-9709,543,4961,insert_bolts_hand_tighten
1872045,17564,-9736,16020,-11945,3275,9018,insert_bolts_hand_tighten
1872067,16948,-9668,16424,-11851,5233,13337,insert_bolts_hand_tighten
1872089,17028,-10172,15872,-14934,3831,15590,insert_bolts_hand_tighten
1872111,16948,-11464,14540,-21712,1606,17204,insert_bolts_hand_tighten
1872133,17196,-13268,12300,-27671,-654,19396,insert_bolts_hand_tighten
1872155,15212,-14168,10796,-25044,3581,22533,insert_bolts_hand_tighten
1872177,11036,-15500,9824,-21341,5568,23993,insert_bolts_hand_tighten
1872199,8196,-14716,7744,-17716,4065,24993,insert_bolts_hand_tighten
1872221,5928,-12972,5168,-17848,2460,24416,insert_bolts_hand_tighten
1872243,3748,-11928,4064,-16644,2427,24013,insert_bolts_hand_tighten
1872265,1992,-11476,3428,-9278,2300,22908,insert_bolts_hand_tighten
1872287,260,-10068,2836,-1681,920,22346,insert_bolts_hand_tighten
1872309,-236,-7780,2292,-763,-531,20207,insert_bolts_hand_tighten
1872331,-436,-8788,3044,433,-5707,17626,insert_bolts_hand_tighten
1872353,96,-8600,4308,2613,-1510,15887,insert_bolts_hand_tighten
1872375,640,-10068,5544,6200,-3334,13947,insert_bolts_hand_tighten
1872397,-740,-9484,5424,10277,-999,9929,insert_bolts_hand_tighten
1872419,-336,-7944,5612,10377,41,6708,insert_bolts_hand_tighten
1872441,744,-9660,7268,9012,1199,4755,insert_bolts_hand_tighten
1872463,412,-10120,8132,9540,1920,3131,insert_bolts_hand_tighten
1872485,-104,-10472,9512,8052,1483,1530,insert_bolts_hand_tighten
1872507,212,-11880,10184,7600,869,470,insert_bolts_hand_tighten
1872529,-64,-11896,8796,6474,571,-298,insert_bolts_hand_tighten
1872551,236,-14592,9292,2877,869,-661,insert_bolts_hand_tighten
1872573,284,-13700,9388,7138,2272,-1664,insert_bolts_hand_tighten
1872595,-644,-12356,10792,3549,1911,-1676,insert_bolts_hand_tighten
1872617,-92,-11820,10944,-1780,728,-1022,insert_bolts_hand_tighten
1872639,-996,-14348,10196,-2205,156,-1274,insert_bolts_hand_tighten
1872661,-560,-15124,8996,2219,-243,-814,insert_bolts_hand_tighten
1872683,-476,-14416,9948,3002,-19,296,insert_bolts_hand_tighten
1872705,-1160,-13452,9436,237,-248,49,insert_bolts_hand_tighten
1872727,-768,-12620,9244,-612,-26,-89,insert_bolts_hand_tighten
1872749,-1252,-14460,9048,-1727,-1001,-74,insert_bolts_hand_tighten
1872771,-468,-14784,9092,2280,14,-340,insert_bolts_hand_tighten
1872793,-908,-13176,10652,4501,502,191,insert_bolts_hand_tighten
1872815,-1644,-12100,10692,2269,-314,452,insert_bolts_hand_tighten
1872837,-1720,-11736,9820,-724,-870,460,insert_bolts_hand_tighten
1872859,-992,-11644,8712,-4808,-589,-488,insert_bolts_hand_tighten
1872881,-924,-13508,9028,-1338,-282,-1015,insert_bolts_hand_tighten
1872903,-412,-12880,8972,1549,330,-1247,insert_bolts_hand_tighten
1872925,-444,-12792,10480,659,-360,-674,insert_bolts_hand_tighten
1872947,-384,-12136,11108,-2742,-1124,-364,insert_bolts_hand_tighten
1872969,-500,-10848,10792,-6040,-862,-1180,insert_bolts_hand_tighten
1872991,-328,-12560,8696,-12306,-244,-1880,insert_bolts_hand_tighten
1873013,-168,-17776,8036,-3602,893,-2713,insert_bolts_hand_tighten
1873035,-588,-15416,9560,6129,2226,-1011,insert_bolts_hand_tighten
1873057,-544,-16624,8740,2705,-333,2122,insert_bolts_hand_tighten
1873079,-864,-13324,9328,1702,-67,1846,insert_bolts_hand_tighten
1873101,-1020,-12720,10144,-522,-568,1259,insert_bolts_hand_tighten
1873123,-200,-11056,9968,-2459,-434,254,insert_bolts_hand_tighten
1873145,-392,-13316,9240,344,74,-143,insert_bolts_hand_tighten
1873167,-740,-14476,9164,4292,573,103,insert_bolts_hand_tighten
1873189,-300,-13268,10424,5566,845,807,insert_bolts_hand_tighten
1873211,-560,-13300,10328,6126,889,955,insert_bolts_hand_tighten
1873233,-956,-13056,9404,3736,536,363,insert_bolts_hand_tighten
1873255,-1048,-12908,10104,3089,547,-326,insert_bolts_hand_tighten
1873277,-516,-13000,10828,3927,-284,-406,insert_bolts_hand_tighten
1873299,32,-12884,11464,5928,-351,507,insert_bolts_hand_tighten
1873321,-588,-12836,11740,6675,510,497,insert_bolts_hand_tighten
1873343,-364,-11864,11452,5142,795,633,insert_bolts_hand_tighten
1873365,-1332,-11660,11916,5088,1294,944,insert_bolts_hand_tighten
1873387,-1660,-11732,10260,3500,310,1467,insert_bolts_hand_tighten
1873409,-668,-12404,9452,3013,-1048,1629,insert_bolts_hand_tighten
1873431,-864,-11504,10936,3961,-401,1137,insert_bolts_hand_tighten
1873453,-740,-10516,11968,3462,-678,511,insert_bolts_hand_tighten
1873475,-1328,-9212,11460,342,-677,97,insert_bolts_hand_tighten
1873497,-1316,-9748,11772,-4055,-1105,-515,insert_bolts_hand_tighten
1873519,-280,-10904,11016,-7135,-1957,-1350,insert_bolts_hand_tighten
1873541,624,-12636,12636,-7081,-909,-943,insert_bolts_hand_tighten
1873563,-660,-11820,9412,-7190,-1199,-459,insert_bolts_hand_tighten
1873585,20,-11976,10556,-7597,1460,-640,insert_bolts_hand_tighten
1873607,-484,-13136,10636,-6853,1201,-1705,insert_bolts_hand_tighten
1873629,-1052,-15272,10484,-1862,1014,-1176,insert_bolts_hand_tighten
1873651,-1120,-14656,10716,1946,924,-25,insert_bolts_hand_tighten
1873673,-872,-12712,10364,2158,351,-1,insert_bolts_hand_tighten
1873695,-548,-11616,9972,498,106,-254,insert_bolts_hand_tighten
1873717,-468,-11712,10024,-1013,310,-480,insert_bolts_hand_tighten
1873739,-336,-13244,10808,-373,515,-552,insert_bolts_hand_tighten
1873761,-416,-13260,10844,-87,642,-442,insert_bolts_hand_tighten
1873783,-724,-13088,10264,85,898,-564,insert_bolts_hand_tighten
1873805,-352,-14132,9900,1774,1026,-955,insert_bolts_hand_tighten
1873827,-16,-12740,10644,4288,2080,-1055,insert_bolts_hand_tighten
1873849,-424,-10800,12132,3030,2148,-1276,insert_bolts_hand_tighten
1873871,-316,-11404,12000,-146,1265,-1238,insert_bolts_hand_tighten
1873893,-932,-11392,11328,-2173,203,-1057,insert_bolts_hand_tighten
1873915,-604,-12312,11320,-1291,240,-1064,insert_bolts_hand_tighten
1873937,-720,-12096,11556,-1255,-386,-580,insert_bolts_hand_tighten
1873959,-800,-10560,11800,-3380,-677,-238,insert_bolts_hand_tighten
1873981,-708,-11352,10812,-5448,-1601,-565,insert_bolts_hand_tighten
1874003,-388,-12280,9756,-6694,-1646,-1115,insert_bolts_hand_tighten
1874025,-24,-14676,8708,-4324,-1097,-1741,insert_bolts_hand_tighten
1874047,584,-13188,9692,708,142,-1872,insert_bolts_hand_tighten
1874069,536,-13360,10832,-2120,-636,-254,insert_bolts_hand_tighten
1874091,-16,-12044,11188,-4551,-663,20,insert_bolts_hand_tighten
1874113,332,-13468,9812,-5703,-569,-486,insert_bolts_hand_tighten
1874135,228,-16060,8164,-4618,-28,-1129,insert_bolts_hand_tighten
1874157,364,-14668,9668,1740,1361,-1147,insert_bolts_hand_tighten
1874179,460,-13488,10256,-1140,497,-75,insert_bolts_hand_tighten
1874201,184,-12472,10908,-2356,659,34,insert_bolts_hand_tighten
1874223,140,-12252,10524,-4035,749,270,insert_bolts_hand_tighten
1874245,656,-13100,8844,-6854,816,184,insert_bolts_hand_tighten
1874267,476,-14180,7424,-5572,1096,-285,insert_bolts_hand_tighten
1874289,480,-17300,7832,2491,2035,-340,insert_bolts_hand_tighten
1874311,4,-15024,9696,6661,3491,642,insert_bolts_hand_tighten
1874333,-244,-12016,10756,4606,2105,1178,insert_bolts_hand_tighten
1874355,1068,-12228,9324,2568,-318,572,insert_bolts_hand_tighten
1874377,-648,-12620,9340,2109,880,-157,insert_bolts_hand_tighten
1874399,4,-14224,8776,3204,788,-32,insert_bolts_hand_tighten
1874421,96,-14160,9476,3226,1145,-39,insert_bolts_hand_tighten
1874443,-280,-12232,10764,4829,812,16,insert_bolts_hand_tighten
1874465,108,-13204,11356,5366,525,79,insert_bolts_hand_tighten
1874487,112,-11824,11228,5843,828,-389,insert_bolts_hand_tighten
1874509,-88,-12268,10408,4666,41,-615,insert_bolts_hand_tighten
1874531,-240,-12804,10832,4170,94,-879,insert_bolts_hand_tighten
1874553,-472,-13724,10612,2221,-851,-559,insert_bolts_hand_tighten
1874575,-296,-11120,12568,2595,-88,400,insert_bolts_hand_tighten
1874597,252,-13316,9500,322,-1913,535,insert_bolts_hand_tighten
1874619,772,-13836,9688,4276,1274,-33,insert_bolts_hand_tighten
1874641,28,-12084,11976,3782,566,1068,insert_bolts_hand_tighten
1874663,-444,-11008,12368,2593,-438,1113,insert_bolts_hand_tighten
1874685,-636,-10968,11764,878,-1217,1661,insert_bolts_hand_tighten
1874707,-20,-11936,10484,715,-1922,1502,insert_bolts_hand_tighten
1874729,16,-13720,10416,-2374,-2075,1057,insert_bolts_hand_tighten
1874751,812,-11100,11680,251,-687,318,insert_bolts_hand_tighten
1874773,456,-13184,12944,2389,-883,349,insert_bolts_hand_tighten
1874795,52,-11428,14216,4343,-155,1450,insert_bolts_hand_tighten
1874817,-508,-10584,12828,3142,-1453,1882,insert_bolts_hand_tighten
1874839,-92,-10140,12272,2882,-1552,1636,insert_bolts_hand_tighten
1874861,128,-9924,13372,701,-1910,1902,insert_bolts_hand_tighten
1874883,448,-10224,14000,-979,-1587,2306,insert_bolts_hand_tighten
1874905,532,-11552,10764,-3410,-1285,2959,insert_bolts_hand_tighten
1874927,-148,-11232,10284,-3972,-898,1638,insert_bolts_hand_tighten
1874949,-684,-10352,10912,-5868,-209,296,insert_bolts_hand_tighten
1874971,672,-10240,12212,-7073,-564,-893,insert_bolts_hand_tighten
1874993,584,-14164,10348,-2880,-742,-987,insert_bolts_hand_tighten
1875015,548,-12156,11788,1936,1028,-1034,insert_bolts_hand_tighten
1875037,-448,-13212,10652,1793,-244,-230,insert_bolts_hand_tighten
1875059,328,-12476,11072,-731,-321,-221,insert_bolts_hand_tighten
1875081,96,-12484,10720,-2561,-616,-513,insert_bolts_hand_tighten
1875103,524,-13052,9908,-3665,-551,-159,insert_bolts_hand_tighten
1875125,332,-13840,10848,-1748,463,393,insert_bolts_hand_tighten
1875147,40,-14360,12440,-749,-296,1174,insert_bolts_hand_tighten
1875169,-592,-11496,12324,415,921,579,insert_bolts_hand_tighten
1875191,12,-10448,11448,-1747,345,-16,insert_bolts_hand_tighten
1875213,540,-12684,10540,-498,513,-523,insert_bolts_hand_tighten
1875235,392,-13052,10832,807,1200,-263,insert_bolts_hand_tighten
1875257,236,-11912,11492,435,1036,738,insert_bolts_hand_tighten
1875279,-96,-12300,11260,-644,506,384,insert_bolts_hand_tighten
1875301,132,-12544,11732,767,805,80,insert_bolts_hand_tighten
1875323,-288,-11604,10756,-10,657,524,insert_bolts_hand_tighten
1875345,-24,-11536,11312,-457,657,526,insert_bolts_hand_tighten
1875367,-248,-11464,11192,-1483,267,507,insert_bolts_hand_tighten
1875389,12,-12284,11380,-92,551,93,insert_bolts_hand_tighten
1875411,-376,-11720,12436,734,364,443,insert_bolts_hand_tighten
1875433,152,-12132,11872,368,615,213,insert_bolts_hand_tighten
1875455,-68,-18116,10096,1062,-1150,1768,insert_bolts_hand_tighten
1875477,492,-12352,10840,3986,494,2443,insert_bolts_hand_tighten
1875499,-320,-11860,11524,1084,-1075,2123,insert_bolts_hand_tighten
1875521,92,-10756,12856,344,-106,1211,insert_bolts_hand_tighten
1875543,-660,-10116,12524,-1205,242,620,insert_bolts_hand_tighten
1875565,-336,-11024,12012,-2457,382,176,insert_bolts_hand_tighten
1875587,-548,-12396,10308,-2934,319,-267,insert_bolts_hand_tighten
1875609,-44,-11912,10040,-3165,489,-363,insert_bolts_hand_tighten
1875631,-400,-11004,11312,-4664,759,102,insert_bolts_hand_tighten
1875653,-572,-12176,10900,-5957,168,-5,insert_bolts_hand_tighten
1875675,-264,-13084,10336,-6382,233,-588,insert_bolts_hand_tighten
1875697,-316,-13096,10732,-5807,1210,-509,insert_bolts_hand_tighten
1875719,-868,-12616,10420,-7108,835,-988,insert_bolts_hand_tighten
1875741,-416,-13868,9940,-5371,1153,-1078,insert_bolts_hand_tighten
1875763,-668,-14756,9996,-96,1405,-986,insert_bolts_hand_tighten
1875785,-212,-12144,9384,-889,1722,-684,insert_bolts_hand_tighten
1875807,-348,-12964,9456,-7442,1282,-358,insert_bolts_hand_tighten
1875829,-748,-14184,9460,-6107,1511,-1829,insert_bolts_hand_tighten
1875851,-360,-14656,8952,491,540,-1535,insert_bolts_hand_tighten
1875873,-144,-13272,8540,1872,476,-990,insert_bolts_hand_tighten
1875895,188,-13044,9168,-1498,-12,-387,insert_bolts_hand_tighten
1875917,48,-13280,9664,-3007,-305,-227,insert_bolts_hand_tighten
1875939,156,-13644,9024,-4562,-900,-517,insert_bolts_hand_tighten
1875961,136,-12724,10248,-7206,-591,-834,insert_bolts_hand_tighten
1875983,-140,-12452,9432,-10443,-411,-1185,insert_bolts_hand_tighten
1876005,288,-14628,9392,-5960,-606,-1422,insert_bolts_hand_tighten
1876027,620,-14720,8600,-2116,-176,-525,insert_bolts_hand_tighten
1876049,472,-15660,8400,-1692,59,-14,insert_bolts_hand_tighten
1876071,288,-15424,7732,-1398,80,430,insert_bolts_hand_tighten
1876093,244,-15252,8104,-994,1,55,insert_bolts_hand_tighten
1876115,-440,-14076,8820,1,-95,-395,insert_bolts_hand_tighten
1876137,-248,-13608,8472,64,13,283,insert_bolts_hand_tighten
1876159,192,-14112,7876,-126,171,55,insert_bolts_hand_tighten
1876181,220,-14520,7472,-333,27,185,insert_bolts_hand_tighten
1876203,296,-14408,7788,315,-93,-61,insert_bolts_hand_tighten
1876225,276,-14124,8476,642,27,-385,insert_bolts_hand_tighten
1876247,-40,-13880,8636,-673,-170,-661,insert_bolts_hand_tighten
1876269,504,-14708,7444,-1278,-604,-970,insert_bolts_hand_tighten
1876291,500,-14648,7344,76,-126,-372,insert_bolts_hand_tighten
1876313,444,-15176,8004,526,-521,-83,insert_bolts_hand_tighten
1876335,352,-14848,7760,1535,-1214,113,insert_bolts_hand_tighten
1876357,292,-13724,7688,370,-685,71,insert_bolts_hand_tighten
1876379,796,-14460,7556,-116,-864,28,insert_bolts_hand_tighten
1876401,456,-16804,7796,3434,271,-53,insert_bolts_hand_tighten
1876423,596,-15272,8608,8388,-75,1208,insert_bolts_hand_tighten
1876445,-252,-14520,9352,5163,-517,1270,insert_bolts_hand_tighten
1876467,320,-13364,9224,3187,-319,763,insert_bolts_hand_tighten
1876489,488,-13440,8572,3963,2,659,insert_bolts_hand_tighten
1876511,756,-13608,8828,5205,366,595,insert_bolts_hand_tighten
1876533,572,-12936,10048,5049,849,883,insert_bolts_hand_tighten
1876555,176,-13056,11072,4203,125,621,insert_bolts_hand_tighten
1876577,512,-12304,10392,5802,279,-342,insert_bolts_hand_tighten
1876599,240,-12288,9996,1272,563,-140,insert_bolts_hand_tighten
1876621,480,-14356,9260,2531,186,-738,insert_bolts_hand_tighten
1876643,772,-12112,10280,4596,779,-431,insert_bolts_hand_tighten
1876665,300,-13040,10824,1603,90,-766,insert_bolts_hand_tighten
1876687,280,-10716,11528,-927,1070,-684,insert_bolts_hand_tighten
1876709,-432,-12036,11852,-4224,-157,223,insert_bolts_hand_tighten
1876731,-460,-12248,10896,-8603,386,-1174,insert_bolts_hand_tighten
1876753,960,-14144,9744,-5192,525,-907,insert_bolts_hand_tighten
1876775,340,-14288,9688,-1995,324,56,insert_bolts_hand_tighten
1876797,328,-13520,9888,-696,425,872,insert_bolts_hand_tighten
1876819,324,-13796,9300,-649,363,476,insert_bolts_hand_tighten
1876841,708,-14316,9644,1376,221,501,insert_bolts_hand_tighten
1876863,508,-13768,9540,3811,945,514,insert_bolts_hand_tighten
1876885,512,-13312,9248,2649,366,635,insert_bolts_hand_tighten
1876907,376,-11620,9432,1094,892,79,insert_bolts_hand_tighten
1876929,88,-13040,11172,-667,232,93,insert_bolts_hand_tighten
1876951,844,-14224,9864,2516,363,5,insert_bolts_hand_tighten
1876973,276,-12508,10696,4392,1091,816,insert_bolts_hand_tighten
1876995,-28,-12400,11216,2781,940,910,insert_bolts_hand_tighten
1877017,152,-11532,11140,1795,587,1075,insert_bolts_hand_tighten
1877039,-176,-12124,11200,678,587,861,insert_bolts_hand_tighten
1877061,-140,-12680,9912,444,610,458,insert_bolts_hand_tighten
1877083,-112,-13064,9452,2244,550,621,insert_bolts_hand_tighten
1877105,104,-13904,9652,3799,206,900,insert_bolts_hand_tighten
1877127,196,-12136,10248,4187,431,1558,insert_bolts_hand_tighten
1877149,-244,-11952,11264,4349,348,946,insert_bolts_hand_tighten
1877171,-228,-12156,12188,4310,-151,847,insert_bolts_hand_tighten
1877193,-436,-10932,12212,3163,377,902,insert_bolts_hand_tighten
1877215,-160,-11880,11836,2345,-205,1331,insert_bolts_hand_tighten
1877237,-452,-10876,11744,-130,225,754,insert_bolts_hand_tighten
1877259,-432,-10428,11716,-2510,266,-517,insert_bolts_hand_tighten
1877281,-80,-12264,12056,-2739,-184,-572,insert_bolts_hand_tighten
1877303,-264,-13220,11080,-590,-265,-652,insert_bolts_hand_tighten
1877325,-540,-12436,11616,1410,-41,-272,insert_bolts_hand_tighten
1877347,-348,-11724,12216,184,-276,150,insert_bolts_hand_tighten
1877369,-244,-12004,10608,320,-146,-265,insert_bolts_hand_tighten
1877391,-224,-13704,10656,5227,314,-1822,insert_bolts_hand_tighten
1877413,-84,-11920,11288,3888,967,-277,insert_bolts_hand_tighten
1877435,-460,-11220,12392,4376,431,-723,insert_bolts_hand_tighten
1877457,-428,-10896,12996,-322,941,-931,insert_bolts_hand_tighten
1877479,216,-12060,12088,3345,501,-589,insert_bolts_hand_tighten
1877501,-1028,-12412,11220,4190,-43,-501,insert_bolts_hand_tighten
1877523,-224,-10200,11864,3817,16,-542,insert_bolts_hand_tighten
1877545,-308,-8748,13240,1699,-528,-315,insert_bolts_hand_tighten
1877567,-276,-9148,13076,-1145,-779,-444,insert_bolts_hand_tighten
1877589,-156,-10812,11632,-719,-434,-1229,insert_bolts_hand_tighten
1877611,232,-12788,12024,5042,-515,-1737,insert_bolts_hand_tighten
1877633,340,-9844,13696,6489,-1141,-721,insert_bolts_hand_tighten
1877655,80,-9940,14120,770,-1354,-506,insert_bolts_hand_tighten
1877677,1028,-9456,13848,-1541,-780,-467,insert_bolts_hand_tighten
1877699,492,-10668,13508,148,-106,-689,insert_bolts_hand_tighten
1877721,484,-11404,13380,3947,670,-335,insert_bolts_hand_tighten
1877743,932,-11236,13752,7438,248,1121,insert_bolts_hand_tighten
1877765,1440,-9788,14100,6425,-1056,2303,insert_bolts_hand_tighten
1877787,896,-9120,14008,1995,-813,2187,insert_bolts_hand_tighten
1877809,632,-7148,14556,-1174,-231,1174,insert_bolts_hand_tighten
1877831,504,-8072,14604,-7866,2259,1432,insert_bolts_hand_tighten
1877853,-584,-9224,13856,-5516,3083,2468,insert_bolts_hand_tighten
1877875,-332,-13712,13400,-985,-523,1993,insert_bolts_hand_tighten
1877897,-788,-14132,12576,4035,-1103,2837,insert_bolts_hand_tighten
1877919,-1040,-10456,11672,5358,-1965,3069,insert_bolts_hand_tighten
1877941,-740,-8992,12180,1833,-1488,2121,insert_bolts_hand_tighten
1877963,-764,-10452,12172,778,-826,1162,insert_bolts_hand_tighten
1877985,-360,-10776,11780,2631,-938,1454,insert_bolts_hand_tighten
1878007,-740,-10272,11684,2717,-2101,1030,insert_bolts_hand_tighten
1878029,-304,-8544,13744,1669,-2259,193,insert_bolts_hand_tighten
1878051,456,-9480,13120,-497,-3115,-498,insert_bolts_hand_tighten
1878073,164,-9816,11632,2105,-2688,-1696,insert_bolts_hand_tighten
1878095,468,-9324,12232,2749,-3264,-2684,insert_bolts_hand_tighten
1878117,1904,-7524,13992,1720,-3543,-1293,insert_bolts_hand_tighten
1878139,3504,-7776,19008,812,-587,486,insert_bolts_hand_tighten
1878161,1032,-9844,16928,3450,1720,-2112,insert_bolts_hand_tighten
1878183,2320,-6668,15448,4511,4584,-3386,insert_bolts_hand_tighten
1878205,1296,-7176,15296,-1790,2821,-3756,insert_bolts_hand_tighten
1878227,2176,-6380,15824,-3321,3980,-5547,insert_bolts_hand_tighten
1878249,1736,-6836,15816,-6485,3814,-2229,insert_bolts_hand_tighten
1878271,980,-9464,14420,-4471,-2,1380,insert_bolts_hand_tighten
1878293,508,-11656,12300,-1043,-1052,3029,insert_bolts_hand_tighten
1878315,-64,-12928,11640,-420,-1278,4960,insert_bolts_hand_tighten
1878337,-968,-11116,12852,-3588,-2311,5157,insert_bolts_hand_tighten
1878359,-1200,-8556,12704,-12459,-3611,3746,insert_bolts_hand_tighten
1878381,-796,-12420,11524,-13544,-5315,858,insert_bolts_hand_tighten
1878403,-92,-13492,11252,-1614,-2705,-1324,insert_bolts_hand_tighten
1878425,496,-10544,12612,1424,-2348,-725,insert_bolts_hand_tighten
1878447,-416,-10920,11900,282,-1914,-2588,insert_bolts_hand_tighten
1878469,948,-9124,11544,477,-1755,-2971,insert_bolts_hand_tighten
1878491,1368,-10300,12512,961,-1742,-3168,insert_bolts_hand_tighten
1878513,2548,-8416,14524,324,-1770,-3771,insert_bolts_hand_tighten
1878535,3456,-6152,15900,-1693,450,-2504,insert_bolts_hand_tighten
1878557,4292,-10788,15600,-5974,291,-1391,insert_bolts_hand_tighten
1878579,3212,-11100,13260,-6211,1375,-2991,insert_bolts_hand_tighten
1878601,3476,-10416,13296,-4312,3349,-4199,insert_bolts_hand_tighten
1878623,3640,-10496,13216,-1310,4703,-1220,insert_bolts_hand_tighten
1878645,2388,-11204,14344,9,1636,2879,insert_bolts_hand_tighten
1878667,520,-11432,12836,249,-236,4550,insert_bolts_hand_tighten
1878689,-168,-12644,9560,-317,-4829,5555,insert_bolts_hand_tighten
1878711,692,-12848,8504,-488,-4714,5109,insert_bolts_hand_tighten
1878733,300,-12268,9024,-1314,-1047,5124,insert_bolts_hand_tighten
1878755,356,-10336,12652,-268,1233,3800,insert_bolts_hand_tighten
1878777,-1092,-10656,11788,712,-56,-164,insert_bolts_hand_tighten
1878799,1312,-9920,13276,4146,959,7,insert_bolts_hand_tighten
1878821,180,-13160,13224,4135,-2670,-1112,insert_bolts_hand_tighten
1878843,164,-9764,11808,5195,-2556,-2436,insert_bolts_hand_tighten
1878865,2164,-7620,14092,-730,-4606,-1208,insert_bolts_hand_tighten
1878887,2284,-10620,15688,1163,176,-2082,insert_bolts_hand_tighten
1878909,3116,-10612,14716,1032,-367,-2448,insert_bolts_hand_tighten
1878931,5088,-6248,14788,-1915,-1214,-3695,insert_bolts_hand_tighten
1878953,4516,-11684,12072,-7826,1105,-2004,insert_bolts_hand_tighten
1878975,4340,-11000,12708,-1835,4128,-2790,insert_bolts_hand_tighten
1878997,3212,-9612,14816,-2140,5494,-923,insert_bolts_hand_tighten
1879019,1184,-11252,13876,-1421,1331,1335,insert_bolts_hand_tighten
1879041,792,-11380,10616,-1584,-2913,3074,insert_bolts_hand_tighten
1879063,888,-14384,8944,-789,-1470,4311,insert_bolts_hand_tighten
1879085,-540,-13584,9264,2488,-36,4185,insert_bolts_hand_tighten
1879107,-788,-11496,9324,3062,-2634,5046,insert_bolts_hand_tighten
1879129,832,-12364,10744,2928,-2151,5862,insert_bolts_hand_tighten
1879151,904,-12032,12372,5037,-1665,3372,insert_bolts_hand_tighten
1879173,2244,-6836,15260,2424,-1823,-1041,insert_bolts_hand_tighten
1879195,1468,-11356,14688,4144,-527,-1704,insert_bolts_hand_tighten
1879217,564,-10232,12208,8124,-795,-3092,insert_bolts_hand_tighten
1879239,3284,-8444,13780,1543,-3536,-1143,insert_bolts_hand_tighten
1879261,2296,-11952,15980,2982,1081,-1066,insert_bolts_hand_tighten
1879283,3356,-8552,15620,4692,278,-1886,insert_bolts_hand_tighten
1879305,2156,-7128,13808,2986,1941,-4015,insert_bolts_hand_tighten
1879327,4404,-4620,14160,-4848,4820,-5194,insert_bolts_hand_tighten
1879349,4164,-9268,15152,-1770,3747,-899,insert_bolts_hand_tighten
1879371,1744,-7944,15160,-2410,3050,505,insert_bolts_hand_tighten
1879393,1092,-10172,11752,-2582,-696,1785,insert_bolts_hand_tighten
1879415,1108,-9488,10156,-989,-2755,3393,insert_bolts_hand_tighten
1879437,1044,-11256,10360,-4667,-1227,4640,insert_bolts_hand_tighten
1879459,-120,-14180,10340,156,146,3592,insert_bolts_hand_tighten
1879481,540,-11432,11704,2891,-2595,4372,insert_bolts_hand_tighten
1879503,472,-10172,13604,4568,-705,1827,insert_bolts_hand_tighten
1879525,812,-8720,15516,3661,-1639,596,insert_bolts_hand_tighten
1879547,1200,-8788,15244,4775,-1020,-1410,insert_bolts_hand_tighten
1879569,1108,-8788,12712,4483,-1054,-3413,insert_bolts_hand_tighten
1879591,2432,-8232,13692,975,-1174,-4906,insert_bolts_hand_tighten
1879613,3120,-8384,17716,-30,1709,-3753,insert_bolts_hand_tighten
1879635,3796,-8032,16872,-1042,2,-1821,insert_bolts_hand_tighten
1879657,2864,-8020,14976,133,1125,-1932,insert_bolts_hand_tighten
1879679,3172,-7308,13708,-2012,-3151,-2307,insert_bolts_hand_tighten
1879701,3580,-7268,12632,-5916,-1217,-2368,insert_bolts_hand_tighten
1879723,3912,-7112,12140,-11858,1270,-1027,insert_bolts_hand_tighten
1879745,3356,-11360,12816,-10649,3424,262,insert_bolts_hand_tighten
1879767,1504,-12920,15516,-3712,5113,3558,insert_bolts_hand_tighten
1879789,-284,-12716,11716,2515,70,5494,insert_bolts_hand_tighten
1879811,-476,-11392,10836,1165,-4173,5888,insert_bolts_hand_tighten
1879833,504,-12440,11232,-416,-3997,4486,insert_bolts_hand_tighten
1879855,712,-10120,10228,932,-2279,2409,insert_bolts_hand_tighten
1879877,1492,-10264,13468,1111,927,856,insert_bolts_hand_tighten
1879899,1824,-9472,14924,985,1916,-80,insert_bolts_hand_tighten
1879921,840,-10860,13496,4004,533,-1274,insert_bolts_hand_tighten
1879943,2076,-9868,13368,224,-1514,-1826,insert_bolts_hand_tighten
1879965,1564,-8580,13460,584,-785,-3937,insert_bolts_hand_tighten
1879987,4672,-6552,15664,-2690,-449,-2878,insert_bolts_hand_tighten
1880009,3984,-10836,14456,-3455,340,-2176,insert_bolts_hand_tighten
1880031,3552,-8940,13564,-4438,1602,-3244,insert_bolts_hand_tighten
1880053,3608,-8660,12936,-8787,2568,-3033,insert_bolts_hand_tighten
1880075,3432,-10760,12984,-8346,4057,-1028,insert_bolts_hand_tighten
1880097,1896,-12056,12652,-2919,3801,1832,insert_bolts_hand_tighten
1880119,740,-11752,12280,-409,1931,6447,insert_bolts_hand_tighten
1880141,-1000,-14520,10504,350,-1663,7393,insert_bolts_hand_tighten
1880163,-536,-13308,10480,2758,-3865,5729,insert_bolts_hand_tighten
1880185,496,-10536,10904,7068,-3914,3430,insert_bolts_hand_tighten
1880207,1172,-10004,11964,5444,-2125,1635,insert_bolts_hand_tighten
1880229,1192,-8052,12640,2698,-1238,-573,insert_bolts_hand_tighten
1880251,1616,-10372,14048,-3685,-1296,-521,insert_bolts_hand_tighten
1880273,1288,-11960,13860,-2455,324,-2053,insert_bolts_hand_tighten
1880295,2036,-9152,14532,-2551,-1527,-2427,insert_bolts_hand_tighten
1880317,2572,-8772,14276,-3762,-1377,-3117,insert_bolts_hand_tighten
1880339,2308,-7764,11024,-5078,-2418,-3750,insert_bolts_hand_tighten
1880361,5432,-8512,12000,-8844,-3397,-1861,insert_bolts_hand_tighten
1880383,5124,-12128,13228,-5643,3462,-1180,insert_bolts_hand_tighten
1880405,3788,-12280,12796,-3861,5113,-2019,insert_bolts_hand_tighten
1880427,2832,-11368,12572,-1470,4563,-2575,insert_bolts_hand_tighten
1880449,1936,-10944,12592,1950,4080,-832,insert_bolts_hand_tighten
1880471,1784,-11360,12172,2987,3836,1368,insert_bolts_hand_tighten
1880493,896,-13384,11084,5234,1632,3390,insert_bolts_hand_tighten
1880515,72,-12004,11888,6711,-570,4545,insert_bolts_hand_tighten
1880537,-124,-11408,11988,6765,-3151,6116,insert_bolts_hand_tighten
1880559,232,-13912,10884,9747,-5101,5769,insert_bolts_hand_tighten
1880581,1500,-8820,11040,10547,-5974,3713,insert_bolts_hand_tighten
1880603,2640,-7164,15132,1301,-280,1009,insert_bolts_hand_tighten
1880625,1112,-10900,14624,3138,677,-1124,insert_bolts_hand_tighten
1880647,1932,-10732,13864,5333,-424,-2107,insert_bolts_hand_tighten
1880669,1900,-10020,14480,2825,-1122,-1878,insert_bolts_hand_tighten
1880691,2300,-8448,13572,2049,-2098,-3309,insert_bolts_hand_tighten
1880713,4764,-6044,14396,-426,-471,-3030,insert_bolts_hand_tighten
1880735,4248,-8008,13768,-4582,2068,-1573,insert_bolts_hand_tighten
1880757,3108,-7480,13600,-4684,1844,-3099,insert_bolts_hand_tighten
1880779,3584,-9356,13108,-8807,2080,-3318,insert_bolts_hand_tighten
1880801,3276,-9692,12816,-5488,3501,-2247,insert_bolts_hand_tighten
1880823,2440,-10540,13556,-3654,3794,952,insert_bolts_hand_tighten
1880845,728,-11804,13124,654,1937,3095,insert_bolts_hand_tighten
1880867,-100,-11092,12884,2949,-1292,4009,insert_bolts_hand_tighten
1880889,248,-11124,11924,2440,-3463,5510,insert_bolts_hand_tighten
1880911,452,-11924,9456,4782,-2947,5289,insert_bolts_hand_tighten
1880933,1172,-9104,13532,2824,-208,3596,insert_bolts_hand_tighten
1880955,1024,-9772,16492,3557,7,466,insert_bolts_hand_tighten
1880977,1552,-8824,15400,-40,1103,-337,insert_bolts_hand_tighten
1880999,1472,-10756,13572,2644,-1363,-1633,insert_bolts_hand_tighten
1881021,1492,-10596,12660,761,-2032,-2027,insert_bolts_hand_tighten
1881043,2284,-9272,13736,64,-2629,-2534,insert_bolts_hand_tighten
1881065,2364,-6420,14080,-190,-1693,-3050,insert_bolts_hand_tighten
1881087,4204,-6348,14664,-6986,-1163,-860,insert_bolts_hand_tighten
1881109,3364,-8792,14004,-6489,229,-1299,insert_bolts_hand_tighten
1881131,3476,-8304,12512,-7898,-488,-1654,insert_bolts_hand_tighten
1881153,3724,-8724,11808,-9976,614,-2013,insert_bolts_hand_tighten
1881175,3996,-11500,11800,-11533,2686,-1802,insert_bolts_hand_tighten
1881197,2824,-13756,12244,-6241,4164,-1845,insert_bolts_hand_tighten
1881219,2772,-11920,12952,-106,4725,-76,insert_bolts_hand_tighten
1881241,1176,-12176,12888,2286,2940,2402,insert_bolts_hand_tighten
1881263,432,-11064,11772,1475,536,4382,insert_bolts_hand_tighten
1881285,-336,-14476,10976,2685,-1943,3955,insert_bolts_hand_tighten
1881307,376,-11520,11352,7578,-2681,2431,insert_bolts_hand_tighten
1881329,1140,-9668,12356,7752,-2861,1939,insert_bolts_hand_tighten
1881351,2592,-7036,13780,2916,-2758,362,insert_bolts_hand_tighten
1881373,1968,-9508,14252,-3499,-308,-408,insert_bolts_hand_tighten
1881395,2108,-10920,13932,-3091,-575,-165,insert_bolts_hand_tighten
1881417,1888,-12036,13628,-174,-382,-704,insert_bolts_hand_tighten
1881439,2576,-10448,12872,-61,-1359,-515,insert_bolts_hand_tighten
1881461,3004,-9288,13536,-1326,-931,-1212,insert_bolts_hand_tighten
1881483,3252,-9932,13324,-2038,-31,-1317,insert_bolts_hand_tighten
1881505,3356,-9400,12932,-3455,-139,-868,insert_bolts_hand_tighten
1881527,3180,-9244,12456,-5701,138,-615,insert_bolts_hand_tighten
1881549,3264,-10064,12632,-5754,-182,-829,insert_bolts_hand_tighten
1881571,3428,-9104,13144,-5873,1906,-1695,insert_bolts_hand_tighten
1881593,2832,-11724,12428,-5853,2009,-1790,insert_bolts_hand_tighten
1881615,2980,-11908,12424,-4187,1971,-1831,insert_bolts_hand_tighten
1881637,2936,-12024,11940,-3269,2109,-1239,insert_bolts_hand_tighten
1881659,2932,-12128,11708,-3296,2305,-1168,insert_bolts_hand_tighten
1881681,2740,-11828,12000,-3487,2891,-1784,insert_bolts_hand_tighten
1881703,2400,-12512,11316,-2397,3712,-2074,insert_bolts_hand_tighten
1881725,2544,-11532,11872,360,4045,495,insert_bolts_hand_tighten
1881747,832,-13964,11456,1764,2616,2304,insert_bolts_hand_tighten
1881769,484,-12852,9856,3134,-325,3576,insert_bolts_hand_tighten
1881791,456,-13228,9528,3710,-1402,3917,insert_bolts_hand_tighten
1881813,124,-14488,10432,6594,-2679,2505,insert_bolts_hand_tighten
1881835,564,-10964,11212,9454,-3648,1689,insert_bolts_hand_tighten
1881857,1772,-8764,10452,8237,-4553,681,insert_bolts_hand_tighten
1881879,3908,-7204,12268,6447,-2598,41,insert_bolts_hand_tighten
1881901,3348,-7464,14112,-3474,2604,1275,insert_bolts_hand_tighten
1881923,2572,-11100,13788,-3288,-777,-505,insert_bolts_hand_tighten
1881945,2984,-10872,13372,-1636,-1020,-2394,insert_bolts_hand_tighten
1881967,3584,-10388,12952,1174,-710,-3222,insert_bolts_hand_tighten
1881989,3892,-9928,12136,645,-259,-3036,insert_bolts_hand_tighten
1882011,4672,-8340,13560,-3592,2297,-2040,insert_bolts_hand_tighten
1882033,3516,-12980,12508,-5615,1814,-135,insert_bolts_hand_tighten
1882055,3012,-11876,12720,-3526,3097,-467,insert_bolts_hand_tighten
1882077,1984,-11536,13004,-1889,2852,103,insert_bolts_hand_tighten
1882099,1444,-10812,12716,-900,1284,669,insert_bolts_hand_tighten
1882121,1856,-9976,12976,-808,597,1108,insert_bolts_hand_tighten
1882143,1824,-10212,11920,-2167,502,1597,insert_bolts_hand_tighten
1882165,2044,-11232,11288,-4377,-736,1400,insert_bolts_hand_tighten
1882187,2116,-12000,11260,-6726,-1179,290,insert_bolts_hand_tighten
1882209,2104,-13080,11188,-5356,248,-201,insert_bolts_hand_tighten
1882231,1076,-14452,11932,-372,-1128,-1882,insert_bolts_hand_tighten
1882253,1464,-10992,11984,2774,-1514,-1999,insert_bolts_hand_tighten
1882275,1848,-11652,11344,1769,-4691,-330,insert_bolts_hand_tighten
1882297,2308,-10744,10880,-37,-6184,-600,insert_bolts_hand_tighten
1882319,2912,-9716,9536,-1048,-6525,-869,insert_bolts_hand_tighten
1882341,4484,-11144,9716,-782,-2673,-511,insert_bolts_hand_tighten
1882363,4300,-10756,10772,-1353,-983,-346,insert_bolts_hand_tighten
1882385,4352,-9512,13396,-6896,1438,-665,insert_bolts_hand_tighten
1882407,3492,-11664,13468,-8900,765,-1209,insert_bolts_hand_tighten
1882429,2800,-12300,12168,-8261,-846,-1958,insert_bolts_hand_tighten
1882451,4072,-11236,11456,-6745,-143,-2282,insert_bolts_hand_tighten
1882473,3652,-11300,11000,-5789,682,-1921,insert_bolts_hand_tighten
1882495,3548,-11676,10768,-5240,354,-949,insert_bolts_hand_tighten
1882517,3648,-12760,11072,-4840,642,-807,insert_bolts_hand_tighten
1882539,3500,-12732,10804,-5361,541,-571,insert_bolts_hand_tighten
1882561,3416,-12464,10420,-5997,620,-864,insert_bolts_hand_tighten
1882583,3500,-12080,9292,-7205,164,-1118,insert_bolts_hand_tighten
1882605,3828,-13188,9248,-7702,1004,-648,insert_bolts_hand_tighten
1882627,3776,-13252,9760,-7956,1677,-472,insert_bolts_hand_tighten
1882649,3852,-13228,9344,-7790,1858,-680,insert_bolts_hand_tighten
1882671,3800,-13856,8096,-7215,1551,-593,insert_bolts_hand_tighten
1882693,3808,-13492,7056,-8404,1440,-300,insert_bolts_hand_tighten
1882715,3960,-14788,6320,-8432,757,-335,insert_bolts_hand_tighten
1882737,3920,-15796,6388,-6882,1577,-620,insert_bolts_hand_tighten
1882759,4232,-15876,6704,-4484,992,-261,insert_bolts_hand_tighten
1882781,3984,-15488,6792,-3088,837,178,insert_bolts_hand_tighten
1882803,3792,-15588,6676,-2052,504,529,insert_bolts_hand_tighten
1882825,3908,-15832,6560,-1050,95,226,insert_bolts_hand_tighten
1882847,3624,-15196,6304,-926,338,56,insert_bolts_hand_tighten
1882869,3744,-14860,6384,-1152,474,467,insert_bolts_hand_tighten
1882891,3332,-16268,5784,-1268,414,771,insert_bolts_hand_tighten
1882913,3476,-16424,6016,838,80,1184,insert_bolts_hand_tighten
1882935,3748,-15888,6272,2228,219,2042,insert_bolts_hand_tighten
1882957,3312,-15152,6480,1927,1168,2096,insert_bolts_hand_tighten
1882979,3136,-15728,6288,4000,1469,1431,insert_bolts_hand_tighten
1883001,3040,-15160,6204,8208,2211,1358,insert_bolts_hand_tighten
1883023,2888,-15592,6756,11016,1863,1697,insert_bolts_hand_tighten
1883045,3120,-14200,7904,11733,1226,2310,insert_bolts_hand_tighten
1883067,2636,-13508,8292,9286,392,2032,insert_bolts_hand_tighten
1883089,2900,-12192,9132,6528,1356,1367,insert_bolts_hand_tighten
1883111,2884,-13444,9608,5055,1233,1815,insert_bolts_hand_tighten
1883133,2948,-14820,9776,6955,1650,2166,insert_bolts_hand_tighten
1883155,3060,-13364,10468,8395,1977,3901,insert_bolts_hand_tighten
1883177,3180,-12396,12216,5597,1598,5577,insert_bolts_hand_tighten
1883199,2268,-10460,13076,650,1886,5885,insert_bolts_hand_tighten
1883221,1804,-11224,11908,-4441,1780,5772,insert_bolts_hand_tighten
1883243,1296,-12168,9396,-5421,929,3648,insert_bolts_hand_tighten
1883265,2504,-10760,8776,-4011,2975,2812,insert_bolts_hand_tighten
1883287,1144,-10784,8716,-8336,4532,3466,insert_bolts_hand_tighten
1883309,664,-10632,9236,-9886,3908,2299,insert_bolts_hand_tighten
1883331,704,-11440,8660,-11465,3498,694,insert_bolts_hand_tighten
1883353,820,-15076,7020,-6277,3909,-1505,insert_bolts_hand_tighten
1883375,896,-16620,7036,5654,2834,-2968,insert_bolts_hand_tighten
1883397,1240,-15532,8800,12722,3657,-2726,insert_bolts_hand_tighten
1883419,68,-13808,8588,10215,-425,-1321,insert_bolts_hand_tighten
1883441,372,-13796,8572,8405,-1657,-1561,insert_bolts_hand_tighten
1883463,1032,-13068,8356,7066,-2261,-1061,insert_bolts_hand_tighten
1883485,1352,-14712,9828,6085,-1943,2,insert_bolts_hand_tighten
1883507,1000,-13760,10328,6482,-1150,214,insert_bolts_hand_tighten
1883529,1152,-13144,10900,6281,-1576,1167,insert_bolts_hand_tighten
1883551,1212,-11868,11268,4698,-1461,1429,insert_bolts_hand_tighten
1883573,1308,-12264,11884,5100,-1050,1081,insert_bolts_hand_tighten
1883595,1168,-11928,11752,5936,-917,581,insert_bolts_hand_tighten
1883617,1520,-11072,11212,7802,-1165,-189,insert_bolts_hand_tighten
1883639,1624,-9492,11744,4832,-1142,-546,insert_bolts_hand_tighten
1883661,2496,-9724,13108,1098,-557,56,insert_bolts_hand_tighten
1883683,2248,-13924,12476,2285,-577,690,insert_bolts_hand_tighten
1883705,1224,-12124,11916,6460,-551,1418,insert_bolts_hand_tighten
1883727,1296,-10356,11508,4934,-986,4025,insert_bolts_hand_tighten
1883749,1340,-11768,12276,3357,-1047,3787,insert_bolts_hand_tighten
1883771,1152,-11008,14152,6528,19,1395,insert_bolts_hand_tighten
1883793,440,-11488,13616,9728,-454,1640,insert_bolts_hand_tighten
1883815,252,-9176,13252,8166,-1329,1429,insert_bolts_hand_tighten
1883837,416,-8488,13128,3963,-1407,916,insert_bolts_hand_tighten
1883859,1248,-9800,14096,1343,-876,377,insert_bolts_hand_tighten
1883881,1392,-8992,13740,-322,-282,-193,insert_bolts_hand_tighten
1883903,1104,-10172,12928,414,-185,-749,insert_bolts_hand_tighten
1883925,556,-10356,12760,902,-15,-700,insert_bolts_hand_tighten
1883947,1568,-9300,13708,-1738,-1272,3,insert_bolts_hand_tighten
1883969,988,-10564,14076,-4983,-1317,-529,insert_bolts_hand_tighten
1883991,1792,-8200,13744,-7712,-1013,-1189,insert_bolts_hand_tighten
1884013,1572,-7376,11728,-13327,-783,-1525,insert_bolts_hand_tighten
1884035,1660,-9308,10972,-18193,-394,-1942,insert_bolts_hand_tighten
1884057,2148,-11972,12188,-21321,-1711,-1389,insert_bolts_hand_tighten
1884079,2580,-13376,13204,-24030,-2161,-1462,insert_bolts_hand_tighten
1884101,2304,-12204,11344,-22842,-1725,-1820,insert_bolts_hand_tighten
1884123,3244,-14544,9032,-13613,-4283,-62,insert_bolts_hand_tighten
1884145,2864,-14856,8452,-5449,1804,-1197,insert_bolts_hand_tighten
1884167,2364,-14588,8884,-927,23,-792,insert_bolts_hand_tighten
1884189,2360,-13896,8176,3244,1357,-1344,insert_bolts_hand_tighten
1884211,2656,-14256,8188,6891,1216,-1336,insert_bolts_hand_tighten
1884233,2388,-13896,9080,10199,898,-893,insert_bolts_hand_tighten
1884255,2080,-12708,9832,12576,1366,-1333,insert_bolts_hand_tighten
1884277,3148,-13152,9952,13755,1402,-275,insert_bolts_hand_tighten
1884299,3140,-9912,11644,13663,2081,614,insert_bolts_hand_tighten
1884321,1984,-10944,12188,8952,546,2223,insert_bolts_hand_tighten
1884343,924,-11652,11508,5184,361,2335,insert_bolts_hand_tighten
1884365,1372,-15152,11324,6879,446,2599,insert_bolts_hand_tighten
1884387,584,-14792,11392,14126,-828,2471,insert_bolts_hand_tighten
1884409,980,-8588,10608,14919,-2033,1731,insert_bolts_hand_tighten
1884431,1748,-7196,11588,6700,-1971,1152,insert_bolts_hand_tighten
1884453,3108,-8168,14500,-1231,771,460,insert_bolts_hand_tighten
1884475,1568,-12588,14032,204,1493,-432,insert_bolts_hand_tighten
1884497,1576,-8880,13496,-1046,620,-312,insert_bolts_hand_tighten
1884519,2188,-8976,12788,-8760,-114,-270,insert_bolts_hand_tighten
1884541,1572,-11932,12092,-10777,577,-816,insert_bolts_hand_tighten
1884563,1864,-10112,13316,-9439,525,-887,insert_bolts_hand_tighten
1884585,2756,-7704,13816,-12620,1006,-626,insert_bolts_hand_tighten
1884607,3108,-12212,13316,-11720,-723,-957,insert_bolts_hand_tighten
1884629,2684,-13980,12788,-8169,1266,-461,insert_bolts_hand_tighten
1884651,1452,-14068,11504,-4752,489,-459,insert_bolts_hand_tighten
1884673,1520,-10940,11168,-5113,275,-809,insert_bolts_hand_tighten
1884695,1752,-6796,10684,-14013,-1387,-1229,insert_bolts_hand_tighten
1884717,2580,-7468,8516,-26933,-3752,-779,insert_bolts_hand_tighten
1884739,3668,-21032,6288,-18901,-2310,-1411,insert_bolts_hand_tighten
1884761,3936,-19508,8416,1244,1547,-1642,insert_bolts_hand_tighten
1884783,2536,-13704,7740,3874,-1108,-403,insert_bolts_hand_tighten
1884805,3116,-12052,8424,1935,-1520,-421,insert_bolts_hand_tighten
1884827,3532,-13020,8240,1205,-943,-586,insert_bolts_hand_tighten
1884849,3508,-13668,8280,2522,281,-1066,insert_bolts_hand_tighten
1884871,4064,-13888,9432,3732,2030,-2299,insert_bolts_hand_tighten
1884893,3680,-12136,10896,-4191,5191,-3810,insert_bolts_hand_tighten
1884915,4140,-10252,8524,-1922,5783,-6255,insert_bolts_hand_tighten
1884937,4024,-11240,7244,-3744,4298,-6160,insert_bolts_hand_tighten
1884959,4528,-12844,8212,-2325,6686,-6472,insert_bolts_hand_tighten
1884981,4728,-13336,9272,-988,4375,-5720,insert_bolts_hand_tighten
1885003,4916,-13748,9904,-94,3407,-5472,insert_bolts_hand_tighten
1885025,4668,-13120,8744,-1409,2338,-4290,insert_bolts_hand_tighten
1885047,4384,-13788,7476,-4489,2142,-2890,insert_bolts_hand_tighten
1885069,3788,-15612,7288,-5164,2373,-2682,insert_bolts_hand_tighten
1885091,3584,-16840,7280,-2638,1908,-2689,insert_bolts_hand_tighten
1885113,3384,-16296,7064,796,1284,-2055,insert_bolts_hand_tighten
1885135,3192,-15344,7088,1641,-86,-494,insert_bolts_hand_tighten
1885157,2616,-15356,6632,39,-957,768,insert_bolts_hand_tighten
1885179,2184,-16136,6668,-1480,-1038,2055,insert_bolts_hand_tighten
1885201,2164,-17224,7080,-706,-1144,2756,insert_bolts_hand_tighten
1885223,1680,-16864,7788,1203,-2136,3379,insert_bolts_hand_tighten
1885245,1828,-15512,8056,2081,-3679,3682,insert_bolts_hand_tighten
1885267,2468,-14028,7648,2074,-4041,3737,insert_bolts_hand_tighten
1885289,3224,-13692,8040,289,-2448,3381,insert_bolts_hand_tighten
1885311,2952,-12712,9128,-862,-324,2158,insert_bolts_hand_tighten
1885333,3376,-12444,9972,-1627,302,1476,insert_bolts_hand_tighten
1885355,4036,-12392,10160,-490,381,557,insert_bolts_hand_tighten
1885377,4488,-12116,9412,-970,1170,-182,insert_bolts_hand_tighten
1885399,4808,-12172,9216,-704,1236,-423,insert_bolts_hand_tighten
1885421,4572,-11784,9140,-2001,1968,-1724,insert_bolts_hand_tighten
1885443,3960,-12416,9936,-1546,1957,-2433,insert_bolts_hand_tighten
1885465,4852,-11796,10364,-4002,783,-263,insert_bolts_hand_tighten
1885487,4068,-14264,9052,-3991,702,-605,insert_bolts_hand_tighten
1885509,3960,-14352,8136,-3870,166,-80,insert_bolts_hand_tighten
1885531,3308,-14364,6904,-4578,508,248,insert_bolts_hand_tighten
1885553,2340,-15844,6428,-4507,275,264,insert_bolts_hand_tighten
1885575,2712,-16176,7424,-936,-395,561,insert_bolts_hand_tighten
1885597,3260,-14916,8272,251,-455,675,insert_bolts_hand_tighten
1885619,3260,-14184,8036,654,23,-48,insert_bolts_hand_tighten
1885641,3280,-13560,6896,549,506,-262,insert_bolts_hand_tighten
1885663,3328,-14392,6756,-335,1120,525,insert_bolts_hand_tighten
1885685,3532,-14596,7240,-317,1203,785,insert_bolts_hand_tighten
1885707,3776,-14648,8172,-309,984,939,insert_bolts_hand_tighten
1885729,3756,-14320,8964,-164,1036,572,insert_bolts_hand_tighten
1885751,3508,-14320,7964,-546,922,171,insert_bolts_hand_tighten
1885773,3308,-14568,7436,-664,831,42,insert_bolts_hand_tighten
1885795,3636,-13876,7416,-42,315,248,insert_bolts_hand_tighten
1885817,3448,-14036,7308,-50,485,262,insert_bolts_hand_tighten
1885839,3548,-14192,7476,258,346,126,insert_bolts_hand_tighten
1885861,3784,-15160,6468,1874,103,84,insert_bolts_hand_tighten
1885883,3828,-16624,5816,5535,871,406,insert_bolts_hand_tighten
1885905,3812,-17376,6892,11280,1169,1086,insert_bolts_hand_tighten
1885927,2744,-15064,6792,13930,471,1447,insert_bolts_hand_tighten
1885949,2600,-12696,8176,12793,1000,1669,insert_bolts_hand_tighten
1885971,2600,-13172,8732,13415,-319,2461,insert_bolts_hand_tighten
1885993,1636,-13796,8876,13472,524,2154,insert_bolts_hand_tighten
1886015,2268,-11624,9836,14481,-1012,2295,insert_bolts_hand_tighten
1886037,2396,-9456,10800,9247,-1088,1886,insert_bolts_hand_tighten
1886059,2584,-8056,12196,3445,448,1209,insert_bolts_hand_tighten
1886081,2332,-9312,13016,-1544,946,615,insert_bolts_hand_tighten
1886103,2344,-12052,12540,-1914,943,489,insert_bolts_hand_tighten
1886125,2912,-12076,12668,2240,1618,-324,insert_bolts_hand_tighten
1886147,2672,-11316,13016,4009,1203,7,insert_bolts_hand_tighten
1886169,2708,-10800,12812,2697,-275,1108,insert_bolts_hand_tighten
1886191,3568,-8420,13848,-931,310,730,insert_bolts_hand_tighten
1886213,2920,-9604,12844,-4965,685,-156,insert_bolts_hand_tighten
1886235,3376,-12556,11168,-4264,968,-631,insert_bolts_hand_tighten
1886257,3260,-14196,10508,609,1507,-213,insert_bolts_hand_tighten
1886279,2592,-12692,11348,1899,933,707,insert_bolts_hand_tighten
1886301,2384,-11204,11608,-206,246,759,insert_bolts_hand_tighten
1886323,2224,-11196,11484,-1632,190,279,insert_bolts_hand_tighten
1886345,2404,-12152,11304,-317,310,87,insert_bolts_hand_tighten
1886367,2396,-11660,11492,144,768,209,insert_bolts_hand_tighten
1886389,2516,-11560,12124,-101,1189,271,insert_bolts_hand_tighten
1886411,2428,-11728,12180,-440,1573,213,insert_bolts_hand_tighten
1886433,2520,-12004,12204,469,2087,443,insert_bolts_hand_tighten
1886455,1432,-14464,11320,1767,890,28,insert_bolts_hand_tighten
1886477,1360,-13812,10380,5921,-661,-169,insert_bolts_hand_tighten
1886499,1440,-10372,10668,6309,-1498,869,insert_bolts_hand_tighten
1886521,1908,-11656,11248,4731,-1874,1304,insert_bolts_hand_tighten
1886543,1676,-12140,11676,7605,-841,558,insert_bolts_hand_tighten
1886565,1884,-12048,12260,10973,-206,-262,insert_bolts_hand_tighten
1886587,1508,-8900,13256,10975,325,-129,insert_bolts_hand_tighten
1886609,1668,-7756,13152,6919,-974,91,insert_bolts_hand_tighten
1886631,2720,-7744,13200,3698,-140,-307,insert_bolts_hand_tighten
1886653,3636,-7688,13420,4865,2485,-1641,insert_bolts_hand_tighten
1886675,3148,-8272,14128,4754,4078,-1472,insert_bolts_hand_tighten
1886697,3108,-7416,19228,1981,3507,225,insert_bolts_hand_tighten
1886719,3208,-10208,14244,3054,-1297,918,insert_bolts_hand_tighten
1886741,2060,-7940,12792,-1084,-1253,419,insert_bolts_hand_tighten
1886763,2856,-5472,13296,-5667,-898,481,insert_bolts_hand_tighten
1886785,2076,-7688,13216,-8752,-1225,502,insert_bolts_hand_tighten
1886807,3096,-10684,14504,-8793,194,170,insert_bolts_hand_tighten
1886829,2112,-13180,14480,-228,2301,606,insert_bolts_hand_tighten
1886851,2128,-10556,15332,4479,193,2296,insert_bolts_hand_tighten
1886873,972,-8936,14208,-773,-644,2217,insert_bolts_hand_tighten
1886895,1260,-9244,13344,-2451,-1150,1025,insert_bolts_hand_tighten
1886917,1908,-9680,12488,-3750,-555,-86,insert_bolts_hand_tighten
1886939,1996,-11016,12820,-210,900,82,insert_bolts_hand_tighten
1886961,1548,-9344,13072,-350,11,851,insert_bolts_hand_tighten
1886983,1876,-8500,12872,-2708,-730,1162,insert_bolts_hand_tighten
1887005,1932,-10816,14004,-2736,-73,840,insert_bolts_hand_tighten
1887027,2424,-11220,13496,-2263,323,628,insert_bolts_hand_tighten
1887049,1548,-10984,12636,-1446,2402,798,insert_bolts_hand_tighten
1887071,1964,-8916,13772,-736,772,917,insert_bolts_hand_tighten
1887093,2096,-11252,13668,-835,687,1017,insert_bolts_hand_tighten
1887115,1848,-9684,13084,-908,456,707,insert_bolts_hand_tighten
1887137,1880,-9900,12892,-1438,180,459,insert_bolts_hand_tighten
1887159,2032,-10328,12352,-928,-115,557,insert_bolts_hand_tighten
1887181,2508,-10396,12728,487,466,891,insert_bolts_hand_tighten
1887203,2004,-10004,13076,323,163,974,insert_bolts_hand_tighten
1887225,1960,-10128,13408,-634,106,700,insert_bolts_hand_tighten
1887247,1812,-9884,13232,-1473,317,522,insert_bolts_hand_tighten
1887269,2516,-9892,12568,-758,108,302,insert_bolts_hand_tighten
1887291,1600,-11428,12456,746,-56,357,insert_bolts_hand_tighten
1887313,1628,-11016,12940,-238,-156,546,insert_bolts_hand_tighten
1887335,1888,-10540,12896,-680,-353,276,insert_bolts_hand_tighten
1887357,1820,-9308,13028,-1000,-24,-53,insert_bolts_hand_tighten
1887379,2064,-9832,13484,-1733,391,-65,insert_bolts_hand_tighten
1887401,2136,-10528,13152,-1042,520,-217,insert_bolts_hand_tighten
1887423,2000,-10904,12764,-122,547,-479,insert_bolts_hand_tighten
1887445,2252,-10668,13012,503,140,-792,insert_bolts_hand_tighten
1887467,2012,-10072,13124,-202,105,-404,insert_bolts_hand_tighten
1887489,1852,-10564,13616,-647,200,-124,insert_bolts_hand_tighten
1887511,2060,-10316,13188,-1439,459,-252,insert_bolts_hand_tighten
1887533,2092,-10468,12764,-2293,423,-436,insert_bolts_hand_tighten
1887555,2220,-10872,12548,-2494,479,-648,insert_bolts_hand_tighten
1887577,1924,-11016,11888,-2654,379,-708,insert_bolts_hand_tighten
1887599,1624,-10744,11916,-1818,151,-545,insert_bolts_hand_tighten
1887621,2072,-10404,12148,-2775,-303,-405,insert_bolts_hand_tighten
1887643,2212,-10932,11720,-2166,191,-665,insert_bolts_hand_tighten
1887665,2248,-10500,11852,-962,281,-536,insert_bolts_hand_tighten
1887687,2328,-11580,11736,-472,211,-618,insert_bolts_hand_tighten
1887709,2296,-11468,12400,477,191,-305,insert_bolts_hand_tighten
1887731,2192,-11616,12540,-458,257,-234,insert_bolts_hand_tighten
1887753,2044,-12000,12580,440,125,-286,insert_bolts_hand_tighten
1887775,2224,-11568,11956,1187,57,-189,insert_bolts_hand_tighten
1887797,2120,-11032,11928,2384,-158,-272,insert_bolts_hand_tighten
1887819,2304,-9692,12500,1714,50,-603,insert_bolts_hand_tighten
1887841,3480,-8428,14440,-67,742,-686,insert_bolts_hand_tighten
1887863,2940,-9680,14308,-1556,1595,-648,insert_bolts_hand_tighten
1887885,2828,-10012,14540,-2967,1181,-1128,insert_bolts_hand_tighten
1887907,3340,-8520,13752,-2591,1331,-2457,insert_bolts_hand_tighten
1887929,3328,-7796,13748,-5087,1085,-3050,insert_bolts_hand_tighten
1887951,3288,-8104,12472,-6941,1140,-4495,insert_bolts_hand_tighten
1887973,3776,-7088,11600,-9493,1533,-5980,insert_bolts_hand_tighten
1887995,3804,-7556,11040,-12738,2617,-7567,insert_bolts_hand_tighten
1888017,3692,-7896,9740,-14450,3343,-9146,insert_bolts_hand_tighten
1888039,3712,-7696,7824,-14912,4747,-11129,insert_bolts_hand_tighten
1888061,3068,-8132,5472,-14332,6033,-13129,insert_bolts_hand_tighten
1888083,2904,-8756,4372,-10889,5395,-15954,insert_bolts_hand_tighten
1888105,3488,-8800,5244,-6012,5950,-19405,insert_bolts_hand_tighten
1888127,4244,-7820,7292,-6097,5230,-21960,insert_bolts_hand_tighten
1888149,5948,-10156,6768,-11175,1689,-22962,insert_bolts_hand_tighten
1888171,6908,-13144,6840,-4963,5722,-25503,insert_bolts_hand_tighten
1888193,6700,-13528,6524,4873,5084,-26161,insert_bolts_hand_tighten
1888215,7460,-12328,6840,6317,2743,-23622,insert_bolts_hand_tighten
1888237,9500,-13032,8748,1731,-1105,-20438,insert_bolts_hand_tighten
1888259,11200,-13344,9368,3466,190,-19432,insert_bolts_hand_tighten
1888281,10708,-14096,9636,9539,-283,-17924,insert_bolts_hand_tighten
1888303,11448,-13388,10016,15959,-2447,-15548,insert_bolts_hand_tighten
1888325,12136,-10548,10440,16658,-4955,-13045,insert_bolts_hand_tighten
1888347,13016,-8280,11140,13874,-6214,-10258,insert_bolts_hand_tighten
1888369,12424,-8140,11436,11863,-5389,-10238,insert_bolts_hand_tighten
1888391,13812,-8224,11812,11712,-4705,-11221,insert_bolts_hand_tighten
1888413,14152,-6200,13240,12728,-3000,-10263,insert_bolts_hand_tighten
1888435,15492,-7032,12152,10308,-5812,-7576,insert_bolts_hand_tighten
1888457,15776,-5088,12816,8995,-3539,-1633,insert_bolts_hand_tighten
1888479,13856,-3496,12556,5332,-1381,-680,insert_bolts_hand_tighten
1888501,13588,-3716,12024,3083,-2305,-1957,insert_bolts_hand_tighten
1888523,14576,-4848,11384,5588,-1163,-2022,insert_bolts_hand_tighten
1888545,14056,-2776,11244,7701,1346,-1775,insert_bolts_hand_tighten
1888567,13188,-1512,11492,3911,90,-908,insert_bolts_hand_tighten
1888589,13400,-2040,11088,571,-2268,756,insert_bolts_hand_tighten
1888611,14016,-3808,11036,-1386,-2232,548,insert_bolts_hand_tighten
1888633,13908,-2840,11708,2400,1275,-116,insert_bolts_hand_tighten
1888655,13264,-2132,10644,3344,1803,1375,insert_bolts_hand_tighten
1888677,13796,-3364,10588,4028,1230,3142,insert_bolts_hand_tighten
1888699,14268,-3776,10828,6037,-93,3757,insert_bolts_hand_tighten
1888721,13596,-2156,12040,4340,371,2739,insert_bolts_hand_tighten
1888743,13692,-1572,10964,3488,71,1661,insert_bolts_hand_tighten
1888765,12560,-1016,10276,-1528,459,753,insert_bolts_hand_tighten
1888787,13456,-1636,9764,-1096,245,678,insert_bolts_hand_tighten
1888809,13672,-3112,10464,401,1119,876,insert_bolts_hand_tighten
1888831,15380,-2372,11616,3091,1585,1813,insert_bolts_hand_tighten
1888853,15740,-1736,12416,-698,1806,3388,insert_bolts_hand_tighten
1888875,17180,-4168,14120,-4761,3129,4825,insert_bolts_hand_tighten
1888897,18876,-6628,15764,-6041,5949,7248,insert_bolts_hand_tighten
1888919,17648,-5124,16036,-11593,8968,11003,insert_bolts_hand_tighten
1888941,16384,-6516,16568,-11014,9187,14960,insert_bolts_hand_tighten
1888963,14552,-7088,15516,-12245,7398,17715,insert_bolts_hand_tighten
1888985,13304,-8228,14476,-12654,5207,18893,insert_bolts_hand_tighten
1889007,12780,-10096,13396,-14266,3884,18854,insert_bolts_hand_tighten
1889029,10980,-11636,12604,-14741,4852,17990,insert_bolts_hand_tighten
1889051,9228,-10860,12096,-14717,7701,17316,insert_bolts_hand_tighten
1889073,7028,-10672,12184,-14038,8330,17918,insert_bolts_hand_tighten
1889095,5436,-10844,10444,-11852,5793,18744,insert_bolts_hand_tighten
1889117,5108,-11804,8380,-6739,4128,19779,insert_bolts_hand_tighten
1889139,4740,-12572,6832,-2865,3362,19845,insert_bolts_hand_tighten
1889161,4300,-10744,6292,-1133,3459,19161,insert_bolts_hand_tighten
1889183,3440,-9940,6672,491,3831,18033,insert_bolts_hand_tighten
1889205,3012,-9312,7100,3211,2968,16781,insert_bolts_hand_tighten
1889227,2680,-9260,7520,5824,1745,15272,insert_bolts_hand_tighten
1889249,2888,-7976,6704,7483,639,12390,insert_bolts_hand_tighten
1889271,3524,-6760,7540,5084,1092,11096,insert_bolts_hand_tighten
1889293,2512,-7696,8588,1937,1487,8800,insert_bolts_hand_tighten
1889315,2968,-7828,9180,219,449,6365,insert_bolts_hand_tighten
1889337,2588,-11260,10056,3148,67,4676,insert_bolts_hand_tighten
1889359,2996,-11128,10388,9733,-1111,3814,insert_bolts_hand_tighten
1889381,2944,-9020,9600,10881,-1420,4170,insert_bolts_hand_tighten
1889403,2752,-8956,10040,7164,-2624,3345,insert_bolts_hand_tighten
1889425,2296,-8624,11476,2403,-1770,2164,insert_bolts_hand_tighten
1889447,2148,-10128,12900,2838,-422,836,insert_bolts_hand_tighten
1889469,-56,-11104,14224,4737,904,-183,insert_bolts_hand_tighten
1889491,728,-8776,13504,5390,-372,167,insert_bolts_hand_tighten
1889513,672,-11316,13432,3167,-1939,904,insert_bolts_hand_tighten
1889535,996,-11344,13676,1990,-1124,1956,insert_bolts_hand_tighten
1889557,716,-10992,12920,1781,-1313,1895,insert_bolts_hand_tighten
1889579,556,-9476,13248,871,-1291,1902,insert_bolts_hand_tighten
1889601,248,-9852,14240,-254,-2007,1416,insert_bolts_hand_tighten
1889623,-448,-9504,13296,59,-2489,202,insert_bolts_hand_tighten
1889645,1368,-8832,13292,-3166,-1377,1507,insert_bolts_hand_tighten
1889667,1616,-10176,13340,-5708,-1773,910,insert_bolts_hand_tighten
1889689,1504,-9224,12664,-11654,-1425,244,insert_bolts_hand_tighten
1889711,1876,-11736,12072,-13192,-1352,-1243,insert_bolts_hand_tighten
1889733,2264,-15272,12728,-4223,415,-2176,insert_bolts_hand_tighten
1889755,2148,-13148,11452,4001,372,-1133,insert_bolts_hand_tighten
1889777,2188,-11492,11028,3719,-820,1361,insert_bolts_hand_tighten
1889799,1316,-11840,10404,-551,-3739,2273,insert_bolts_hand_tighten
1889821,2236,-10764,10132,-3424,-4891,2699,insert_bolts_hand_tighten
1889843,1912,-11552,7612,-3696,-4397,908,insert_bolts_hand_tighten
1889865,2168,-11204,8536,-144,-485,-429,insert_bolts_hand_tighten
1889887,2428,-10832,12288,2888,3200,-1274,insert_bolts_hand_tighten
1889909,388,-10596,13436,4089,473,-2057,insert_bolts_hand_tighten
1889931,2196,-9752,12896,2228,-3092,-1993,insert_bolts_hand_tighten
1889953,3932,-11504,12380,-2089,-5233,-1273,insert_bolts_hand_tighten
1889975,3088,-9944,11936,-5717,-1987,-1613,insert_bolts_hand_tighten
1889997,3428,-9608,12344,-8113,-1123,-1746,insert_bolts_hand_tighten
1890019,3424,-13036,11812,-9974,-1580,-1581,insert_bolts_hand_tighten
1890041,4148,-15100,11696,-1354,297,-1224,insert_bolts_hand_tighten
1890063,3608,-13364,11500,3314,567,656,insert_bolts_hand_tighten
1890085,3148,-11288,10768,286,-563,1432,insert_bolts_hand_tighten
1890107,2852,-10996,10768,-3001,394,1272,insert_bolts_hand_tighten
1890129,2416,-10988,11412,-5720,991,644,insert_bolts_hand_tighten
1890151,2288,-10308,11240,-8686,481,105,insert_bolts_hand_tighten
1890173,2504,-12596,10160,-8769,755,-1288,insert_bolts_hand_tighten
1890195,1552,-15084,9060,-6516,3202,-1732,insert_bolts_hand_tighten
1890217,1472,-16776,9708,3606,3497,-2662,insert_bolts_hand_tighten
1890239,1188,-14752,9796,8601,3450,-1821,insert_bolts_hand_tighten
1890261,1836,-13184,10704,9702,797,-1368,insert_bolts_hand_tighten
1890283,2432,-9656,11268,5422,289,-828,insert_bolts_hand_tighten
1890305,2240,-11088,10872,961,-941,-1315,insert_bolts_hand_tighten
1890327,3240,-9452,11144,258,21,-2647,insert_bolts_hand_tighten
1890349,3908,-9376,12504,-3007,-343,-2763,insert_bolts_hand_tighten
1890371,3676,-9972,12260,-5447,-1001,-3085,insert_bolts_hand_tighten
1890393,4092,-10908,11480,-8392,-2701,-3104,insert_bolts_hand_tighten
1890415,4388,-11684,10636,-10609,-3031,-3004,insert_bolts_hand_tighten
1890437,4356,-11428,9272,-11434,-2953,-1936,insert_bolts_hand_tighten
1890459,4288,-11912,9060,-13404,-3080,217,insert_bolts_hand_tighten
1890481,4340,-13976,7636,-14840,-3352,1743,insert_bolts_hand_tighten
1890503,3600,-15576,6988,-14934,-3122,1723,insert_bolts_hand_tighten
1890525,2860,-15112,6848,-11914,-1605,917,insert_bolts_hand_tighten
1890547,2908,-15832,7336,-7463,-2387,858,insert_bolts_hand_tighten
1890569,3352,-15468,6220,-4829,-4559,1836,insert_bolts_hand_tighten
1890591,3108,-15160,5680,-5969,-3129,1451,insert_bolts_hand_tighten
1890613,3644,-14912,5712,-5844,-1363,745,insert_bolts_hand_tighten
1890635,4036,-14496,6728,-4126,2079,-1460,insert_bolts_hand_tighten
1890657,3844,-15672,6824,-123,1559,-1655,insert_bolts_hand_tighten
1890679,4712,-14856,7128,3819,-301,-1377,insert_bolts_hand_tighten
1890701,5124,-13584,5588,2924,-892,-850,insert_bolts_hand_tighten
1890723,4176,-13768,5276,599,-346,-1288,insert_bolts_hand_tighten
1890745,4156,-14936,5356,-508,-901,-1513,insert_bolts_hand_tighten
1890767,4428,-14512,7064,-1308,343,-1709,insert_bolts_hand_tighten
1890789,4216,-14064,6788,-902,501,-2009,insert_bolts_hand_tighten
1890811,5548,-15724,6708,739,146,-336,insert_bolts_hand_tighten
1890833,4832,-17548,5932,4133,1871,-872,insert_bolts_hand_tighten
1890855,3980,-14728,6712,5867,3178,-2428,insert_bolts_hand_tighten
1890877,4056,-13320,7960,4308,2703,-2289,insert_bolts_hand_tighten
1890899,4392,-13392,7724,1073,1535,-2079,insert_bolts_hand_tighten
1890921,4656,-15252,6836,1789,1949,-2182,insert_bolts_hand_tighten
1890943,5252,-15484,6360,7260,2932,-1706,insert_bolts_hand_tighten
1890965,5668,-14412,7060,8774,2029,-64,insert_bolts_hand_tighten
1890987,4636,-12648,9696,4980,2512,689,insert_bolts_hand_tighten
1891009,4792,-13608,9360,2052,744,411,insert_bolts_hand_tighten
1891031,5536,-14316,9116,4977,1280,795,insert_bolts_hand_tighten
1891053,4792,-12652,9804,4539,2039,1762,insert_bolts_hand_tighten
1891075,4376,-11968,10128,3624,1415,2137,insert_bolts_hand_tighten
1891097,4704,-11044,10504,332,1382,1923,insert_bolts_hand_tighten
1891119,3692,-12072,9060,-3399,690,1470,insert_bolts_hand_tighten
1891141,3920,-12104,8784,-5160,124,836,insert_bolts_hand_tighten
1891163,4256,-11140,9208,-8049,-27,1059,insert_bolts_hand_tighten
1891185,3924,-14248,8420,-14430,156,1378,insert_bolts_hand_tighten
1891207,3132,-14532,7524,-12651,1817,-774,insert_bolts_hand_tighten
1891229,3440,-17360,6020,-6914,-220,707,insert_bolts_hand_tighten
1891251,3952,-15224,6228,156,506,1006,insert_bolts_hand_tighten
1891273,3668,-14380,6036,-1919,-669,1606,insert_bolts_hand_tighten
1891295,3352,-12944,6136,-5349,-491,666,insert_bolts_hand_tighten
1891317,4012,-14100,6752,-6505,-1494,930,insert_bolts_hand_tighten
1891339,3828,-15448,6152,-6376,-678,842,insert_bolts_hand_tighten
1891361,3660,-15648,5148,-4418,-411,977,insert_bolts_hand_tighten
1891383,4000,-15896,5652,-3019,53,1891,insert_bolts_hand_tighten
1891405,3696,-15556,6408,-946,-250,2283,insert_bolts_hand_tighten
1891427,3924,-14900,6704,-133,-1113,2387,insert_bolts_hand_tighten
1891449,4248,-13252,6592,-1853,-610,2252,insert_bolts_hand_tighten
1891471,4464,-13352,6164,-5052,-1071,2319,insert_bolts_hand_tighten
1891493,4388,-13756,5172,-8292,-1196,2333,insert_bolts_hand_tighten
1891515,4796,-16156,4652,-7472,-370,1620,insert_bolts_hand_tighten
1891537,4948,-16228,4172,-3311,872,513,insert_bolts_hand_tighten
1891559,5260,-14860,3072,-718,1733,-296,insert_bolts_hand_tighten
1891581,4692,-13100,2224,-1242,2675,-1356,insert_bolts_hand_tighten
1891603,4336,-11356,2212,-3346,2990,-2421,insert_bolts_hand_tighten
1891625,3636,-10652,3228,-5352,2349,-3623,insert_bolts_hand_tighten
1891647,3288,-11184,4484,-5658,1411,-4711,insert_bolts_hand_tighten
1891669,3244,-11256,4848,-5023,379,-6404,insert_bolts_hand_tighten
1891691,3152,-10832,4884,-2114,-404,-8279,insert_bolts_hand_tighten
1891713,3208,-10608,4640,0,88,-10112,insert_bolts_hand_tighten
1891735,4268,-11208,4660,-1481,471,-11544,insert_bolts_hand_tighten
1891757,5280,-11184,4720,-6266,2047,-13470,insert_bolts_hand_tighten
1891779,6416,-11916,4376,-11615,3891,-14619,insert_bolts_hand_tighten
1891801,7572,-15060,3804,-13611,5410,-15424,insert_bolts_hand_tighten
1891823,9136,-17356,2468,-14711,5642,-15634,insert_bolts_hand_tighten
1891845,10216,-19760,504,-13738,6328,-16577,insert_bolts_hand_tighten
1891867,10932,-20884,-300,-6337,7294,-16265,insert_bolts_hand_tighten
1891889,10592,-19092,-424,4490,7383,-15311,insert_bolts_hand_tighten
1891911,10124,-14984,-12,14799,4374,-11822,insert_bolts_hand_tighten
1891933,9716,-11444,1064,14411,1583,-9627,insert_bolts_hand_tighten
1891955,10520,-9628,2324,4755,-806,-8917,insert_bolts_hand_tighten
1891977,11216,-11000,3024,-3550,1546,-9340,insert_bolts_hand_tighten
1891999,11108,-13760,3112,-2213,5723,-8514,insert_bolts_hand_tighten
1892021,10364,-14740,4008,4419,8954,-7014,insert_bolts_hand_tighten
1892043,8940,-12320,4356,10587,11789,-6785,insert_bolts_hand_tighten
1892065,8092,-9864,4672,10848,11176,-7128,insert_bolts_hand_tighten
1892087,9572,-9192,5664,3980,11672,-8165,insert_bolts_hand_tighten
1892109,12256,-11096,6068,760,11588,-8025,insert_bolts_hand_tighten
1892131,12572,-13448,7732,5488,15163,-8316,insert_bolts_hand_tighten
1892153,11128,-12432,8616,7392,12805,-6301,insert_bolts_hand_tighten
1892175,11508,-10628,7752,6004,3860,-3125,insert_bolts_hand_tighten
1892197,11836,-10356,7472,6207,5059,-2965,insert_bolts_hand_tighten
1892219,11684,-11408,6812,9592,2444,-2161,insert_bolts_hand_tighten
1892241,11892,-10768,6876,16089,1893,-1076,insert_bolts_hand_tighten
1892263,11132,-8528,8016,17262,376,-304,insert_bolts_hand_tighten
1892285,12048,-7560,8960,13415,-387,-654,insert_bolts_hand_tighten
1892307,12448,-7764,9036,9719,-2132,-1338,insert_bolts_hand_tighten
1892329,12852,-8024,9376,8910,-1935,-1370,insert_bolts_hand_tighten
1892351,12712,-7644,9796,10968,-574,-1334,insert_bolts_hand_tighten
1892373,12760,-5864,10136,11601,112,-538,insert_bolts_hand_tighten
1892395,13300,-6296,9976,11855,1159,-438,insert_bolts_hand_tighten
1892417,13252,-4844,11188,10267,727,10,insert_bolts_hand_tighten
1892439,12468,-4364,11864,7061,31,-751,insert_bolts_hand_tighten
1892461,12956,-4168,11356,4640,-198,-1710,insert_bolts_hand_tighten
1892483,13216,-4064,11120,3654,-287,-1296,insert_bolts_hand_tighten
1892505,12876,-4232,11504,5518,-245,-1241,insert_bolts_hand_tighten
1892527,13408,-3444,11168,7005,496,-1195,insert_bolts_hand_tighten
1892549,13060,-2768,11152,5301,325,-1025,insert_bolts_hand_tighten
1892571,13216,-2732,11060,2398,-8,-1171,insert_bolts_hand_tighten
1892593,13768,-5104,11996,3416,1131,-632,insert_bolts_hand_tighten
1892615,12568,-3524,12184,7533,3032,1280,insert_bolts_hand_tighten
1892637,12420,-3824,12112,7114,1705,1313,insert_bolts_hand_tighten
1892659,12144,-1592,12440,3329,2538,336,insert_bolts_hand_tighten
1892681,11688,-2356,12444,-927,1263,-623,insert_bolts_hand_tighten
1892703,12700,-2416,12740,-1442,1805,-398,insert_bolts_hand_tighten
1892725,12056,-2248,11856,-1100,1202,174,insert_bolts_hand_tighten
1892747,12192,-2740,11280,725,771,626,insert_bolts_hand_tighten
1892769,12272,-2880,11880,1471,364,671,insert_bolts_hand_tighten
1892791,12092,-2328,12180,184,260,75,insert_bolts_hand_tighten
1892813,12188,-2848,12536,-2955,-455,-361,insert_bolts_hand_tighten
1892835,12292,-3364,12476,-1940,39,-241,insert_bolts_hand_tighten
1892857,12752,-3252,12368,-1033,86,532,insert_bolts_hand_tighten
1892879,13420,-3196,12976,-2798,-276,1100,insert_bolts_hand_tighten
1892901,14612,-4496,14308,-5705,597,1738,insert_bolts_hand_tighten
1892923,14964,-5584,14724,-8861,1837,2750,insert_bolts_hand_tighten
1892945,15192,-5632,13772,-10025,2361,4852,insert_bolts_hand_tighten
1892967,13820,-5500,14700,-11611,2892,6943,insert_bolts_hand_tighten
1892989,12976,-5456,14340,-17241,1454,8083,insert_bolts_hand_tighten
1893011,13472,-7500,13312,-22813,-1808,9834,insert_bolts_hand_tighten
1893033,13152,-9664,12456,-25086,-1866,11523,insert_bolts_hand_tighten
1893055,12420,-12160,10180,-20496,-3344,14328,insert_bolts_hand_tighten
1893077,12096,-14020,8268,-10834,-3476,17813,insert_bolts_hand_tighten
1893099,11352,-14084,7932,-5369,-2094,18807,insert_bolts_hand_tighten
1893121,9392,-10836,8268,-2916,-79,16984,insert_bolts_hand_tighten
1893143,7988,-8796,7556,-3786,852,13607,insert_bolts_hand_tighten
1893165,6896,-6340,7380,-5171,2511,10249,insert_bolts_hand_tighten
1893187,6168,-6636,7704,-7699,3279,6920,insert_bolts_hand_tighten
1893209,5240,-6920,7032,-3894,4106,4378,insert_bolts_hand_tighten
1893231,5232,-5864,6352,-849,3496,2087,insert_bolts_hand_tighten
1893253,5056,-6708,6180,2684,2202,-1007,insert_bolts_hand_tighten
1893275,5224,-6908,4448,11907,2259,-3926,insert_bolts_hand_tighten
1893297,5600,-3896,5184,19969,4424,-4940,insert_bolts_hand_tighten
1893319,4524,-2048,5708,16537,3107,-6623,insert_bolts_hand_tighten
1893341,5544,-3372,6736,9864,-591,-10143,insert_bolts_hand_tighten
1893363,6372,-5340,6488,5130,-1424,-13004,insert_bolts_hand_tighten
1893385,7524,-6584,6964,5713,-1185,-14123,insert_bolts_hand_tighten
1893407,11116,-7908,8740,7036,-3557,-11196,insert_bolts_hand_tighten
1893429,9604,-9812,9904,8695,-6640,-9894,insert_bolts_hand_tighten
1893451,12272,-9852,11728,11325,-6537,-8941,insert_bolts_hand_tighten
1893473,12368,-8324,12340,11637,-4878,-7564,insert_bolts_hand_tighten
1893495,12056,-8080,13108,7525,-6716,-6294,insert_bolts_hand_tighten
1893517,12900,-8204,14516,4368,-6145,-6351,insert_bolts_hand_tighten
1893539,13912,-7784,14136,4144,-3468,-5843,insert_bolts_hand_tighten
1893561,13440,-7568,14076,4640,-1496,-4432,insert_bolts_hand_tighten
1893583,12948,-7044,13892,3374,-985,-2982,insert_bolts_hand_tighten
1893605,12712,-6516,14124,1989,-991,-2131,insert_bolts_hand_tighten
1893627,12948,-6184,13328,2785,-994,-1456,insert_bolts_hand_tighten
1893649,12676,-5256,12132,4750,325,-658,insert_bolts_hand_tighten
1893671,11776,-3936,11496,5279,511,-100,insert_bolts_hand_tighten
1893693,11756,-3668,11968,4213,261,-77,insert_bolts_hand_tighten
1893715,11688,-3396,12312,1396,-784,-717,insert_bolts_hand_tighten
1893737,11836,-4112,12460,175,-1338,-748,insert_bolts_hand_tighten
1893759,12792,-4100,11496,1880,-556,-585,insert_bolts_hand_tighten
1893781,12136,-3520,11812,2168,-214,-14,insert_bolts_hand_tighten
1893803,12384,-4036,11904,1964,-221,-253,insert_bolts_hand_tighten
1893825,12328,-3244,12156,1926,524,-545,insert_bolts_hand_tighten
1893847,12592,-4420,13176,-2873,1003,-489,insert_bolts_hand_tighten
1893869,12932,-5088,12612,214,931,-686,insert_bolts_hand_tighten
1893891,12472,-4580,12652,2246,684,523,insert_bolts_hand_tighten
1893913,12148,-4176,13128,2836,-138,631,insert_bolts_hand_tighten
1893935,12264,-3644,12932,999,-346,-279,insert_bolts_hand_tighten
1893957,12232,-4016,11724,-561,-2699,-496,insert_bolts_hand_tighten
1893979,12876,-2420,11416,-1794,-1519,41,insert_bolts_hand_tighten
1894001,12832,-4612,12276,-4184,1886,1010,insert_bolts_hand_tighten
1894023,11704,-4912,12548,-5175,4866,1789,insert_bolts_hand_tighten
1894045,10612,-5380,12108,-5567,4560,1846,insert_bolts_hand_tighten
1894067,9816,-5292,11296,-4395,3580,1933,insert_bolts_hand_tighten
1894089,10228,-5204,10756,-2681,2539,2029,insert_bolts_hand_tighten
1894111,10836,-4664,9964,-718,2600,2057,insert_bolts_hand_tighten
1894133,10616,-4308,10036,1236,3366,1778,insert_bolts_hand_tighten
1894155,10696,-3756,10116,2359,3727,899,insert_bolts_hand_tighten
1894177,10628,-3692,10528,3359,2574,287,insert_bolts_hand_tighten
1894199,10296,-3616,10260,3928,424,-720,insert_bolts_hand_tighten
1894221,11300,-2988,9692,6156,-847,-996,insert_bolts_hand_tighten
1894243,12356,-2276,9680,8986,-1529,-675,insert_bolts_hand_tighten
1894265,12360,-1300,10892,6480,-936,-383,insert_bolts_hand_tighten
1894287,12772,-2116,11776,4050,-1219,-591,insert_bolts_hand_tighten
1894309,12572,-2320,12068,4758,538,-119,insert_bolts_hand_tighten
1894331,12472,-1952,11440,4582,-964,648,insert_bolts_hand_tighten
1894353,11840,-2568,13608,4035,832,1173,insert_bolts_hand_tighten
1894375,12968,-680,14752,2288,2756,1959,insert_bolts_hand_tighten
1894397,11600,-2688,13688,730,901,380,insert_bolts_hand_tighten
1894419,10412,-2360,12644,-365,1090,331,insert_bolts_hand_tighten
1894441,11556,-3044,13044,144,1119,672,insert_bolts_hand_tighten
1894463,11268,-2812,13528,1151,760,904,insert_bolts_hand_tighten
1894485,10792,-2720,13416,93,-76,285,insert_bolts_hand_tighten
1894507,11216,-2396,13392,-337,-26,402,insert_bolts_hand_tighten
1894529,10992,-3016,12484,1763,236,754,insert_bolts_hand_tighten
1894551,10616,-2892,13152,2731,121,1018,insert_bolts_hand_tighten
1894573,10276,-2644,14040,1108,-730,-123,insert_bolts_hand_tighten
1894595,12216,-2120,13668,-395,-965,-381,insert_bolts_hand_tighten
1894617,11068,-2364,12824,246,-1167,-747,insert_bolts_hand_tighten
1894639,11040,-2924,11736,-532,-1516,-532,insert_bolts_hand_tighten
1894661,11616,-2768,11864,783,-2056,378,insert_bolts_hand_tighten
1894683,11808,-1924,12500,-1167,-2255,314,insert_bolts_hand_tighten
1894705,11892,-2428,13000,-3297,-2093,-173,insert_bolts_hand_tighten
1894727,13052,-2388,12508,-5868,-2005,-755,insert_bolts_hand_tighten
1894749,14508,-3048,13096,-7504,-1963,663,insert_bolts_hand_tighten
1894771,14636,-5216,13976,-12668,-284,2047,insert_bolts_hand_tighten
1894793,16764,-7172,13820,-16181,-642,4606,insert_bolts_hand_tighten
1894815,18144,-8796,14856,-19055,2146,6783,insert_bolts_hand_tighten
1894837,17388,-9700,15204,-22100,6475,8590,insert_bolts_hand_tighten
1894859,16596,-12252,13632,-24166,5680,10701,insert_bolts_hand_tighten
1894881,15448,-13404,12400,-22637,5485,13898,insert_bolts_hand_tighten
1894903,12736,-13756,10868,-22572,3103,16469,insert_bolts_hand_tighten
1894925,11536,-13008,10072,-23382,472,18572,insert_bolts_hand_tighten
1894947,9092,-12828,9740,-22119,-787,20122,insert_bolts_hand_tighten
1894969,6616,-13232,8104,-18794,-1548,22039,insert_bolts_hand_tighten
1894991,4812,-12960,7004,-14962,-3150,22274,insert_bolts_hand_tighten
1895013,3828,-12364,6600,-11892,-2010,21444,insert_bolts_hand_tighten
1895035,2624,-11480,6328,-8415,-871,19993,insert_bolts_hand_tighten
1895057,2436,-8888,5360,-9164,-1194,18723,insert_bolts_hand_tighten
1895079,2072,-10040,4184,-11864,-778,17155,insert_bolts_hand_tighten
1895101,2528,-11856,3700,-10021,-1611,15107,insert_bolts_hand_tighten
1895123,2220,-12404,3496,-4604,-2213,12648,insert_bolts_hand_tighten
1895145,2496,-11284,3780,-1487,-4896,11515,insert_bolts_hand_tighten
1895167,3512,-10324,3728,-2588,-3056,10890,insert_bolts_hand_tighten
1895189,3308,-13772,2956,-1467,-4240,9364,insert_bolts_hand_tighten
1895211,3972,-13628,3756,4367,-1706,7946,insert_bolts_hand_tighten
1895233,3128,-11188,4776,3860,-1075,7351,insert_bolts_hand_tighten
1895255,2952,-11764,5920,953,-906,6161,insert_bolts_hand_tighten
1895277,2212,-13084,6200,-1734,-438,4113,insert_bolts_hand_tighten
1895299,1996,-14748,5792,-1118,233,3213,insert_bolts_hand_tighten
1895321,2228,-14284,5368,1028,500,3622,insert_bolts_hand_tighten
1895343,1524,-14016,5296,-604,573,3439,insert_bolts_hand_tighten
1895365,568,-15388,4448,-1526,485,2121,insert_bolts_hand_tighten
1895387,-812,-14296,5016,2824,2519,1351,insert_bolts_hand_tighten
1895409,-496,-15396,6640,7809,1718,1010,insert_bolts_hand_tighten
1895431,896,-14652,6396,7545,355,1861,insert_bolts_hand_tighten
1895453,324,-15924,6788,2674,-159,2174,insert_bolts_hand_tighten
1895475,-136,-15156,7004,3687,130,1999,insert_bolts_hand_tighten
1895497,-348,-14096,5848,4069,-754,1549,insert_bolts_hand_tighten
1895519,52,-14660,7252,119,184,1324,insert_bolts_hand_tighten
1895541,-212,-15380,7276,470,-316,1333,insert_bolts_hand_tighten
1895563,-840,-15576,6260,515,-453,1231,insert_bolts_hand_tighten
1895585,-828,-15244,6156,-2222,-779,929,insert_bolts_hand_tighten
1895607,-1268,-16184,5536,-2275,-851,186,insert_bolts_hand_tighten
1895629,-1676,-15928,6040,-3115,-294,275,insert_bolts_hand_tighten
1895651,-1664,-15576,6236,-4240,178,-229,insert_bolts_hand_tighten
1895673,-1540,-16328,5980,-2823,766,-74,insert_bolts_hand_tighten
1895695,-1340,-16436,6248,-146,683,1069,insert_bolts_hand_tighten
1895717,-1136,-16228,6308,1823,984,1421,insert_bolts_hand_tighten
1895739,-488,-16352,6748,3539,447,1992,insert_bolts_hand_tighten
1895761,-320,-14384,6568,3272,-74,1854,insert_bolts_hand_tighten
1895783,-604,-13856,6416,2130,-375,1363,insert_bolts_hand_tighten
1895805,-292,-14168,6384,571,-35,1183,insert_bolts_hand_tighten
1895827,-380,-14168,6652,-42,-448,1313,insert_bolts_hand_tighten
1895849,-1556,-15288,5716,-445,-2171,1072,insert_bolts_hand_tighten
1895871,-136,-13504,5088,-2578,-1379,953,insert_bolts_hand_tighten
1895893,-696,-14188,4916,-278,-2897,115,insert_bolts_hand_tighten
1895915,-588,-14772,5604,-282,-1675,247,insert_bolts_hand_tighten
1895937,-228,-14736,5560,2268,-1545,272,insert_bolts_hand_tighten
1895959,0,-15272,5952,4475,-749,610,insert_bolts_hand_tighten
1895981,-996,-14176,6304,2802,-909,583,insert_bolts_hand_tighten
1896003,-1064,-13084,6260,-1840,-1955,307,insert_bolts_hand_tighten
1896025,-916,-14132,5496,-5892,-1891,-221,insert_bolts_hand_tighten
1896047,-964,-16464,6632,-4751,-761,368,insert_bolts_hand_tighten
1896069,-1440,-16184,6348,-3813,101,566,insert_bolts_hand_tighten
1896091,-1276,-16420,6076,-2305,-409,817,insert_bolts_hand_tighten
1896113,-900,-15916,5964,-158,-197,1555,insert_bolts_hand_tighten
1896135,-1124,-15380,6364,3,-267,2283,insert_bolts_hand_tighten
1896157,-684,-14440,6984,-226,-217,2269,insert_bolts_hand_tighten
1896179,-708,-14456,6500,-557,-295,1960,insert_bolts_hand_tighten
1896201,-512,-14860,6584,164,163,1680,insert_bolts_hand_tighten
1896223,-564,-14268,6368,-68,1129,1208,insert_bolts_hand_tighten
1896245,-476,-14512,7284,-1334,2308,803,insert_bolts_hand_tighten
1896267,-520,-14740,7944,-334,2501,623,insert_bolts_hand_tighten
1896289,-344,-14140,8120,1189,2987,85,insert_bolts_hand_tighten
1896311,60,-13360,7640,1710,3621,-802,insert_bolts_hand_tighten
1896333,-64,-12676,7400,-619,5198,-2276,insert_bolts_hand_tighten
1896355,320,-13044,6752,-2184,6293,-3941,insert_bolts_hand_tighten
1896377,464,-13236,6272,-2716,7979,-5164,insert_bolts_hand_tighten
1896399,108,-13640,6120,-417,8821,-6430,insert_bolts_hand_tighten
1896421,204,-13884,5956,2297,8492,-7084,insert_bolts_hand_tighten
1896443,256,-13432,5364,3427,7653,-7761,insert_bolts_hand_tighten
1896465,-76,-12312,4704,3693,7262,-8853,insert_bolts_hand_tighten
1896487,-208,-10844,4556,4413,6643,-10409,insert_bolts_hand_tighten
1896509,-216,-10484,4136,5476,6374,-12052,insert_bolts_hand_tighten
1896531,400,-10304,4652,4533,5689,-13266,insert_bolts_hand_tighten
1896553,908,-9308,5224,-1557,4403,-14622,insert_bolts_hand_tighten
1896575,1544,-10364,4428,-5448,5398,-16735,insert_bolts_hand_tighten
1896597,2296,-12660,4924,1055,6262,-18258,insert_bolts_hand_tighten
1896619,3264,-14776,5324,8601,5485,-18456,insert_bolts_hand_tighten
1896641,4472,-13356,5832,7315,3973,-18325,insert_bolts_hand_tighten
1896663,5364,-13832,5900,-1483,2391,-18709,insert_bolts_hand_tighten
1896685,6148,-15580,5812,950,3792,-19966,insert_bolts_hand_tighten
1896707,6676,-16392,6492,11991,2987,-19323,insert_bolts_hand_tighten
1896729,7132,-15092,6360,15665,316,-16814,insert_bolts_hand_tighten
1896751,8560,-12764,6948,7043,-3079,-14501,insert_bolts_hand_tighten
1896773,8508,-15892,8260,5355,-2062,-14742,insert_bolts_hand_tighten
1896795,9752,-15580,8640,14146,-2187,-13486,insert_bolts_hand_tighten
1896817,8428,-12092,7880,21926,-2640,-12054,insert_bolts_hand_tighten
1896839,9312,-10348,9876,17126,-4772,-10988,insert_bolts_hand_tighten
1896861,10292,-10128,11448,8238,-5042,-10951,insert_bolts_hand_tighten
1896883,11268,-11444,11752,6038,-4139,-11332,insert_bolts_hand_tighten
1896905,11128,-11616,10984,11313,-2673,-10801,insert_bolts_hand_tighten
1896927,11564,-8336,10544,16077,-2812,-8211,insert_bolts_hand_tighten
1896949,11576,-8304,12016,13666,-2821,-6028,insert_bolts_hand_tighten
1896971,12156,-7536,12984,10375,-3608,-5222,insert_bolts_hand_tighten
1896993,12264,-7144,13084,9309,-3934,-4873,insert_bolts_hand_tighten
1897015,12500,-6772,12580,11213,-3181,-4473,insert_bolts_hand_tighten
1897037,12516,-4804,11640,11411,-3311,-3567,insert_bolts_hand_tighten
1897059,12724,-3788,11960,10383,-2790,-2347,insert_bolts_hand_tighten
1897081,12772,-4872,12744,10874,-1993,-1365,insert_bolts_hand_tighten
1897103,12924,-3628,12660,11910,-1652,-573,insert_bolts_hand_tighten
1897125,12716,-2700,12344,9962,-1347,-588,insert_bolts_hand_tighten
1897147,12284,-1676,11928,6951,-1269,-886,insert_bolts_hand_tighten
1897169,12616,-2368,11744,5393,-1863,-725,insert_bolts_hand_tighten
1897191,13368,-2420,11452,7816,-685,-402,insert_bolts_hand_tighten
1897213,13384,-1096,11936,8256,411,132,insert_bolts_hand_tighten
1897235,13016,-412,12588,6603,1277,361,insert_bolts_hand_tighten
1897257,12940,-416,13676,3081,575,-50,insert_bolts_hand_tighten
1897279,12456,-1572,13308,1553,-85,-1353,insert_bolts_hand_tighten
1897301,12792,-612,12320,737,455,-1536,insert_bolts_hand_tighten
1897323,12808,-1028,12004,267,-535,-1380,insert_bolts_hand_tighten
1897345,12820,-812,11944,2393,-280,-724,insert_bolts_hand_tighten
1897367,13400,-220,12024,4941,-663,323,insert_bolts_hand_tighten
1897389,13404,-1372,13804,3308,-585,921,insert_bolts_hand_tighten
1897411,13316,-932,13464,1426,-750,840,insert_bolts_hand_tighten
1897433,13864,-1508,14512,-2,-912,1555,insert_bolts_hand_tighten
1897455,15208,-1080,15036,-4137,495,3119,insert_bolts_hand_tighten
1897477,17764,-5364,16720,-9230,1820,5247,insert_bolts_hand_tighten
1897499,19592,-7200,19032,-16892,6366,9104,insert_bolts_hand_tighten
1897521,22152,-10776,21576,-25155,9016,14489,insert_bolts_hand_tighten
1897543,21708,-13444,18312,-31694,8542,20498,insert_bolts_hand_tighten
1897565,20388,-13932,16916,-30216,10078,26600,insert_bolts_hand_tighten
1897587,16616,-13856,13552,-28928,4311,31354,insert_bolts_hand_tighten
1897609,13384,-11708,10208,-27439,2361,32767,insert_bolts_hand_tighten
1897631,9120,-11340,6728,-22307,3195,32767,insert_bolts_hand_tighten
1897653,6296,-12132,5376,-14901,2207,32767,insert_bolts_hand_tighten
1897675,4564,-9588,5152,-8051,828,32186,insert_bolts_hand_tighten
1897697,3800,-7040,5456,-4994,806,29673,insert_bolts_hand_tighten
1897719,2832,-6364,6056,-5640,631,26745,insert_bolts_hand_tighten
1897741,1764,-6380,6284,-5193,385,23831,insert_bolts_hand_tighten
1897763,1576,-6576,4676,-3158,-377,19898,insert_bolts_hand_tighten
1897785,1612,-7052,5276,1139,1018,16471,insert_bolts_hand_tighten
1897807,884,-6112,6608,3654,2804,12718,insert_bolts_hand_tighten
1897829,352,-5460,7412,3180,-158,9600,insert_bolts_hand_tighten
1897851,144,-6976,8212,-361,1590,6601,insert_bolts_hand_tighten
1897873,-144,-9044,7760,-834,-857,4032,insert_bolts_hand_tighten
1897895,916,-9208,7768,-2026,-645,3130,insert_bolts_hand_tighten
1897917,776,-12280,8348,-2555,-1221,2815,insert_bolts_hand_tighten
1897939,804,-13384,9064,-4536,-489,2873,insert_bolts_hand_tighten
1897961,-64,-15568,8716,-3934,-459,2062,insert_bolts_hand_tighten
1897983,-656,-14560,7800,-1514,-680,1932,insert_bolts_hand_tighten
1898005,-1336,-14152,7296,-21,-1351,1790,insert_bolts_hand_tighten
1898027,-1276,-13896,7244,-634,-1413,1297,insert_bolts_hand_tighten
1898049,-1872,-13312,8580,-1503,911,555,insert_bolts_hand_tighten
1898071,-2088,-14140,7844,247,513,352,insert_bolts_hand_tighten
1898093,-2456,-14640,7488,1742,882,31,insert_bolts_hand_tighten
1898115,-2412,-14672,7428,1087,801,330,insert_bolts_hand_tighten
1898137,-2756,-14720,6904,942,-311,862,insert_bolts_hand_tighten
1898159,-2592,-14500,7528,396,-437,802,insert_bolts_hand_tighten
1898181,-2140,-14856,7936,724,-178,505,insert_bolts_hand_tighten
1898203,-1188,-13660,8520,1461,1293,582,insert_bolts_hand_tighten
1898225,-2424,-14304,8316,1394,735,940,insert_bolts_hand_tighten
1898247,-1704,-12556,8036,1855,619,1218,insert_bolts_hand_tighten
1898269,-1520,-13724,8032,474,-733,1055,insert_bolts_hand_tighten
1898291,-1548,-13028,7376,-212,-713,195,insert_bolts_hand_tighten
1898313,-1412,-13544,8380,-241,-379,-158,insert_bolts_hand_tighten
1898335,-2380,-14088,8272,-1306,-115,-770,insert_bolts_hand_tighten
1898357,-1984,-14648,8184,-1638,425,-868,insert_bolts_hand_tighten
1898379,-2216,-14700,7848,-171,69,-752,insert_bolts_hand_tighten
1898401,-2388,-14052,7404,-2101,94,-1019,insert_bolts_hand_tighten
1898423,-2164,-14696,6512,-2043,-135,-1483,insert_bolts_hand_tighten
1898445,-2176,-13948,6912,-2290,1282,-1676,insert_bolts_hand_tighten
1898467,-2308,-13720,8288,-5942,1031,-1821,insert_bolts_hand_tighten
1898489,-1808,-12264,7796,-9839,93,-2114,insert_bolts_hand_tighten
1898511,-1636,-13696,6836,-14370,-582,-2454,insert_bolts_hand_tighten
1898533,-1112,-15152,6728,-15744,-2030,-1825,insert_bolts_hand_tighten
1898555,-1388,-15592,6600,-13905,-1516,-761,insert_bolts_hand_tighten
1898577,-1160,-16144,5144,-11285,-1196,-238,insert_bolts_hand_tighten
1898599,-1024,-20468,4808,-7933,-1884,-508,insert_bolts_hand_tighten
1898621,-656,-18596,3480,-3523,489,-400,insert_bolts_hand_tighten
1898643,-1252,-17240,4276,1036,629,290,insert_bolts_hand_tighten
1898665,-1684,-16860,4024,2527,-151,800,insert_bolts_hand_tighten
1898687,-1708,-15572,4532,2525,-131,720,insert_bolts_hand_tighten
1898709,-1384,-14792,4584,1202,-162,273,insert_bolts_hand_tighten
1898731,-884,-15596,4164,358,-40,275,insert_bolts_hand_tighten
1898753,-820,-16380,3932,2311,337,432,insert_bolts_hand_tighten
1898775,-928,-16512,4028,4119,547,423,insert_bolts_hand_tighten
1898797,-1316,-15176,4936,4465,670,409,insert_bolts_hand_tighten
1898819,-1508,-14332,5352,2045,301,134,insert_bolts_hand_tighten
1898841,-1052,-15432,4512,-767,-262,-198,insert_bolts_hand_tighten
1898863,-1112,-15548,4656,-490,724,-299,insert_bolts_hand_tighten
1898885,-1428,-16208,4868,1430,960,167,insert_bolts_hand_tighten
1898907,-1628,-16836,4944,4479,847,465,insert_bolts_hand_tighten
1898929,-1352,-16728,5344,8477,1400,729,insert_bolts_hand_tighten
1898951,-2068,-15104,6492,8532,919,794,insert_bolts_hand_tighten
1898973,-1912,-12328,7736,5312,842,529,insert_bolts_hand_tighten
1898995,-1764,-14640,6464,5067,-206,-244,insert_bolts_hand_tighten
1899017,-2180,-16568,6864,4936,1130,-763,insert_bolts_hand_tighten
1899039,-544,-13228,7804,8678,2250,-501,insert_bolts_hand_tighten
1899061,-1288,-13764,7712,3578,333,192,insert_bolts_hand_tighten
1899083,-1672,-14244,7384,2064,-132,161,insert_bolts_hand_tighten
1899105,-1000,-16292,6716,4638,-143,242,insert_bolts_hand_tighten
1899127,-1036,-15224,8296,8544,1652,1388,insert_bolts_hand_tighten
1899149,-2108,-12968,8656,7857,659,2690,insert_bolts_hand_tighten
1899171,-1888,-14148,7336,7023,-1218,2345,insert_bolts_hand_tighten
1899193,-1888,-12260,7220,7779,-746,1186,insert_bolts_hand_tighten
1899215,-2228,-13644,8088,8019,-2029,1193,insert_bolts_hand_tighten
1899237,-1436,-11220,10088,7311,-1674,1480,insert_bolts_hand_tighten
1899259,-1716,-11724,10440,5602,-2204,1611,insert_bolts_hand_tighten
1899281,-2232,-14816,10976,4236,-1310,1825,insert_bolts_hand_tighten
1899303,-1604,-13968,10400,9726,-1037,2051,insert_bolts_hand_tighten
1899325,-2236,-13040,10316,12303,-797,2067,insert_bolts_hand_tighten
1899347,-1836,-10220,11328,12614,-1442,2132,insert_bolts_hand_tighten
1899369,-2004,-10424,12384,8625,-2243,2189,insert_bolts_hand_tighten
1899391,-1424,-10292,13044,3377,-3459,1558,insert_bolts_hand_tighten
1899413,-1128,-9800,11932,-676,-4414,434,insert_bolts_hand_tighten
1899435,-320,-10952,12920,-3372,-1133,-552,insert_bolts_hand_tighten
1899457,-1172,-11252,13772,-2309,1765,-948,insert_bolts_hand_tighten
1899479,-1528,-11596,13056,-2054,644,488,insert_bolts_hand_tighten
1899501,-1988,-11084,12160,190,-11,1279,insert_bolts_hand_tighten
1899523,-1924,-10108,11600,-1554,-1034,2667,insert_bolts_hand_tighten
1899545,-2268,-12584,10956,-1449,-1125,3675,insert_bolts_hand_tighten
1899567,-3276,-12988,11452,1631,410,3288,insert_bolts_hand_tighten
1899589,-3864,-14112,10780,3720,-1358,3192,insert_bolts_hand_tighten
1899611,-3936,-11264,10260,6263,-3188,2531,insert_bolts_hand_tighten
1899633,-2808,-11244,10020,4584,-3325,1969,insert_bolts_hand_tighten
1899655,-2604,-11748,10420,6708,-1127,1108,insert_bolts_hand_tighten
1899677,-1360,-8000,13436,3601,-562,1286,insert_bolts_hand_tighten
1899699,-2372,-11320,12868,5498,729,-873,insert_bolts_hand_tighten
1899721,-1996,-10196,11660,8839,-771,-1591,insert_bolts_hand_tighten
1899743,-1676,-8888,12040,6609,-2801,-1956,insert_bolts_hand_tighten
1899765,-1356,-6708,11876,3346,-2864,-3013,insert_bolts_hand_tighten
1899787,584,-8140,14384,-1814,-2334,-1935,insert_bolts_hand_tighten
1899809,32,-6624,15584,-4312,1485,-3039,insert_bolts_hand_tighten
1899831,-248,-7892,15564,-7904,1010,-3627,insert_bolts_hand_tighten
1899853,520,-9232,15444,-9152,1512,-4436,insert_bolts_hand_tighten
1899875,212,-11644,14560,-9070,3871,-5309,insert_bolts_hand_tighten
1899897,-340,-12996,13820,-6492,3639,-4239,insert_bolts_hand_tighten
1899919,-836,-13736,13260,-2337,2929,-2156,insert_bolts_hand_tighten
1899941,-1668,-11968,12096,740,630,727,insert_bolts_hand_tighten
1899963,-1752,-11968,10668,-382,-1655,4094,insert_bolts_hand_tighten
1899985,-2564,-12452,10488,-2752,-412,5794,insert_bolts_hand_tighten
1900007,-3516,-14024,9916,-3378,-1003,5840,insert_bolts_hand_tighten
1900029,-4052,-14664,11208,401,-2287,4617,insert_bolts_hand_tighten
1900051,-3812,-12048,11708,4073,-2122,3402,insert_bolts_hand_tighten
1900073,-3216,-10564,10944,5176,-3010,2378,insert_bolts_hand_tighten
1900095,-1980,-7192,9908,3768,-2850,538,insert_bolts_hand_tighten
1900117,-284,-5932,13400,-3541,302,1114,insert_bolts_hand_tighten
1900139,-1520,-12736,12092,-3841,971,-1662,insert_bolts_hand_tighten
1900161,-364,-10288,13600,-468,1479,-3399,insert_bolts_hand_tighten
1900183,-1160,-8896,14824,113,1574,-3438,insert_bolts_hand_tighten
1900205,-48,-10600,13896,-3346,-566,-1964,insert_bolts_hand_tighten
1900227,-320,-9180,12296,-1339,-1563,-945,insert_bolts_hand_tighten
1900249,416,-11100,12168,-4839,-3260,143,insert_bolts_hand_tighten
1900271,580,-11344,12936,-5974,-1798,-410,insert_bolts_hand_tighten
1900293,644,-11800,12500,-5128,682,-816,insert_bolts_hand_tighten
1900315,408,-12584,12560,-2643,2662,-1687,insert_bolts_hand_tighten
1900337,-496,-12280,12100,-1174,3792,-1255,insert_bolts_hand_tighten
1900359,-1672,-12592,12176,452,4181,346,insert_bolts_hand_tighten
1900381,-2592,-12332,11964,346,2674,2797,insert_bolts_hand_tighten
1900403,-3772,-14372,10340,2065,-80,3662,insert_bolts_hand_tighten
1900425,-3320,-13936,9876,3899,-2186,3578,insert_bolts_hand_tighten
1900447,-3172,-12208,10316,4547,-2410,3938,insert_bolts_hand_tighten
1900469,-2968,-11384,9688,5775,-2749,3974,insert_bolts_hand_tighten
1900491,-1576,-11436,11316,6791,-1079,4506,insert_bolts_hand_tighten
1900513,-2248,-7972,14228,-328,259,3076,insert_bolts_hand_tighten
1900535,-1372,-9660,14312,93,-732,618,insert_bolts_hand_tighten
1900557,-1148,-12100,13136,4671,1010,48,insert_bolts_hand_tighten
1900579,-1672,-11896,12972,9516,644,-932,insert_bolts_hand_tighten
1900601,-1952,-10320,11536,10437,-1296,-2652,insert_bolts_hand_tighten
1900623,-496,-7572,12488,5391,-1961,-1944,insert_bolts_hand_tighten
1900645,-180,-7584,14168,1825,-110,-1945,insert_bolts_hand_tighten
1900667,-348,-7148,14028,-2168,517,-2482,insert_bolts_hand_tighten
1900689,-164,-7456,15736,-6275,599,-4033,insert_bolts_hand_tighten
1900711,-100,-10976,15692,-6747,2879,-4713,insert_bolts_hand_tighten
1900733,-588,-10788,13788,-276,2998,-5085,insert_bolts_hand_tighten
1900755,-192,-9244,12572,361,3032,-3656,insert_bolts_hand_tighten
1900777,-388,-9712,12728,-2269,1669,-1954,insert_bolts_hand_tighten
1900799,-320,-10004,13068,-5039,0,1180,insert_bolts_hand_tighten
1900821,-900,-12664,12768,-4418,2449,3084,insert_bolts_hand_tighten
1900843,-2676,-14816,11524,-984,2926,4298,insert_bolts_hand_tighten
1900865,-4304,-12872,11508,2113,223,4821,insert_bolts_hand_tighten
1900887,-4480,-12392,11556,2558,-2823,4392,insert_bolts_hand_tighten
1900909,-3452,-10296,11404,2668,-3653,3891,insert_bolts_hand_tighten
1900931,-3080,-10276,10704,4783,-3409,3458,insert_bolts_hand_tighten
1900953,-1844,-7320,11748,4940,-1999,1739,insert_bolts_hand_tighten
1900975,-1004,-8092,14516,-38,-237,1202,insert_bolts_hand_tighten
1900997,-1204,-10080,14144,-149,-112,-1542,insert_bolts_hand_tighten
1901019,-644,-10160,14216,2574,413,-2881,insert_bolts_hand_tighten
1901041,-328,-8608,14876,1858,290,-2958,insert_bolts_hand_tighten
1901063,-1140,-8028,14052,2290,780,-3316,insert_bolts_hand_tighten
1901085,628,-5980,14604,-2348,-826,-2420,insert_bolts_hand_tighten
1901107,196,-10164,14680,-5310,1169,-2097,insert_bolts_hand_tighten
1901129,-40,-7988,14620,-5922,357,-2948,insert_bolts_hand_tighten
1901151,436,-8544,13496,-10947,2015,-2799,insert_bolts_hand_tighten
1901173,12,-10844,12056,-11131,2430,-2775,insert_bolts_hand_tighten
1901195,-144,-13448,11768,-4855,4849,-2843,insert_bolts_hand_tighten
1901217,-1152,-12460,13204,2228,4567,786,insert_bolts_hand_tighten
1901239,-3344,-12808,12428,3841,2296,3571,insert_bolts_hand_tighten
1901261,-4204,-12580,10160,3222,-2811,4868,insert_bolts_hand_tighten
1901283,-3640,-11980,10144,2248,-4519,4683,insert_bolts_hand_tighten
1901305,-3192,-12612,10848,3576,-3956,4105,insert_bolts_hand_tighten
1901327,-3120,-12372,11220,6181,-2929,3740,insert_bolts_hand_tighten
1901349,-2336,-8584,11536,5472,-2446,3398,insert_bolts_hand_tighten
1901371,224,-7564,15272,197,-687,2795,insert_bolts_hand_tighten
1901393,-1980,-9972,15624,-4579,783,-149,insert_bolts_hand_tighten
1901415,-792,-11204,14364,1314,1315,-2369,insert_bolts_hand_tighten
1901437,-1780,-10448,12528,4142,361,-4470,insert_bolts_hand_tighten
1901459,-180,-8276,13248,381,-929,-4564,insert_bolts_hand_tighten
1901481,-508,-6784,13824,-1777,137,-4083,insert_bolts_hand_tighten
1901503,796,-8196,15736,-5312,2339,-3036,insert_bolts_hand_tighten
1901525,-260,-9064,14776,-5122,2350,-3736,insert_bolts_hand_tighten
1901547,-172,-8948,13532,-5960,2895,-4528,insert_bolts_hand_tighten
1901569,272,-12356,12196,-2974,3746,-3387,insert_bolts_hand_tighten
1901591,200,-10376,11908,700,4064,-1308,insert_bolts_hand_tighten
1901613,-1576,-10488,12620,2734,3478,1474,insert_bolts_hand_tighten
1901635,-2900,-11684,12732,1493,702,4271,insert_bolts_hand_tighten
1901657,-3568,-12324,10944,877,-2532,6283,insert_bolts_hand_tighten
1901679,-3536,-13264,10372,3046,-3408,5694,insert_bolts_hand_tighten
1901701,-3196,-11888,11328,4824,-3577,5901,insert_bolts_hand_tighten
1901723,-3688,-12180,11364,5859,-3337,5287,insert_bolts_hand_tighten
1901745,-2588,-7024,12464,6258,-3244,2368,insert_bolts_hand_tighten
1901767,-888,-6776,15260,1596,-2198,1027,insert_bolts_hand_tighten
1901789,-2092,-9852,15548,-4079,-81,131,insert_bolts_hand_tighten
1901811,-592,-10428,14760,-1663,-1255,-1158,insert_bolts_hand_tighten
1901833,-968,-11320,13236,-2466,-321,-1680,insert_bolts_hand_tighten
1901855,-1776,-10200,12588,-1259,-836,-3373,insert_bolts_hand_tighten
1901877,676,-8160,14160,-3409,-1792,-2715,insert_bolts_hand_tighten
1901899,-440,-7904,15628,-6200,2821,-2055,insert_bolts_hand_tighten
1901921,80,-6984,14892,-4413,919,-2264,insert_bolts_hand_tighten
1901943,-316,-8476,12860,-8433,-247,-2304,insert_bolts_hand_tighten
1901965,-132,-10344,12368,-7357,1040,-3275,insert_bolts_hand_tighten
1901987,-288,-12476,13504,-3988,2558,-3548,insert_bolts_hand_tighten
1902009,-288,-10820,13716,-1011,3542,-3368,insert_bolts_hand_tighten
1902031,-580,-11212,12032,-1227,3303,-1412,insert_bolts_hand_tighten
1902053,-1252,-12292,11896,-330,2303,1974,insert_bolts_hand_tighten
1902075,-1860,-13128,12876,4421,327,4530,insert_bolts_hand_tighten
1902097,-2520,-11900,11612,5930,-864,6222,insert_bolts_hand_tighten
1902119,-2664,-13484,10276,8004,-2614,6347,insert_bolts_hand_tighten
1902141,-3088,-11528,10064,11540,-4288,3874,insert_bolts_hand_tighten
1902163,-2404,-7764,11452,8600,-3800,2781,insert_bolts_hand_tighten
1902185,-1276,-8544,13632,2912,-3350,2106,insert_bolts_hand_tighten
1902207,-904,-8060,16016,-6724,-992,1036,insert_bolts_hand_tighten
1902229,-1680,-11544,14616,-6112,877,-358,insert_bolts_hand_tighten
1902251,-1744,-11652,13008,-2760,864,-1494,insert_bolts_hand_tighten
1902273,-1384,-9500,12244,-5148,231,-2265,insert_bolts_hand_tighten
1902295,-124,-6456,12548,-11663,-1176,-1161,insert_bolts_hand_tighten
1902317,-20,-8316,12952,-18006,-112,-912,insert_bolts_hand_tighten
1902339,884,-11244,13740,-19042,-51,-1647,insert_bolts_hand_tighten
1902361,-256,-14664,12796,-10787,2159,-3637,insert_bolts_hand_tighten
1902383,184,-13876,12364,-307,-709,-3237,insert_bolts_hand_tighten
1902405,-732,-9940,13008,897,2787,-3474,insert_bolts_hand_tighten
1902427,-144,-11296,12484,-1044,1338,-1410,insert_bolts_hand_tighten
1902449,-180,-11984,10328,-1040,1839,-892,insert_bolts_hand_tighten
1902471,36,-15260,10484,4428,3598,-1828,insert_bolts_hand_tighten
1902493,-352,-11776,12408,9103,3960,172,insert_bolts_hand_tighten
1902515,-2020,-10900,12088,6574,3239,2775,insert_bolts_hand_tighten
1902537,-2692,-12556,10236,5833,-147,3605,insert_bolts_hand_tighten
1902559,-3032,-14240,9864,7118,-2518,3262,insert_bolts_hand_tighten
1902581,-2768,-11248,10388,8819,-3464,3510,insert_bolts_hand_tighten
1902603,-1784,-10008,10888,5734,-3587,3426,insert_bolts_hand_tighten
1902625,-696,-9536,12212,492,-2453,3084,insert_bolts_hand_tighten
1902647,-1492,-10500,14256,-7198,109,993,insert_bolts_hand_tighten
1902669,-1252,-10820,13720,-3513,27,-293,insert_bolts_hand_tighten
1902691,-944,-11600,12584,-4496,541,-851,insert_bolts_hand_tighten
1902713,-1124,-10436,11396,-5661,481,-1091,insert_bolts_hand_tighten
1902735,-1308,-10968,10548,-6329,126,-1578,insert_bolts_hand_tighten
1902757,-688,-11648,9600,-6164,-599,-1823,insert_bolts_hand_tighten
1902779,-24,-9916,12568,-10680,1151,-420,insert_bolts_hand_tighten
1902801,-220,-10868,12208,-13807,428,-743,insert_bolts_hand_tighten
1902823,92,-16880,10448,-7516,-1158,-961,insert_bolts_hand_tighten
1902845,-536,-14872,11988,1473,2422,-2580,insert_bolts_hand_tighten
1902867,-1068,-12016,12576,1680,112,-2206,insert_bolts_hand_tighten
1902889,-820,-9796,12128,2539,-273,-2224,insert_bolts_hand_tighten
1902911,-524,-9656,11708,3265,475,-2576,insert_bolts_hand_tighten
1902933,-88,-12360,11212,5070,-119,-2052,insert_bolts_hand_tighten
1902955,-128,-11864,11524,4814,1615,-2261,insert_bolts_hand_tighten
1902977,-580,-12536,12860,1877,1526,-2792,insert_bolts_hand_tighten
1902999,32,-11440,12080,-891,1230,-2519,insert_bolts_hand_tighten
1903021,180,-12140,11156,-1326,2756,-1398,insert_bolts_hand_tighten
1903043,-628,-12788,11452,-711,2029,789,insert_bolts_hand_tighten
1903065,-720,-12304,11496,1130,-334,3189,insert_bolts_hand_tighten
1903087,-920,-12216,10932,3687,354,4180,insert_bolts_hand_tighten
1903109,-1332,-12908,10836,2863,-172,5633,insert_bolts_hand_tighten
1903131,-1832,-13696,10904,2267,-1169,5521,insert_bolts_hand_tighten
1903153,-2252,-13616,10120,4939,-2132,3275,insert_bolts_hand_tighten
1903175,-1588,-8988,10888,4422,-1438,651,insert_bolts_hand_tighten
1903197,-1400,-10580,13388,-3245,-102,818,insert_bolts_hand_tighten
1903219,-1500,-11084,12532,-4531,-158,-489,insert_bolts_hand_tighten
1903241,-908,-9568,12152,-5759,642,-1785,insert_bolts_hand_tighten
1903263,-500,-13408,11600,-4586,-73,-1359,insert_bolts_hand_tighten
1903285,-508,-12484,10744,-3855,-715,-1109,insert_bolts_hand_tighten
1903307,56,-11848,11328,-6918,-1299,-1390,insert_bolts_hand_tighten
1903329,340,-11884,12156,-7032,-1515,-1074,insert_bolts_hand_tighten
1903351,212,-10316,12696,-7687,251,-1676,insert_bolts_hand_tighten
1903373,-112,-11992,11184,-7823,1066,-2090,insert_bolts_hand_tighten
1903395,-164,-12916,10124,-5867,2449,-2797,insert_bolts_hand_tighten
1903417,-104,-14172,11040,-1651,3010,-2401,insert_bolts_hand_tighten
1903439,696,-14656,9812,4242,2618,-1524,insert_bolts_hand_tighten
1903461,968,-14088,9108,8199,3280,-176,insert_bolts_hand_tighten
1903483,260,-10032,11360,7725,4160,2141,insert_bolts_hand_tighten
1903505,-1424,-13208,10860,6013,1214,4575,insert_bolts_hand_tighten
1903527,-2572,-15216,10612,10021,-1243,5289,insert_bolts_hand_tighten
1903549,-3320,-14924,9016,15754,-4140,4899,insert_bolts_hand_tighten
1903571,-3116,-11508,9616,16580,-5352,4191,insert_bolts_hand_tighten
1903593,-1956,-7408,10164,10880,-4415,3003,insert_bolts_hand_tighten
1903615,-576,-6676,13632,1467,-2803,1962,insert_bolts_hand_tighten
1903637,-364,-9592,15844,-7346,1501,1191,insert_bolts_hand_tighten
1903659,-1320,-12312,13672,-1462,1031,940,insert_bolts_hand_tighten
1903681,-752,-10580,12460,-3576,1133,1403,insert_bolts_hand_tighten
1903703,-564,-10452,12624,-8121,1441,52,insert_bolts_hand_tighten
1903725,-540,-10020,12264,-8627,629,-456,insert_bolts_hand_tighten
1903747,-256,-9636,11992,-13639,-8,83,insert_bolts_hand_tighten
1903769,-512,-14236,10284,-11999,428,-684,insert_bolts_hand_tighten
1903791,-1064,-15260,10416,-4468,362,-1245,insert_bolts_hand_tighten
1903813,-1144,-12696,12276,-910,-78,-1076,insert_bolts_hand_tighten
1903835,-1356,-10576,12840,-2219,-713,-1322,insert_bolts_hand_tighten
1903857,-1016,-11988,12572,-3772,-281,-1524,insert_bolts_hand_tighten
1903879,-1608,-12916,11100,-1852,50,-1462,insert_bolts_hand_tighten
1903901,-1384,-12860,10172,-474,-410,-1128,insert_bolts_hand_tighten
1903923,-1256,-13264,9468,247,-524,-945,insert_bolts_hand_tighten
1903945,-856,-12788,10712,-460,-896,-885,insert_bolts_hand_tighten
1903967,-348,-12096,11628,-375,-785,-1237,insert_bolts_hand_tighten
1903989,-560,-12204,11384,711,-375,-1814,insert_bolts_hand_tighten
1904011,-112,-11336,10728,550,-307,-2255,insert_bolts_hand_tighten
1904033,-328,-13428,10928,3697,367,-2139,insert_bolts_hand_tighten
1904055,-464,-12872,11924,5792,1572,-2627,insert_bolts_hand_tighten
1904077,408,-10692,11772,3977,622,-2321,insert_bolts_hand_tighten
1904099,-140,-12380,10104,2072,1164,-2148,insert_bolts_hand_tighten
1904121,956,-10992,10504,225,2357,-969,insert_bolts_hand_tighten
1904143,440,-11672,12444,-2120,2795,83,insert_bolts_hand_tighten
1904165,-1024,-14624,11024,-939,924,1470,insert_bolts_hand_tighten
1904187,-936,-12368,10108,2200,-1215,2083,insert_bolts_hand_tighten
1904209,-40,-11896,10500,2256,-1499,4193,insert_bolts_hand_tighten
1904231,-676,-12456,10396,-129,-1407,5336,insert_bolts_hand_tighten
1904253,-812,-11624,12388,-4706,1305,2748,insert_bolts_hand_tighten
1904275,-1532,-12700,12520,-1452,1063,609,insert_bolts_hand_tighten
1904297,-780,-11356,13032,-3877,288,342,insert_bolts_hand_tighten
1904319,-984,-10864,11200,-5739,1159,-706,insert_bolts_hand_tighten
1904341,-336,-13624,10604,-6540,213,-1300,insert_bolts_hand_tighten
1904363,-140,-12676,9828,-6130,314,-2296,insert_bolts_hand_tighten
1904385,-416,-15492,8240,-3245,161,-3778,insert_bolts_hand_tighten
1904407,-296,-14332,9508,3405,-259,-4093,insert_bolts_hand_tighten
1904429,816,-11064,12888,2513,-1292,-1575,insert_bolts_hand_tighten
1904451,160,-10436,13156,-1583,-366,-1006,insert_bolts_hand_tighten
1904473,244,-10480,11476,-1945,561,-1895,insert_bolts_hand_tighten
1904495,624,-11304,9880,-1675,1035,-1788,insert_bolts_hand_tighten
1904517,1256,-12268,9500,-2072,1540,-1664,insert_bolts_hand_tighten
1904539,1332,-12628,10548,-1292,2043,-31,insert_bolts_hand_tighten
1904561,1460,-14116,11660,-329,2267,2061,insert_bolts_hand_tighten
1904583,-664,-15416,11840,5338,1630,3539,insert_bolts_hand_tighten
1904605,-2600,-14876,10080,11126,-490,4622,insert_bolts_hand_tighten
1904627,-2492,-13012,8364,12103,-2785,4769,insert_bolts_hand_tighten
1904649,-1872,-11300,10276,9775,-2914,4003,insert_bolts_hand_tighten
1904671,-936,-7816,12404,4136,-1141,3269,insert_bolts_hand_tighten
1904693,-1112,-10516,11320,1753,936,2826,insert_bolts_hand_tighten
1904715,-1048,-12896,11548,6925,583,1723,insert_bolts_hand_tighten
1904737,-492,-10844,12076,4187,-26,2526,insert_bolts_hand_tighten
1904759,-660,-8436,13136,-4589,459,2017,insert_bolts_hand_tighten
1904781,-552,-12408,11180,-10382,972,797,insert_bolts_hand_tighten
1904803,-380,-12636,10492,-8774,730,-437,insert_bolts_hand_tighten
1904825,-532,-13000,10920,-7017,1505,-1124,insert_bolts_hand_tighten
1904847,-340,-11440,11872,-6518,1918,-1882,insert_bolts_hand_tighten
1904869,-928,-13060,10404,-7077,-406,-2380,insert_bolts_hand_tighten
1904891,-888,-11232,10776,-8529,2299,-3203,insert_bolts_hand_tighten
1904913,-840,-12656,12448,-9075,1051,-2538,insert_bolts_hand_tighten
1904935,-888,-13880,13772,-4928,2522,-2310,insert_bolts_hand_tighten
1904957,-1056,-13000,11968,-3463,2778,-2445,insert_bolts_hand_tighten
1904979,-1104,-12624,9380,-5262,1959,-3257,insert_bolts_hand_tighten
1905001,-28,-14092,9620,-6135,1235,-3723,insert_bolts_hand_tighten
1905023,108,-15424,10500,-343,1251,-2429,insert_bolts_hand_tighten
1905045,-708,-14860,11384,2203,687,-1464,insert_bolts_hand_tighten
1905067,-564,-13476,10264,397,-342,-2141,insert_bolts_hand_tighten
1905089,-364,-12336,10732,-404,-631,-3102,insert_bolts_hand_tighten
1905111,-560,-11580,11268,-2703,-1127,-3528,insert_bolts_hand_tighten
1905133,-236,-8440,11596,-8363,-729,-4401,insert_bolts_hand_tighten
1905155,-356,-8548,9476,-20200,-3637,-4346,insert_bolts_hand_tighten
1905177,1100,-11964,3508,-24896,-5563,-4070,insert_bolts_hand_tighten
1905199,2648,-16796,2220,-19304,-3818,-2160,insert_bolts_hand_tighten
1905221,3600,-21060,4472,-5252,-292,-1229,insert_bolts_hand_tighten
1905243,2560,-18900,6816,7027,464,-525,insert_bolts_hand_tighten
1905265,2032,-15528,6340,14261,1027,-541,insert_bolts_hand_tighten
1905287,1276,-11956,6424,12196,693,-118,insert_bolts_hand_tighten
1905309,764,-11224,6916,4252,46,-392,insert_bolts_hand_tighten
1905331,180,-12508,7564,-2422,-1080,-243,insert_bolts_hand_tighten
1905353,472,-15744,6724,-4282,-2123,511,insert_bolts_hand_tighten
1905375,68,-15988,6336,-1081,-1783,-135,insert_bolts_hand_tighten
1905397,1532,-12756,7536,295,-2945,-975,insert_bolts_hand_tighten
1905419,1792,-13576,8284,2065,-1086,-1964,insert_bolts_hand_tighten
1905441,1876,-10848,7996,7431,-640,-3274,insert_bolts_hand_tighten
1905463,2788,-10808,8020,11598,113,-5142,insert_bolts_hand_tighten
1905485,3964,-8920,8692,9763,1157,-7714,insert_bolts_hand_tighten
1905507,4640,-7760,8956,3237,1020,-9145,insert_bolts_hand_tighten
1905529,5036,-7196,8608,-5517,2508,-10510,insert_bolts_hand_tighten
1905551,5148,-8180,8284,-9793,4124,-11864,insert_bolts_hand_tighten
1905573,5620,-11144,8000,-8066,5834,-14053,insert_bolts_hand_tighten
1905595,6028,-12644,7660,-4415,7356,-16454,insert_bolts_hand_tighten
1905617,6340,-11592,7900,-9767,6756,-17535,insert_bolts_hand_tighten
1905639,7224,-10932,8812,-16992,9364,-17755,insert_bolts_hand_tighten
1905661,7984,-11444,8756,-23233,12886,-17831,insert_bolts_hand_tighten
1905683,8036,-12556,6184,-24046,16699,-18061,insert_bolts_hand_tighten
1905705,7488,-13884,3996,-24142,19163,-18459,insert_bolts_hand_tighten
1905727,8536,-13680,3284,-28960,19001,-18289,insert_bolts_hand_tighten
1905749,10304,-14500,1672,-32768,19128,-16846,insert_bolts_hand_tighten
1905771,10424,-18572,408,-27132,22249,-16478,insert_bolts_hand_tighten
1905793,9348,-18092,692,-11003,23545,-15838,insert_bolts_hand_tighten
1905815,8680,-16436,2004,6451,20258,-13960,insert_bolts_hand_tighten
1905837,9428,-14104,2020,13415,14626,-10932,insert_bolts_hand_tighten
1905859,10172,-12644,2416,9646,7313,-9634,insert_bolts_hand_tighten
1905881,11856,-12712,3704,5170,7369,-10508,insert_bolts_hand_tighten
1905903,10924,-13456,3740,4644,8515,-11797,insert_bolts_hand_tighten
1905925,11076,-14040,2988,8172,8618,-11872,insert_bolts_hand_tighten
1905947,11356,-14352,2788,12147,6651,-10275,insert_bolts_hand_tighten
1905969,11656,-13496,4596,13960,4237,-8854,insert_bolts_hand_tighten
1905991,11648,-12436,6204,14682,1528,-7379,insert_bolts_hand_tighten
1906013,12332,-11884,6564,15672,223,-5611,insert_bolts_hand_tighten
1906035,12256,-11580,7408,16692,-641,-4239,insert_bolts_hand_tighten
1906057,12064,-10964,7544,15165,-1503,-2833,insert_bolts_hand_tighten
1906079,11544,-10532,9060,14207,-441,-2475,insert_bolts_hand_tighten
1906101,11324,-9304,9720,14462,-703,-1888,insert_bolts_hand_tighten
1906123,11480,-8284,9632,15423,-631,-844,insert_bolts_hand_tighten
1906145,11528,-8088,11040,15515,-315,107,insert_bolts_hand_tighten
1906167,12164,-7456,11144,15881,-530,780,insert_bolts_hand_tighten
1906189,12264,-6096,11520,14910,-975,829,insert_bolts_hand_tighten
1906211,12844,-5340,11680,11579,-765,-411,insert_bolts_hand_tighten
1906233,13168,-3932,11284,7422,-545,-1174,insert_bolts_hand_tighten
1906255,12956,-3172,11144,2303,-1032,-1565,insert_bolts_hand_tighten
1906277,13436,-4496,10580,676,-1623,-2222,insert_bolts_hand_tighten
1906299,14148,-4008,10292,4217,-919,-1323,insert_bolts_hand_tighten
1906321,13520,-3348,10180,6706,-1523,-53,insert_bolts_hand_tighten
1906343,13352,-2684,10344,5684,-2542,1286,insert_bolts_hand_tighten
1906365,13416,-3200,10764,4682,-2130,1646,insert_bolts_hand_tighten
1906387,13272,-3216,11108,5961,-1328,1763,insert_bolts_hand_tighten
1906409,12332,-2248,11300,5153,-1203,1678,insert_bolts_hand_tighten
1906431,12268,-2268,11008,2565,-1839,1150,insert_bolts_hand_tighten
1906453,12116,-2476,11292,1107,-1666,695,insert_bolts_hand_tighten
1906475,12244,-3268,11152,1055,-1989,163,insert_bolts_hand_tighten
1906497,12484,-2720,11320,2081,-1942,133,insert_bolts_hand_tighten
1906519,13064,-2740,11332,768,-1510,137,insert_bolts_hand_tighten
1906541,13044,-3992,11656,859,-706,198,insert_bolts_hand_tighten
1906563,12828,-3492,11932,2580,-272,329,insert_bolts_hand_tighten
1906585,12604,-2792,12224,2892,58,581,insert_bolts_hand_tighten
1906607,12524,-2940,11312,2125,-299,546,insert_bolts_hand_tighten
1906629,12660,-2028,11236,1951,69,723,insert_bolts_hand_tighten
1906651,12912,-3572,11216,2782,-235,606,insert_bolts_hand_tighten
1906673,13916,-2864,11572,3629,-49,1319,insert_bolts_hand_tighten
1906695,14120,-3328,12136,802,356,1158,insert_bolts_hand_tighten
1906717,14756,-3864,12500,-44,997,1519,insert_bolts_hand_tighten
1906739,14840,-3496,12444,-1618,3268,2382,insert_bolts_hand_tighten
1906761,16164,-4776,12848,-3090,3998,4379,insert_bolts_hand_tighten
1906783,16664,-7364,14072,-4382,4990,7564,insert_bolts_hand_tighten
1906805,17184,-8300,14604,-4188,5531,10836,insert_bolts_hand_tighten
1906827,16496,-7464,14936,-5514,5218,14585,insert_bolts_hand_tighten
1906849,15244,-7228,14136,-6733,4651,17057,insert_bolts_hand_tighten
1906871,14420,-8424,12928,-7893,3134,18940,insert_bolts_hand_tighten
1906893,13296,-10552,12164,-8543,1491,19898,insert_bolts_hand_tighten
1906915,11608,-10632,11968,-9201,2450,20281,insert_bolts_hand_tighten
1906937,9976,-11656,11760,-10575,1814,20670,insert_bolts_hand_tighten
1906959,8544,-11484,10988,-9920,1801,21274,insert_bolts_hand_tighten
1906981,7392,-11900,10596,-7621,1850,21372,insert_bolts_hand_tighten
1907003,6404,-11216,10348,-8393,2255,21990,insert_bolts_hand_tighten
1907025,4960,-12796,8920,-8890,2440,21933,insert_bolts_hand_tighten
1907047,4504,-13256,7672,-7859,3161,21535,insert_bolts_hand_tighten
1907069,4292,-13796,6964,-5342,2331,21134,insert_bolts_hand_tighten
1907091,3292,-12396,6604,-3308,1958,21959,insert_bolts_hand_tighten
1907113,2332,-12464,8396,-999,722,22465,insert_bolts_hand_tighten
1907135,2696,-11028,7064,535,-582,21677,insert_bolts_hand_tighten
1907157,2136,-10692,6024,3452,0,20032,insert_bolts_hand_tighten
1907179,2332,-9204,6416,7414,472,17278,insert_bolts_hand_tighten
1907201,2064,-7548,8292,10921,1661,15646,insert_bolts_hand_tighten
1907223,1368,-7208,9640,9891,-349,14031,insert_bolts_hand_tighten
1907245,1492,-6124,9224,6424,-1231,11012,insert_bolts_hand_tighten
1907267,1316,-6740,8844,6098,-1315,7025,insert_bolts_hand_tighten
1907289,1828,-7104,8680,8114,-1080,4064,insert_bolts_hand_tighten
1907311,2436,-6368,10820,8461,466,3228,insert_bolts_hand_tighten
1907333,1128,-7460,12364,4135,-330,2554,insert_bolts_hand_tighten
1907355,1344,-9380,14532,464,-1885,1589,insert_bolts_hand_tighten
1907377,824,-10676,13580,-1217,-2437,729,insert_bolts_hand_tighten
1907399,1048,-10656,11536,-625,-3514,972,insert_bolts_hand_tighten
1907421,180,-12012,11940,-243,-2877,884,insert_bolts_hand_tighten
1907443,-176,-11120,12284,494,-2047,236,insert_bolts_hand_tighten
1907465,-500,-11296,12172,534,-1245,-329,insert_bolts_hand_tighten
1907487,-876,-11200,13468,289,179,-467,insert_bolts_hand_tighten
1907509,-1320,-12904,12588,3284,386,-203,insert_bolts_hand_tighten
1907531,-1380,-11400,12616,4823,443,301,insert_bolts_hand_tighten
1907553,-1588,-12264,12720,428,-652,248,insert_bolts_hand_tighten
1907575,-604,-10924,14144,2411,-932,538,insert_bolts_hand_tighten
1907597,-1296,-11268,13392,480,-2153,180,insert_bolts_hand_tighten
1907619,-268,-11140,14168,796,-3437,-230,insert_bolts_hand_tighten
1907641,1208,-8680,14496,2542,-3855,-293,insert_bolts_hand_tighten
1907663,192,-8712,13128,104,-2165,-1149,insert_bolts_hand_tighten
1907685,544,-9848,14304,-2945,-702,-827,insert_bolts_hand_tighten
1907707,400,-10280,12944,-5629,-502,-1179,insert_bolts_hand_tighten
1907729,912,-10904,12580,-5784,318,-827,insert_bolts_hand_tighten
1907751,212,-11064,15448,-7227,48,61,insert_bolts_hand_tighten
1907773,-1008,-9908,14592,-7781,-4359,669,insert_bolts_hand_tighten
1907795,-676,-8356,11224,-10771,-8058,206,insert_bolts_hand_tighten
1907817,208,-10544,7204,-16280,-6144,1529,insert_bolts_hand_tighten
1907839,1888,-21788,7896,-2584,-547,1594,insert_bolts_hand_tighten
1907861,-588,-15872,8368,8709,2985,707,insert_bolts_hand_tighten
1907883,-408,-12436,10800,9797,1239,715,insert_bolts_hand_tighten
1907905,-944,-10276,11416,5841,-5,1338,insert_bolts_hand_tighten
1907927,248,-10608,11628,2721,-943,919,insert_bolts_hand_tighten
1907949,792,-11856,11908,3031,571,-652,insert_bolts_hand_tighten
1907971,932,-11252,13152,3161,1302,-1078,insert_bolts_hand_tighten
1907993,1204,-11428,12992,3880,452,110,insert_bolts_hand_tighten
1908015,532,-10704,12912,3705,1114,1379,insert_bolts_hand_tighten
1908037,-492,-12392,13600,634,-55,2802,insert_bolts_hand_tighten
1908059,-1208,-14308,11032,-500,-1888,1758,insert_bolts_hand_tighten
1908081,-248,-16604,10392,10959,114,309,insert_bolts_hand_tighten
1908103,-1028,-8524,10664,17158,2003,907,insert_bolts_hand_tighten
1908125,-1656,-3780,10792,10189,218,1122,insert_bolts_hand_tighten
1908147,-452,-2692,10660,4284,-750,-594,insert_bolts_hand_tighten
1908169,1708,-8208,13764,5081,410,-849,insert_bolts_hand_tighten
1908191,1356,-9312,17372,9207,3384,-588,insert_bolts_hand_tighten
1908213,-476,-6228,15844,6347,-3393,-195,insert_bolts_hand_tighten
1908235,1348,-4652,14508,-173,-4066,76,insert_bolts_hand_tighten
1908257,508,-9992,13772,-4110,-2073,1012,insert_bolts_hand_tighten
1908279,12,-13688,13524,2871,-1219,1710,insert_bolts_hand_tighten
1908301,-588,-10340,16136,3257,2029,1439,insert_bolts_hand_tighten
1908323,-928,-9040,15812,5317,424,1658,insert_bolts_hand_tighten
1908345,-1252,-6920,14148,-502,-3420,783,insert_bolts_hand_tighten
1908367,-100,-6524,13608,-6256,-1200,-1187,insert_bolts_hand_tighten
1908389,140,-5704,13296,-8343,-540,-2938,insert_bolts_hand_tighten
1908411,12,-6476,14996,-12972,-629,-3081,insert_bolts_hand_tighten
1908433,940,-6096,15464,-19018,-2523,-3421,insert_bolts_hand_tighten
1908455,2496,-11340,14520,-22084,-3677,-2377,insert_bolts_hand_tighten
1908477,3040,-16136,11760,-14485,576,-2493,insert_bolts_hand_tighten
1908499,1848,-22000,9568,3801,1545,-1522,insert_bolts_hand_tighten
1908521,312,-14424,10208,14435,2412,408,insert_bolts_hand_tighten
1908543,-564,-7732,10516,9763,1365,1844,insert_bolts_hand_tighten
1908565,-4,-10696,9660,10350,346,2892,insert_bolts_hand_tighten
1908587,1684,-13968,10552,23896,2974,3691,insert_bolts_hand_tighten
1908609,-724,-4948,13312,27074,5388,5553,insert_bolts_hand_tighten
1908631,-1464,-872,13604,17007,-305,4494,insert_bolts_hand_tighten
1908653,220,-884,14832,8775,-2425,1417,insert_bolts_hand_tighten
1908675,888,-2580,14864,2909,527,-1839,insert_bolts_hand_tighten
1908697,752,-3796,16352,-3027,2754,-3123,insert_bolts_hand_tighten
1908719,1496,-7952,17048,-3567,2179,-2465,insert_bolts_hand_tighten
1908741,68,-6312,17904,-9874,1470,-43,insert_bolts_hand_tighten
1908763,-916,-3312,16268,-21136,-2154,801,insert_bolts_hand_tighten
1908785,-936,-3248,14044,-32768,-3933,-327,insert_bolts_hand_tighten
1908807,-848,-7004,12300,-32768,-1914,-2812,insert_bolts_hand_tighten
1908829,988,-12384,10156,-32768,-3122,-5174,insert_bolts_hand_tighten
1908851,3092,-25668,11420,-17604,1275,-7778,insert_bolts_hand_tighten
1908873,1960,-18072,9904,3515,5366,-3331,insert_bolts_hand_tighten
1908895,-120,-14524,9148,4562,-903,-1156,insert_bolts_hand_tighten
1908917,732,-10516,9704,-3243,-6431,306,insert_bolts_hand_tighten
1908939,2736,-12624,10596,-10575,-4253,-448,insert_bolts_hand_tighten
1908961,3128,-13620,10728,-9658,-1272,-1947,insert_bolts_hand_tighten
1908983,2268,-13828,10476,-5881,3735,-1912,insert_bolts_hand_tighten
1909005,2168,-13836,10592,-5126,2572,-877,insert_bolts_hand_tighten
1909027,1272,-13828,10800,-5743,1104,-171,insert_bolts_hand_tighten
1909049,1412,-15608,9008,-331,-1917,943,insert_bolts_hand_tighten
1909071,1604,-15244,9192,3777,-3439,2427,insert_bolts_hand_tighten
1909093,1572,-13656,9184,5339,-1037,2154,insert_bolts_hand_tighten
1909115,2724,-14696,10632,9564,-73,2570,insert_bolts_hand_tighten
1909137,1400,-13700,9344,11176,-549,3765,insert_bolts_hand_tighten
1909159,1180,-12788,9592,9486,212,5515,insert_bolts_hand_tighten
1909181,936,-11720,10124,5952,-1261,5922,insert_bolts_hand_tighten
1909203,1036,-11016,12148,676,-1699,3567,insert_bolts_hand_tighten
1909225,1700,-10620,10832,-815,-1068,2020,insert_bolts_hand_tighten
1909247,1060,-13048,10380,-4016,995,950,insert_bolts_hand_tighten
1909269,1656,-13404,10728,-1765,947,-699,insert_bolts_hand_tighten
1909291,1396,-13092,10388,-1340,85,-796,insert_bolts_hand_tighten
1909313,1416,-12448,10164,-669,-518,-1184,insert_bolts_hand_tighten
1909335,1924,-11060,11188,-1562,-513,-533,insert_bolts_hand_tighten
1909357,1536,-10728,10704,-7035,-247,399,insert_bolts_hand_tighten
1909379,1240,-12028,10764,-9688,936,497,insert_bolts_hand_tighten
1909401,1124,-13312,11036,-8126,1878,280,insert_bolts_hand_tighten
1909423,180,-13836,10732,-5728,1821,-1008,insert_bolts_hand_tighten
1909445,728,-12536,9124,-6330,-529,-705,insert_bolts_hand_tighten
1909467,392,-12408,8496,-11988,-1160,-1101,insert_bolts_hand_tighten
1909489,664,-14280,8536,-14007,-2678,-729,insert_bolts_hand_tighten
1909511,868,-15596,8032,-12891,-1969,-1674,insert_bolts_hand_tighten
1909533,704,-18064,6748,-5593,-1307,-2836,insert_bolts_hand_tighten
1909555,628,-15796,6724,879,-1529,-2592,insert_bolts_hand_tighten
1909577,736,-14144,7224,2616,-3096,-1877,insert_bolts_hand_tighten
1909599,1524,-13256,7532,525,-3714,-1064,insert_bolts_hand_tighten
1909621,1580,-14496,8264,-776,-1232,-1697,insert_bolts_hand_tighten
1909643,1476,-14052,8320,2294,-504,-2335,insert_bolts_hand_tighten
1909665,792,-13612,7056,-2078,-1873,-1254,insert_bolts_hand_tighten
1909687,1752,-14688,7836,-3823,26,-3185,insert_bolts_hand_tighten
1909709,3100,-18620,9724,1460,-1206,-3166,insert_bolts_hand_tighten
1909731,1536,-15892,5388,2170,-3812,-639,insert_bolts_hand_tighten
1909753,2072,-14240,6348,1235,-2603,558,insert_bolts_hand_tighten
1909775,2760,-13152,6712,-2316,-1164,1962,insert_bolts_hand_tighten
1909797,2768,-17100,8000,514,888,1402,insert_bolts_hand_tighten
1909819,2504,-17196,8728,6835,1117,848,insert_bolts_hand_tighten
1909841,2276,-15500,8056,8304,1192,2526,insert_bolts_hand_tighten
1909863,2448,-14268,9428,9832,920,3634,insert_bolts_hand_tighten
1909885,1280,-10936,8064,5695,684,2987,insert_bolts_hand_tighten
1909907,1696,-9552,7712,2981,1930,2520,insert_bolts_hand_tighten
1909929,2436,-14172,8008,7565,1603,2524,insert_bolts_hand_tighten
1909951,1864,-15876,9052,13098,942,2932,insert_bolts_hand_tighten
1909973,2548,-14932,9692,18335,1362,2962,insert_bolts_hand_tighten
1909995,1488,-10028,9772,12857,1434,1603,insert_bolts_hand_tighten
1910017,920,-9244,9264,4878,1705,358,insert_bolts_hand_tighten
1910039,1660,-11692,12640,3065,4967,-20,insert_bolts_hand_tighten
1910061,120,-12464,12700,130,4864,681,insert_bolts_hand_tighten
1910083,-612,-12824,10852,3671,3245,-787,insert_bolts_hand_tighten
1910105,0,-12160,11064,5045,1912,360,insert_bolts_hand_tighten
1910127,40,-11876,11772,3459,2857,800,insert_bolts_hand_tighten
1910149,632,-11176,13588,4728,2352,573,insert_bolts_hand_tighten
1910171,832,-12684,12216,4021,1136,-339,insert_bolts_hand_tighten
1910193,-428,-10072,13260,2882,2585,905,insert_bolts_hand_tighten
1910215,-580,-10144,11696,6667,-1265,1340,insert_bolts_hand_tighten
1910237,-264,-7828,13472,5591,2561,234,insert_bolts_hand_tighten
1910259,-884,-6808,13804,2359,1515,-52,insert_bolts_hand_tighten
1910281,448,-9116,12736,-860,538,-385,insert_bolts_hand_tighten
1910303,432,-10164,12032,-1505,797,-1046,insert_bolts_hand_tighten
1910325,768,-12028,11892,2791,628,-1186,insert_bolts_hand_tighten
1910347,1636,-10468,13760,5010,-406,783,insert_bolts_hand_tighten
1910369,556,-8896,14480,2369,189,1769,insert_bolts_hand_tighten
1910391,292,-8532,13976,-3308,62,596,insert_bolts_hand_tighten
1910413,944,-12024,11760,-3384,175,-197,insert_bolts_hand_tighten
1910435,1108,-13128,11856,1869,2859,1537,insert_bolts_hand_tighten
1910457,-368,-10964,13240,3214,2455,2027,insert_bolts_hand_tighten
1910479,-368,-10092,12928,1172,206,1547,insert_bolts_hand_tighten
1910501,-688,-9696,12860,271,1102,541,insert_bolts_hand_tighten
1910523,-636,-11776,13052,2967,1191,593,insert_bolts_hand_tighten
1910545,-600,-10064,14012,6028,1833,1303,insert_bolts_hand_tighten
1910567,-1052,-8136,13996,5157,649,1748,insert_bolts_hand_tighten
1910589,-1004,-7804,14076,5330,466,529,insert_bolts_hand_tighten
1910611,-480,-8516,13588,3713,869,-410,insert_bolts_hand_tighten
1910633,-288,-9884,13732,5781,823,-200,insert_bolts_hand_tighten
1910655,-184,-8932,15748,7216,881,519,insert_bolts_hand_tighten
1910677,80,-8808,15908,3647,-327,1076,insert_bolts_hand_tighten
1910699,-460,-8056,14620,105,-142,-11,insert_bolts_hand_tighten
1910721,-276,-8108,14460,-913,177,-101,insert_bolts_hand_tighten
1910743,-500,-7684,13336,-2205,201,-630,insert_bolts_hand_tighten
1910765,-276,-7872,13316,-611,464,-1080,insert_bolts_hand_tighten
1910787,-520,-8228,12852,-1946,1416,-1703,insert_bolts_hand_tighten
1910809,96,-6812,12600,-2450,-1331,-1043,insert_bolts_hand_tighten
1910831,-676,-7944,15012,-9273,-613,-1121,insert_bolts_hand_tighten
1910853,-136,-8644,15796,-11542,-1650,-1733,insert_bolts_hand_tighten
1910875,-376,-8084,14544,-13400,-2772,-2140,insert_bolts_hand_tighten
1910897,88,-7324,12760,-17781,-2645,-2802,insert_bolts_hand_tighten
1910919,808,-10516,10752,-18688,-2859,-2835,insert_bolts_hand_tighten
1910941,1688,-12852,10548,-18226,-1594,-1304,insert_bolts_hand_tighten
1910963,1416,-15596,10532,-15625,-677,-482,insert_bolts_hand_tighten
1910985,1420,-15100,11336,-12284,-1038,316,insert_bolts_hand_tighten
1911007,1560,-15216,10588,-7574,-2816,-102,insert_bolts_hand_tighten
1911029,528,-17328,9276,-193,-1220,-1214,insert_bolts_hand_tighten
1911051,424,-13684,10604,6886,-500,-1843,insert_bolts_hand_tighten
1911073,1132,-11572,12780,4392,-3307,-322,insert_bolts_hand_tighten
1911095,-316,-11204,8692,-3777,-4996,1732,insert_bolts_hand_tighten
1911117,1636,-14236,8604,620,-3875,638,insert_bolts_hand_tighten
1911139,1252,-13704,10772,9351,-1113,-310,insert_bolts_hand_tighten
1911161,1512,-11288,9640,8336,-2594,1812,insert_bolts_hand_tighten
1911183,1716,-14420,9856,7080,70,2390,insert_bolts_hand_tighten
1911205,1952,-13464,12128,8730,1549,2602,insert_bolts_hand_tighten
1911227,152,-12840,12896,7384,-704,3559,insert_bolts_hand_tighten
1911249,1148,-9864,12572,8251,-1662,2483,insert_bolts_hand_tighten
1911271,1312,-10100,11404,3047,-2772,2529,insert_bolts_hand_tighten
1911293,1288,-10880,11200,2586,-489,415,insert_bolts_hand_tighten
1911315,1696,-13648,11300,4967,295,327,insert_bolts_hand_tighten
1911337,1612,-12852,11544,5468,2197,527,insert_bolts_hand_tighten
1911359,432,-10928,14744,8337,4301,506,insert_bolts_hand_tighten
1911381,-672,-8760,14708,6718,826,1117,insert_bolts_hand_tighten
1911403,-700,-6640,14240,1042,-450,794,insert_bolts_hand_tighten
1911425,-392,-9024,11956,-1732,-1259,-9,insert_bolts_hand_tighten
1911447,788,-11056,13632,6605,-51,-541,insert_bolts_hand_tighten
1911469,-172,-8824,14432,10575,2168,-1734,insert_bolts_hand_tighten
1911491,148,-4760,14164,4106,-359,-1458,insert_bolts_hand_tighten
1911513,684,-7796,12464,-2764,1318,-2176,insert_bolts_hand_tighten
1911535,1372,-12616,10524,-2771,3914,-3177,insert_bolts_hand_tighten
1911557,-1796,-13288,14468,5717,4211,-3807,insert_bolts_hand_tighten
1911579,1024,-6988,15784,7934,629,-1248,insert_bolts_hand_tighten
1911601,-112,-7128,14532,74,-18,167,insert_bolts_hand_tighten
1911623,-156,-6848,13892,-3581,-27,-892,insert_bolts_hand_tighten
1911645,428,-4992,15072,-9276,2086,-2373,insert_bolts_hand_tighten
1911667,-40,-6760,15756,-14230,3470,-2322,insert_bolts_hand_tighten
1911689,888,-6580,14964,-17645,2988,-2721,insert_bolts_hand_tighten
1911711,1124,-9004,12900,-21915,3177,-2436,insert_bolts_hand_tighten
1911733,1908,-11752,10168,-22545,4623,-2592,insert_bolts_hand_tighten
1911755,1272,-13580,10840,-20548,5586,-1380,insert_bolts_hand_tighten
1911777,564,-11844,10584,-21773,4335,-852,insert_bolts_hand_tighten
1911799,324,-11608,9284,-25453,4004,-706,insert_bolts_hand_tighten
1911821,532,-14204,7224,-29736,2151,-1536,insert_bolts_hand_tighten
1911843,460,-14176,6088,-32254,1969,-2637,insert_bolts_hand_tighten
1911865,476,-14916,4452,-32768,1351,-2418,insert_bolts_hand_tighten
1911887,904,-14800,2692,-32768,207,-1570,insert_bolts_hand_tighten
1911909,928,-16552,392,-32768,824,-2331,insert_bolts_hand_tighten
1911931,1044,-17056,-1172,-32382,-797,-1824,insert_bolts_hand_tighten
1911953,852,-18160,-3172,-26172,-1284,-1002,insert_bolts_hand_tighten
1911975,1296,-18860,-3532,-17739,-1148,-1070,insert_bolts_hand_tighten
1911997,1204,-16628,-3136,-11523,-693,-1103,insert_bolts_hand_tighten
1912019,1088,-12460,-3992,-15752,-1608,-1001,insert_bolts_hand_tighten
1912041,1180,-16172,-6580,-15917,-1566,-1758,insert_bolts_hand_tighten
1912063,948,-18076,-7864,-8132,32,-1753,insert_bolts_hand_tighten
1912085,568,-17436,-6380,-471,451,-1130,insert_bolts_hand_tighten
1912107,524,-17732,-4292,2986,-983,-588,insert_bolts_hand_tighten
1912129,792,-15204,-4132,5433,-699,-425,insert_bolts_hand_tighten
1912151,1352,-13036,-4560,1751,-1490,-181,insert_bolts_hand_tighten
1912173,944,-13832,-5544,-4178,-1926,-446,insert_bolts_hand_tighten
1912195,872,-14968,-4808,-5711,-2655,-256,insert_bolts_hand_tighten
1912217,984,-16128,-4840,-5246,-1974,350,insert_bolts_hand_tighten
1912239,1988,-17152,-6848,-1938,-1620,645,insert_bolts_hand_tighten
1912261,1500,-19940,-8280,7681,1084,1628,insert_bolts_hand_tighten
1912283,1084,-18500,-6792,15111,314,3361,insert_bolts_hand_tighten
1912305,764,-16324,-4508,18419,-180,4114,insert_bolts_hand_tighten
1912327,452,-16676,-3276,20748,-738,5117,insert_bolts_hand_tighten
1912349,380,-18064,-3484,24858,947,5332,insert_bolts_hand_tighten
1912371,684,-18084,-1980,31407,930,7694,insert_bolts_hand_tighten
1912393,-4,-14988,1032,32090,60,7661,insert_bolts_hand_tighten
1912415,-84,-10908,2140,23039,1129,5612,insert_bolts_hand_tighten
1912437,748,-16616,1932,20814,1180,5259,insert_bolts_hand_tighten
1912459,-1176,-17424,3996,27051,2963,6055,insert_bolts_hand_tighten
1912481,-1100,-14292,5832,26283,39,6387,insert_bolts_hand_tighten
1912503,-2244,-12992,7348,17945,1437,4953,insert_bolts_hand_tighten
1912525,-2216,-16928,5200,13591,2229,3785,insert_bolts_hand_tighten
1912547,-2824,-14848,5972,16480,2484,4964,insert_bolts_hand_tighten
1912569,-2712,-13236,8456,13984,1802,4487,insert_bolts_hand_tighten
1912591,-4184,-11536,9976,6238,1044,3422,insert_bolts_hand_tighten
1912613,-2656,-11836,9244,103,200,1224,insert_bolts_hand_tighten
1912635,-3284,-10684,9476,-5615,24,-1121,insert_bolts_hand_tighten
1912657,-2816,-9728,8704,-14192,-564,-3222,insert_bolts_hand_tighten
1912679,-2036,-10188,6512,-23359,-643,-5311,insert_bolts_hand_tighten
1912701,-1488,-12784,7492,-23958,224,-6138,insert_bolts_hand_tighten
1912723,-2152,-14004,6548,-23897,-1898,-5373,insert_bolts_hand_tighten
1912745,-1556,-14056,5016,-22588,-4404,-5217,insert_bolts_hand_tighten
1912767,-1232,-15008,2060,-26358,-4985,-5516,insert_bolts_hand_tighten
1912789,-536,-17892,-200,-23057,-3020,-5231,insert_bolts_hand_tighten
1912811,-780,-21864,-300,-10755,218,-3658,insert_bolts_hand_tighten
1912833,-968,-19384,2212,553,-2074,-572,insert_bolts_hand_tighten
1912855,-588,-15936,2868,-227,-923,31,insert_bolts_hand_tighten
1912877,-900,-16416,1652,-281,-1833,-542,insert_bolts_hand_tighten
1912899,-484,-16396,1564,810,-2107,-1880,insert_bolts_hand_tighten
1912921,-488,-15708,1628,2301,-2005,-2324,insert_bolts_hand_tighten
1912943,172,-15120,2492,638,-832,-1050,insert_bolts_hand_tighten
1912965,-436,-16584,2672,517,-163,-1555,insert_bolts_hand_tighten
1912987,-552,-18924,1832,5794,-1137,-2026,insert_bolts_hand_tighten
1913009,824,-14448,1692,7124,-1563,-1300,insert_bolts_hand_tighten
1913031,92,-15332,2608,-684,-1556,998,insert_bolts_hand_tighten
1913053,324,-15580,3056,-3661,-1895,17,insert_bolts_hand_tighten
1913075,288,-16884,2632,-3445,-893,-75,insert_bolts_hand_tighten
1913097,-108,-13704,2204,-5556,-1223,-631,insert_bolts_hand_tighten
1913119,272,-13864,1684,-10585,-472,-702,insert_bolts_hand_tighten
1913141,564,-15428,536,-14078,-1164,-996,insert_bolts_hand_tighten
1913163,-64,-16272,-1216,-14845,-2314,-2417,insert_bolts_hand_tighten
1913185,276,-16128,-436,-14025,-1692,-3650,insert_bolts_hand_tighten
1913207,96,-15244,-1444,-12484,-416,-2978,insert_bolts_hand_tighten
1913229,752,-16180,-2084,-12860,-1001,-839,insert_bolts_hand_tighten
1913251,212,-16864,-3740,-11944,-948,-577,insert_bolts_hand_tighten
1913273,496,-16992,-3956,-10030,98,102,insert_bolts_hand_tighten
1913295,24,-16036,-3924,-11196,-463,405,insert_bolts_hand_tighten
1913317,332,-15852,-4324,-11683,-1817,-25,insert_bolts_hand_tighten
1913339,1212,-16316,-4652,-9361,-969,-995,insert_bolts_hand_tighten
1913361,1336,-18248,-4100,-3255,373,-915,insert_bolts_hand_tighten
1913383,1052,-16676,-3128,-1459,1741,-513,insert_bolts_hand_tighten
1913405,676,-15256,-2932,-1899,835,230,insert_bolts_hand_tighten
1913427,844,-14240,-4004,-1736,250,-228,insert_bolts_hand_tighten
1913449,1128,-12836,-5004,-4820,1038,-998,insert_bolts_hand_tighten
1913471,668,-15376,-6320,-6674,1343,-546,insert_bolts_hand_tighten
1913493,160,-17484,-6640,-4071,999,-209,insert_bolts_hand_tighten
1913515,188,-18632,-5408,-1017,956,919,insert_bolts_hand_tighten
1913537,488,-18484,-3772,4584,442,2950,insert_bolts_hand_tighten
1913559,840,-18164,-4384,8228,1461,3836,insert_bolts_hand_tighten
1913581,1172,-19112,-5680,13375,2266,4800,insert_bolts_hand_tighten
1913603,-308,-19176,-4668,19343,2122,5379,insert_bolts_hand_tighten
1913625,-164,-17556,-3892,18642,1477,4957,insert_bolts_hand_tighten
1913647,-512,-17012,-1644,19344,707,4911,insert_bolts_hand_tighten
1913669,176,-19896,-156,23671,764,6045,insert_bolts_hand_tighten
1913691,-600,-21548,488,32767,-748,5702,insert_bolts_hand_tighten
1913713,-1576,-15452,-364,32767,2451,4667,insert_bolts_hand_tighten
1913735,-404,-11328,3612,32767,2685,3637,insert_bolts_hand_tighten
1913757,-2032,-10736,5368,32691,2455,5245,insert_bolts_hand_tighten
1913779,-1552,-12596,5920,20317,1131,2873,insert_bolts_hand_tighten
1913801,-1596,-15564,8652,23254,3630,-665,insert_bolts_hand_tighten
1913823,36,-11988,10276,32200,2971,-546,insert_bolts_hand_tighten
1913845,-1508,-9236,9552,18453,-1275,265,insert_bolts_hand_tighten
1913867,-828,-8668,8284,5601,-1933,-1122,insert_bolts_hand_tighten
1913889,-532,-11316,9048,5465,-928,-1307,insert_bolts_hand_tighten
1913911,-532,-13352,11516,8390,-629,473,insert_bolts_hand_tighten
1913933,-944,-11544,12856,7205,-1029,1157,insert_bolts_hand_tighten
1913955,-1344,-13432,12820,5611,-1378,1387,insert_bolts_hand_tighten
1913977,-1764,-12652,10784,7414,-2713,135,insert_bolts_hand_tighten
1913999,-1268,-10816,10532,7620,-2895,-836,insert_bolts_hand_tighten
1914021,-1724,-7860,12000,2456,-1636,-1268,insert_bolts_hand_tighten
1914043,-1356,-9804,12748,-87,-1689,-2221,insert_bolts_hand_tighten
1914065,-1260,-9156,13768,-3856,-1452,-2165,insert_bolts_hand_tighten
1914087,-1392,-11236,12348,-5354,-4430,-2250,insert_bolts_hand_tighten
1914109,-896,-11516,12944,-4409,-4351,-3503,insert_bolts_hand_tighten
1914131,-380,-9780,12128,-4970,-5393,-2913,insert_bolts_hand_tighten
1914153,-188,-10184,11696,-6008,-5352,-2599,insert_bolts_hand_tighten
1914175,556,-9472,12340,-8106,-6524,-2449,insert_bolts_hand_tighten
1914197,360,-11768,10268,-8315,-6296,-2496,insert_bolts_hand_tighten
1914219,640,-13620,9220,-4554,-4694,-2609,insert_bolts_hand_tighten
1914241,1072,-12976,8956,-2058,-4906,-1120,insert_bolts_hand_tighten
1914263,1376,-11244,10596,-4008,-3424,-145,insert_bolts_hand_tighten
1914285,2140,-12032,9676,-6782,-2412,1431,insert_bolts_hand_tighten
1914307,1060,-15956,9272,-2838,-526,947,insert_bolts_hand_tighten
1914329,1040,-13536,9872,4342,493,-1429,insert_bolts_hand_tighten
1914351,696,-12420,10104,3406,-2047,-672,insert_bolts_hand_tighten
1914373,720,-10412,11012,250,-1884,-787,insert_bolts_hand_tighten
1914395,1668,-9480,11156,-4287,-4479,-578,insert_bolts_hand_tighten
1914417,1780,-13260,9676,-3965,-3951,-1103,insert_bolts_hand_tighten
1914439,1916,-13232,9816,-2628,-2481,-1109,insert_bolts_hand_tighten
1914461,1800,-11964,10784,-3402,-1120,-615,insert_bolts_hand_tighten
1914483,1856,-12408,12484,-6116,-2028,-265,insert_bolts_hand_tighten
1914505,1812,-15288,12132,-6784,-1902,-248,insert_bolts_hand_tighten
1914527,2252,-15948,11480,-3072,-1438,220,insert_bolts_hand_tighten
1914549,1920,-14504,10900,694,-1203,170,insert_bolts_hand_tighten
1914571,1936,-12600,10052,164,-255,-81,insert_bolts_hand_tighten
1914593,1576,-12644,9588,-1348,-350,549,insert_bolts_hand_tighten
1914615,1868,-16420,9744,853,-1729,-87,insert_bolts_hand_tighten
1914637,2868,-15672,10320,4088,-1653,231,insert_bolts_hand_tighten
1914659,2816,-12892,11044,3851,-229,798,insert_bolts_hand_tighten
1914681,2368,-12332,10532,2825,-296,1099,insert_bolts_hand_tighten
1914703,1908,-12216,9928,3185,-370,715,insert_bolts_hand_tighten
1914725,1980,-12440,8376,3989,-750,716,insert_bolts_hand_tighten
1914747,2576,-14824,7716,8922,-1105,1442,insert_bolts_hand_tighten
1914769,1912,-13356,11216,9245,19,1910,insert_bolts_hand_tighten
1914791,-1148,-11892,15508,9234,-907,-696,insert_bolts_hand_tighten
1914813,3036,-14948,14724,-2271,3745,2177,insert_bolts_hand_tighten
1914835,1584,-9992,13756,3635,2119,-1485,insert_bolts_hand_tighten
1914857,2544,-11388,14124,-1142,-3243,-1200,insert_bolts_hand_tighten
1914879,1576,-10412,10036,-4120,496,-1310,insert_bolts_hand_tighten
1914901,2220,-12044,9416,-5347,-1137,432,insert_bolts_hand_tighten
1914923,2016,-11092,10480,-5669,828,550,insert_bolts_hand_tighten
1914945,2608,-10696,10512,-6717,-777,537,insert_bolts_hand_tighten
1914967,1728,-14348,9580,-4400,-632,218,insert_bolts_hand_tighten
1914989,1400,-12368,8664,-3779,-614,119,insert_bolts_hand_tighten
1915011,1792,-10232,9284,-4960,-711,108,insert_bolts_hand_tighten
1915033,1332,-6992,-636,-6559,-531,-311,insert_bolts_hand_tighten
1915055,5512,-10852,10616,2003,3237,1251,insert_bolts_hand_tighten
1915077,1084,-17388,7836,4000,-2446,2250,insert_bolts_hand_tighten
1915099,5408,-8036,16064,-1496,-1894,851,insert_bolts_hand_tighten
1915121,3024,-13616,12988,-2743,1417,714,insert_bolts_hand_tighten
1915143,1584,-16960,8456,4499,1258,160,insert_bolts_hand_tighten
1915165,1600,-15188,8344,10296,3621,598,insert_bolts_hand_tighten
1915187,1108,-10932,9636,9801,920,1141,insert_bolts_hand_tighten
1915209,3048,-9356,13428,3924,1580,175,insert_bolts_hand_tighten
1915231,3148,-10540,14112,-2510,1551,65,insert_bolts_hand_tighten
1915253,2228,-11604,12500,-5975,2974,-872,insert_bolts_hand_tighten
1915275,1608,-14332,11168,-6099,3090,-1222,insert_bolts_hand_tighten
1915297,680,-15616,10588,-116,1940,68,insert_bolts_hand_tighten
1915319,852,-12032,9740,848,375,-206,insert_bolts_hand_tighten
1915341,1892,-11536,8768,219,489,364,insert_bolts_hand_tighten
1915363,1708,-11364,8908,188,557,474,insert_bolts_hand_tighten
1915385,1012,-11620,9312,-1120,1666,-1056,insert_bolts_hand_tighten
1915407,1488,-10152,10632,-1628,810,-1186,insert_bolts_hand_tighten
1915429,2132,-9576,11440,-5413,1042,-1754,insert_bolts_hand_tighten
1915451,2244,-11612,10960,-5586,1965,-3033,insert_bolts_hand_tighten
1915473,3032,-11684,12068,-6280,1597,-3024,insert_bolts_hand_tighten
1915495,2372,-12552,10764,-11624,2254,-1980,insert_bolts_hand_tighten
1915517,2160,-12788,11520,-10074,2540,-3308,insert_bolts_hand_tighten
1915539,2772,-14180,11064,-9716,1214,-2821,insert_bolts_hand_tighten
1915561,2188,-14144,9528,-8859,538,-2987,insert_bolts_hand_tighten
1915583,3340,-14208,8240,-8704,-1084,-2973,insert_bolts_hand_tighten
1915605,4008,-13584,7944,-8343,-751,-2305,insert_bolts_hand_tighten
1915627,4300,-13916,7876,-6401,-428,-2187,insert_bolts_hand_tighten
1915649,4896,-12724,8516,-4612,916,-2279,insert_bolts_hand_tighten
1915671,4828,-11660,9088,-6577,4339,-2372,insert_bolts_hand_tighten
1915693,4136,-10896,8876,-8331,7005,-3408,insert_bolts_hand_tighten
1915715,3736,-10320,8412,-7677,10078,-5204,insert_bolts_hand_tighten
1915737,3460,-9608,8092,-5456,12331,-6676,insert_bolts_hand_tighten
1915759,3512,-9572,7828,-3624,14069,-8913,insert_bolts_hand_tighten
1915781,4056,-9780,6684,-4906,13559,-10079,insert_bolts_hand_tighten
1915803,4124,-9368,6040,-7191,15309,-12207,insert_bolts_hand_tighten
1915825,4052,-10488,5752,-8264,15459,-13819,insert_bolts_hand_tighten
1915847,4764,-11848,4112,-9742,17463,-16923,insert_bolts_hand_tighten
1915869,5692,-11968,2700,-12625,17535,-18900,insert_bolts_hand_tighten
1915891,5964,-12752,1464,-15729,19027,-19286,insert_bolts_hand_tighten
1915913,7424,-17848,2556,-8238,19900,-20184,insert_bolts_hand_tighten
1915935,6804,-17264,3716,-2135,18812,-19516,insert_bolts_hand_tighten
1915957,7768,-15604,3344,-935,12989,-17371,insert_bolts_hand_tighten
1915979,8848,-13812,3056,-3795,10617,-16021,insert_bolts_hand_tighten
1916001,8996,-15364,2760,-2106,10211,-15435,insert_bolts_hand_tighten
1916023,9000,-16920,3012,544,8694,-14471,insert_bolts_hand_tighten
1916045,8952,-15432,4108,4441,6531,-13435,insert_bolts_hand_tighten
1916067,8480,-14292,4588,7942,6407,-12941,insert_bolts_hand_tighten
1916089,9136,-14840,4952,9171,1138,-10417,insert_bolts_hand_tighten
1916111,10432,-14392,5464,7658,1205,-9276,insert_bolts_hand_tighten
1916133,10008,-14616,6532,11005,2195,-8825,insert_bolts_hand_tighten
1916155,9992,-13500,7712,15237,3793,-7851,insert_bolts_hand_tighten
1916177,9784,-12008,8084,14258,422,-5616,insert_bolts_hand_tighten
1916199,10648,-10980,9184,11372,558,-4491,insert_bolts_hand_tighten
1916221,10424,-12572,9548,12029,1625,-4285,insert_bolts_hand_tighten
1916243,10508,-11200,10692,15644,872,-3162,insert_bolts_hand_tighten
1916265,11912,-9224,10660,17953,-469,-1135,insert_bolts_hand_tighten
1916287,11248,-8128,10228,19264,-1304,-813,insert_bolts_hand_tighten
1916309,11576,-6740,9852,18658,1051,-1103,insert_bolts_hand_tighten
1916331,11148,-6108,10964,15556,750,-751,insert_bolts_hand_tighten
1916353,11532,-6032,12688,12593,-1390,-802,insert_bolts_hand_tighten
1916375,12336,-5544,12660,12975,-2325,-1023,insert_bolts_hand_tighten
1916397,12176,-4044,11968,11827,-1789,-873,insert_bolts_hand_tighten
1916419,12892,-3776,12380,7843,167,-606,insert_bolts_hand_tighten
1916441,12564,-3968,13196,7077,999,-279,insert_bolts_hand_tighten
1916463,12288,-2496,12956,5699,358,167,insert_bolts_hand_tighten
1916485,12376,-2388,12912,4826,-900,447,insert_bolts_hand_tighten
1916507,12116,-1360,12192,3931,-461,75,insert_bolts_hand_tighten
1916529,12648,-1016,11384,1038,-498,-785,insert_bolts_hand_tighten
1916551,12452,-2012,13404,-1765,1587,-1226,insert_bolts_hand_tighten
1916573,11096,-3472,13888,-2704,1563,-553,insert_bolts_hand_tighten
1916595,12312,-2556,12832,-2347,1642,132,insert_bolts_hand_tighten
1916617,11324,-4576,12676,-3677,2225,422,insert_bolts_hand_tighten
1916639,11344,-3624,12600,-521,2319,1573,insert_bolts_hand_tighten
1916661,10520,-3880,12500,-423,456,2138,insert_bolts_hand_tighten
1916683,10920,-3680,13412,-2352,415,1039,insert_bolts_hand_tighten
1916705,11452,-3332,13384,-4205,-255,-760,insert_bolts_hand_tighten
1916727,11468,-3708,12868,-5384,545,-2223,insert_bolts_hand_tighten
1916749,11044,-4080,11760,-3582,435,-2083,insert_bolts_hand_tighten
1916771,10468,-4248,11780,-3533,-210,-1615,insert_bolts_hand_tighten
1916793,10252,-4704,13252,-5869,-1068,-2437,insert_bolts_hand_tighten
1916815,10688,-5212,12900,-5918,-1413,-2905,insert_bolts_hand_tighten
1916837,11072,-6560,12136,-2136,-1151,-1302,insert_bolts_hand_tighten
1916859,11368,-5880,12480,3678,-679,1220,insert_bolts_hand_tighten
1916881,11280,-4072,12128,3704,-1539,1359,insert_bolts_hand_tighten
1916903,11884,-3984,12128,1994,-2515,132,insert_bolts_hand_tighten
1916925,11676,-4056,12760,427,-1535,-1329,insert_bolts_hand_tighten
1916947,11772,-3272,11568,-1455,-1082,-2485,insert_bolts_hand_tighten
1916969,11880,-3080,10780,-3791,-1062,-2984,insert_bolts_hand_tighten
1916991,11884,-3956,9780,-3772,-2341,-2449,insert_bolts_hand_tighten
1917013,11932,-4568,10432,-693,-977,-1250,insert_bolts_hand_tighten
1917035,12384,-4408,10860,158,-609,-576,insert_bolts_hand_tighten
1917057,12292,-4936,10816,110,-726,-343,insert_bolts_hand_tighten
1917079,11860,-4604,11116,-345,57,-236,insert_bolts_hand_tighten
1917101,11416,-4028,11924,-722,31,175,insert_bolts_hand_tighten
1917123,12128,-4484,11496,-2040,-662,-294,insert_bolts_hand_tighten
1917145,11916,-4004,10896,-1791,348,52,insert_bolts_hand_tighten
1917167,12144,-4184,10536,-1844,233,-164,insert_bolts_hand_tighten
1917189,12412,-4164,10112,-787,619,-341,insert_bolts_hand_tighten
1917211,12108,-4084,10636,211,1602,39,insert_bolts_hand_tighten
1917233,12344,-5132,10712,349,1229,220,insert_bolts_hand_tighten
1917255,12464,-4332,10408,2159,2004,1378,insert_bolts_hand_tighten
1917277,12908,-4712,10112,4210,1515,2158,insert_bolts_hand_tighten
1917299,12696,-3756,10136,5241,3089,2790,insert_bolts_hand_tighten
1917321,13132,-2748,9516,8365,3624,4433,insert_bolts_hand_tighten
1917343,11224,-1960,10072,11554,4664,5446,insert_bolts_hand_tighten
1917365,11088,-2432,12040,9465,1963,5175,insert_bolts_hand_tighten
1917387,9196,-1580,13168,6392,1874,3745,insert_bolts_hand_tighten
1917409,10480,-1192,13876,3241,1601,1567,insert_bolts_hand_tighten
1917431,8864,-2296,15808,-3343,-81,-870,insert_bolts_hand_tighten
1917453,8440,-1868,15968,-10787,-883,-3126,insert_bolts_hand_tighten
1917475,10528,-4544,12676,-10080,-2435,-2149,insert_bolts_hand_tighten
1917497,10228,-6044,13240,-3274,-2942,1614,insert_bolts_hand_tighten
1917519,11952,-6612,13192,2024,-3869,3955,insert_bolts_hand_tighten
1917541,12408,-3728,14060,2236,-1900,4004,insert_bolts_hand_tighten
1917563,11076,-2956,13536,-1868,-464,3484,insert_bolts_hand_tighten
1917585,11260,-4964,13016,-3852,-5821,5031,insert_bolts_hand_tighten
1917607,14508,-6872,11920,-6305,-6778,5927,insert_bolts_hand_tighten
1917629,17272,-8600,13892,-5868,-2653,7842,insert_bolts_hand_tighten
1917651,16320,-9280,15608,-10224,4767,9335,insert_bolts_hand_tighten
1917673,15728,-9564,15600,-18386,4582,11544,insert_bolts_hand_tighten
1917695,15552,-12172,12568,-28790,-64,15181,insert_bolts_hand_tighten
1917717,16400,-14832,9284,-32768,-3019,18422,insert_bolts_hand_tighten
1917739,15188,-17672,6924,-32768,-4604,22054,insert_bolts_hand_tighten
1917761,13492,-20088,4672,-28448,-7033,25766,insert_bolts_hand_tighten
1917783,11896,-18932,4308,-20168,-9477,29398,insert_bolts_hand_tighten
1917805,8124,-17288,3192,-15981,-12588,31096,insert_bolts_hand_tighten
1917827,6176,-14688,2696,-11200,-14839,31551,insert_bolts_hand_tighten
1917849,3824,-13196,1996,-11085,-14155,31092,insert_bolts_hand_tighten
1917871,2848,-12812,596,-12106,-13528,27963,insert_bolts_hand_tighten
1917893,1928,-12584,1496,-8731,-11899,25524,insert_bolts_hand_tighten
1917915,592,-11896,2448,-6018,-10289,21392,insert_bolts_hand_tighten
1917937,996,-9572,2416,-4875,-11014,17670,insert_bolts_hand_tighten
1917959,852,-9456,2416,-5088,-9507,16373,insert_bolts_hand_tighten
1917981,708,-9624,2724,-4094,-10042,15350,insert_bolts_hand_tighten
1918003,1480,-10412,3716,-5827,-8565,12295,insert_bolts_hand_tighten
1918025,964,-11304,3552,-4113,-6812,8328,insert_bolts_hand_tighten
1918047,780,-10456,2840,-2338,-4946,4724,insert_bolts_hand_tighten
1918069,1176,-10000,4268,-2895,-3011,2140,insert_bolts_hand_tighten
1918091,1092,-10568,4556,-5436,-2147,914,insert_bolts_hand_tighten
1918113,832,-13896,3028,-4647,-1296,150,insert_bolts_hand_tighten
1918135,508,-14028,2216,-4899,269,-823,insert_bolts_hand_tighten
1918157,-248,-15620,1116,-6299,1150,-1528,insert_bolts_hand_tighten
1918179,-1032,-16500,1000,-7992,2037,-2021,insert_bolts_hand_tighten
1918201,-2340,-16840,-664,-6076,1497,-1795,insert_bolts_hand_tighten
1918223,-2708,-16196,-2752,-5641,503,-1239,insert_bolts_hand_tighten
1918245,-2832,-16992,-2652,-4083,-703,-1084,insert_bolts_hand_tighten
1918267,-2808,-16988,-2476,-1383,-1128,-1269,insert_bolts_hand_tighten
1918289,-2936,-16088,-2492,1389,-2149,-1820,insert_bolts_hand_tighten
1918311,-1592,-15316,808,559,-870,-1496,insert_bolts_hand_tighten
1918333,-1156,-16484,328,-2536,387,-872,insert_bolts_hand_tighten
1918355,-1508,-18564,-1528,1738,1202,-913,insert_bolts_hand_tighten
1918377,-804,-18100,-856,5962,494,247,insert_bolts_hand_tighten
1918399,-1060,-16396,-2056,7855,-281,174,insert_bolts_hand_tighten
1918421,-988,-14464,-2024,5291,-134,-138,insert_bolts_hand_tighten
1918443,-948,-15308,-2860,2409,762,-664,insert_bolts_hand_tighten
1918465,-852,-16660,-1652,4480,1333,-185,insert_bolts_hand_tighten
1918487,-1284,-15660,1124,5799,1057,738,insert_bolts_hand_tighten
1918509,-1372,-14508,2520,3958,1729,1205,insert_bolts_hand_tighten
1918531,-2036,-16272,1152,6488,1767,829,insert_bolts_hand_tighten
1918553,-1768,-15880,944,6422,2661,1478,insert_bolts_hand_tighten
1918575,-2316,-15252,1328,5653,2811,-34,insert_bolts_hand_tighten
1918597,-2160,-16808,2040,5724,1969,-857,insert_bolts_hand_tighten
1918619,-2004,-16096,2064,10608,3268,-1254,insert_bolts_hand_tighten
1918641,-1036,-15320,4048,11733,1422,1103,insert_bolts_hand_tighten
1918663,-2904,-16472,1824,10339,-47,572,insert_bolts_hand_tighten
1918685,-992,-14988,2856,6162,1137,1215,insert_bolts_hand_tighten
1918707,-2448,-16100,5380,2216,-413,1005,insert_bolts_hand_tighten
1918729,-2032,-16740,5924,2663,-690,741,insert_bolts_hand_tighten
1918751,-1980,-16348,4616,4631,-8,1849,insert_bolts_hand_tighten
1918773,-1792,-15544,4428,6336,-65,2704,insert_bolts_hand_tighten
1918795,-2340,-16096,5040,5851,283,1941,insert_bolts_hand_tighten
1918817,-2720,-16204,5424,5529,515,256,insert_bolts_hand_tighten
1918839,-2292,-15220,3904,7454,1118,330,insert_bolts_hand_tighten
1918861,-2244,-15152,4908,8758,1877,1395,insert_bolts_hand_tighten
1918883,-2264,-16696,5000,9421,1102,1601,insert_bolts_hand_tighten
1918905,-2624,-14908,7428,9512,1177,1623,insert_bolts_hand_tighten
1918927,-2848,-15848,6796,6771,-319,1907,insert_bolts_hand_tighten
1918949,-2204,-14616,5892,9742,921,2012,insert_bolts_hand_tighten
1918971,-2336,-14600,6352,9279,1283,2324,insert_bolts_hand_tighten
1918993,-2608,-13440,8696,11186,1674,3655,insert_bolts_hand_tighten
1919015,-3692,-13112,8872,8937,251,2772,insert_bolts_hand_tighten
1919037,-2536,-12480,8924,10845,1074,2413,insert_bolts_hand_tighten
1919059,-2896,-11272,8504,10009,1298,2365,insert_bolts_hand_tighten
1919081,-2148,-10848,9892,7858,1353,2315,insert_bolts_hand_tighten
1919103,-3308,-10124,11700,2817,1504,405,insert_bolts_hand_tighten
1919125,-3096,-8072,12312,-7737,1819,-1278,insert_bolts_hand_tighten
1919147,-2124,-7604,11704,-17168,1708,-2284,insert_bolts_hand_tighten
1919169,-1736,-9168,10660,-24028,3577,-5754,insert_bolts_hand_tighten
1919191,-408,-12052,9296,-19558,5881,-9147,insert_bolts_hand_tighten
1919213,-972,-10432,8852,-10444,9873,-11923,insert_bolts_hand_tighten
1919235,-448,-7460,9148,-7027,9983,-14232,insert_bolts_hand_tighten
1919257,-404,-6732,7620,-7297,9205,-17166,insert_bolts_hand_tighten
1919279,476,-7012,5432,-5381,8075,-22012,insert_bolts_hand_tighten
1919301,2800,-5480,1056,-6819,7129,-25029,insert_bolts_hand_tighten
1919323,5456,-9312,860,-6111,11849,-26405,insert_bolts_hand_tighten
1919345,5440,-14112,3228,-2957,14024,-27032,insert_bolts_hand_tighten
1919367,5732,-15472,3504,-694,16493,-28274,insert_bolts_hand_tighten
1919389,5844,-15580,2492,1461,16432,-28471,insert_bolts_hand_tighten
1919411,6304,-16100,2028,6661,14417,-27689,insert_bolts_hand_tighten
1919433,6216,-15984,2028,13687,11645,-26363,insert_bolts_hand_tighten
1919455,9272,-17160,3592,12051,6598,-23622,insert_bolts_hand_tighten
1919477,9232,-17968,5032,7502,4291,-21155,insert_bolts_hand_tighten
1919499,9188,-18792,6436,11114,3580,-18556,insert_bolts_hand_tighten
1919521,9588,-17820,6004,19521,-96,-14514,insert_bolts_hand_tighten
1919543,9532,-15264,5508,22881,-2313,-10952,insert_bolts_hand_tighten
1919565,10372,-13788,8268,20647,-4332,-8259,insert_bolts_hand_tighten
1919587,10692,-12680,10500,21233,-4011,-7424,insert_bolts_hand_tighten
1919609,10864,-10380,11552,24711,-2488,-6556,insert_bolts_hand_tighten
1919631,11028,-7944,12548,24101,-2690,-5632,insert_bolts_hand_tighten
1919653,12208,-8132,12816,21022,-4450,-6823,insert_bolts_hand_tighten
1919675,12928,-5260,12600,16421,-4969,-6859,insert_bolts_hand_tighten
1919697,13644,-3348,12780,4740,-4975,-6884,insert_bolts_hand_tighten
1919719,14068,-5232,13616,113,-3093,-5168,insert_bolts_hand_tighten
1919741,13628,-7648,13516,4021,-1697,-3165,insert_bolts_hand_tighten
1919763,13160,-7064,11948,10273,-257,-1009,insert_bolts_hand_tighten
1919785,12560,-3768,12360,9057,168,-93,insert_bolts_hand_tighten
1919807,12732,-2348,12964,1811,-1130,-86,insert_bolts_hand_tighten
1919829,12568,-3208,12156,-2183,-2611,-932,insert_bolts_hand_tighten
1919851,12552,-5756,10496,80,-757,-1470,insert_bolts_hand_tighten
1919873,13056,-4476,12176,5125,1771,-144,insert_bolts_hand_tighten
1919895,11608,-2336,12476,4961,1660,38,insert_bolts_hand_tighten
1919917,12256,-3248,12800,1756,-159,-288,insert_bolts_hand_tighten
1919939,13520,-4044,12480,3207,-243,1057,insert_bolts_hand_tighten
1919961,14684,-3944,13668,6763,1075,3420,insert_bolts_hand_tighten
1919983,14748,-5084,12936,9081,250,4023,insert_bolts_hand_tighten
1920005,12004,-1628,12412,4359,2051,2897,insert_bolts_hand_tighten
1920027,13268,-1384,11684,3342,322,3150,insert_bolts_hand_tighten
1920049,13696,-2408,13056,-2182,-581,3923,insert_bolts_hand_tighten
1920071,16620,-5776,15084,-7550,-34,5879,insert_bolts_hand_tighten
1920093,17516,-10112,17612,-15293,2325,8810,insert_bolts_hand_tighten
1920115,18496,-10712,16652,-22565,3989,13518,insert_bolts_hand_tighten
1920137,17872,-12656,15168,-31370,344,18382,insert_bolts_hand_tighten
1920159,16568,-15100,14748,-32768,-1052,23996,insert_bolts_hand_tighten
1920181,15748,-17380,11720,-30210,-4546,29924,insert_bolts_hand_tighten
1920203,14912,-18876,9120,-28820,-3361,32767,insert_bolts_hand_tighten
1920225,11688,-17252,5692,-30934,-2400,32767,insert_bolts_hand_tighten
1920247,7832,-15728,3704,-30531,-4635,32767,insert_bolts_hand_tighten
1920269,5756,-14484,3416,-25414,-7071,32437,insert_bolts_hand_tighten
1920291,4540,-11980,3612,-21771,-7563,31185,insert_bolts_hand_tighten
1920313,3084,-10484,3640,-17598,-6151,29436,insert_bolts_hand_tighten
1920335,2200,-9296,3004,-15729,-6569,26438,insert_bolts_hand_tighten
1920357,1408,-7892,2388,-15887,-6811,22266,insert_bolts_hand_tighten
1920379,744,-9000,1732,-12219,-9112,19297,insert_bolts_hand_tighten
1920401,-196,-8488,4088,-3063,-9167,17247,insert_bolts_hand_tighten
1920423,284,-10276,2476,3480,-9649,13600,insert_bolts_hand_tighten
1920445,392,-9908,3116,6594,-8154,10052,insert_bolts_hand_tighten
1920467,24,-10184,3680,6922,-6598,7176,insert_bolts_hand_tighten
1920489,-860,-11088,4652,5252,-5178,5717,insert_bolts_hand_tighten
1920511,-1544,-14104,3800,5681,-4156,3206,insert_bolts_hand_tighten
1920533,-1420,-13700,5196,11781,-1662,591,insert_bolts_hand_tighten
1920555,-2604,-11540,5340,11622,884,-1369,insert_bolts_hand_tighten
1920577,-2156,-13216,4516,8291,-144,-1673,insert_bolts_hand_tighten
1920599,-2648,-13964,3392,5400,122,-1149,insert_bolts_hand_tighten
1920621,-2700,-15212,2152,3413,-217,-643,insert_bolts_hand_tighten
1920643,-3324,-15516,3544,3680,-687,-1453,insert_bolts_hand_tighten
1920665,-3568,-14984,2120,3167,-1201,-966,insert_bolts_hand_tighten
1920687,-3440,-15072,5656,-2018,946,-1255,insert_bolts_hand_tighten
1920709,-3136,-15680,5304,-1462,129,-412,insert_bolts_hand_tighten
1920731,-3632,-17532,3560,-1677,148,1016,insert_bolts_hand_tighten
1920753,-3968,-14480,4844,3640,608,2,insert_bolts_hand_tighten
1920775,-3644,-15192,3448,1866,216,-311,insert_bolts_hand_tighten
1920797,-2920,-14952,3496,-435,356,-1124,insert_bolts_hand_tighten
1920819,-2496,-15368,4264,-1408,-146,-904,insert_bolts_hand_tighten
1920841,-2476,-16332,5460,-1181,462,-664,insert_bolts_hand_tighten
1920863,-2300,-16176,4660,-178,1371,-339,insert_bolts_hand_tighten
1920885,-2476,-16104,3464,519,1151,-548,insert_bolts_hand_tighten
1920907,-2768,-15384,3796,2311,1136,-990,insert_bolts_hand_tighten
1920929,-2908,-14880,4236,447,103,-1239,insert_bolts_hand_tighten
1920951,-2596,-15472,4652,-449,637,-1334,insert_bolts_hand_tighten
1920973,-2536,-15688,4756,977,830,-947,insert_bolts_hand_tighten
1920995,-2824,-15272,3940,1857,841,-967,insert_bolts_hand_tighten
1921017,-2732,-15028,3608,226,600,-1198,insert_bolts_hand_tighten
1921039,-2076,-14200,4728,1069,791,-1837,insert_bolts_hand_tighten
1921061,-2300,-13604,4368,-1062,-25,-2433,insert_bolts_hand_tighten
1921083,100,-14708,6796,-683,-832,-1441,insert_bolts_hand_tighten
1921105,-2348,-16496,3372,-3506,658,-3184,insert_bolts_hand_tighten
1921127,-1240,-17388,4236,-20,1040,-1843,insert_bolts_hand_tighten
1921149,-2060,-16988,4228,1026,-274,-1208,insert_bolts_hand_tighten
1921171,-2352,-15732,5012,3250,626,-106,insert_bolts_hand_tighten
1921193,-2544,-15856,5420,3074,-187,-16,insert_bolts_hand_tighten
1921215,-2948,-14604,3780,4597,-112,-1046,insert_bolts_hand_tighten
1921237,-860,-15844,6120,3219,1003,-396,insert_bolts_hand_tighten
1921259,-1688,-15932,6988,7043,341,934,insert_bolts_hand_tighten
1921281,-1680,-15936,7192,7457,120,2004,insert_bolts_hand_tighten
1921303,-1824,-14832,6852,6535,79,2273,insert_bolts_hand_tighten
1921325,-2776,-14900,6796,7026,464,2204,insert_bolts_hand_tighten
1921347,-2684,-15488,7640,8280,-772,2151,insert_bolts_hand_tighten
1921369,-2876,-13932,7676,8036,-780,2742,insert_bolts_hand_tighten
1921391,-2800,-13908,6960,7361,-137,3459,insert_bolts_hand_tighten
1921413,-3812,-15000,8024,7694,453,3109,insert_bolts_hand_tighten
1921435,-3980,-14520,8552,8704,-564,3302,insert_bolts_hand_tighten
1921457,-3524,-13448,8136,8260,-1605,3227,insert_bolts_hand_tighten
1921479,-3672,-12936,8064,4847,-1978,2613,insert_bolts_hand_tighten
1921501,-3600,-13600,6092,2234,-1834,2265,insert_bolts_hand_tighten
1921523,-3584,-14028,5452,2424,-295,1587,insert_bolts_hand_tighten
1921545,-3476,-15716,6216,4318,-1599,2168,insert_bolts_hand_tighten
1921567,-4340,-8220,-2740,-8672,-3173,2825,insert_bolts_hand_tighten
1921589,-3908,-15108,3396,-32768,-1456,-7154,insert_bolts_hand_tighten
1921611,-1516,-21952,16264,-17295,205,-6052,insert_bolts_hand_tighten
1921633,-904,-14136,18772,-663,5363,-2101,insert_bolts_hand_tighten
1921655,760,-13360,8188,4063,7574,-2219,insert_bolts_hand_tighten
1921677,-284,-14004,4324,4654,5250,-2800,insert_bolts_hand_tighten
1921699,-132,-12160,8512,2942,3497,-3505,insert_bolts_hand_tighten
1921721,-1016,-12536,10008,43,1065,-4468,insert_bolts_hand_tighten
1921743,-2016,-13732,9128,439,40,-5048,insert_bolts_hand_tighten
1921765,-1384,-16736,8592,4682,392,-3666,insert_bolts_hand_tighten
1921787,-2100,-15212,8304,8698,-1093,399,insert_bolts_hand_tighten
1921809,-2472,-15304,7540,5434,-1843,836,insert_bolts_hand_tighten
1921831,-3776,-14948,8844,705,546,-970,insert_bolts_hand_tighten
1921853,-4676,-16144,8324,5582,750,-2323,insert_bolts_hand_tighten
1921875,-2916,-12832,6972,8419,613,-1392,insert_bolts_hand_tighten
1921897,-4280,-15040,7784,-8840,769,-1055,insert_bolts_hand_tighten
1921919,-1164,-16724,8184,-5539,1071,-605,insert_bolts_hand_tighten
1921941,-1504,-15408,8784,-1990,631,1820,insert_bolts_hand_tighten
1921963,-1464,-13092,8296,-4086,797,303,insert_bolts_hand_tighten
1921985,-656,-14032,6700,-3780,501,-115,insert_bolts_hand_tighten
1922007,-828,-16308,6872,-484,-23,534,insert_bolts_hand_tighten
1922029,-1188,-13824,7648,880,66,1153,insert_bolts_hand_tighten
1922051,-2204,-14732,7588,-1021,-585,872,insert_bolts_hand_tighten
1922073,-1468,-15248,7612,1263,43,1256,insert_bolts_hand_tighten
1922095,-1956,-15152,7624,3959,50,1650,insert_bolts_hand_tighten
1922117,-2844,-13792,8044,3746,85,1332,insert_bolts_hand_tighten
1922139,-3016,-13268,8208,1237,-407,840,insert_bolts_hand_tighten
1922161,-2764,-12960,8156,-867,-251,-46,insert_bolts_hand_tighten
1922183,-2444,-13728,7912,-1283,12,-219,insert_bolts_hand_tighten
1922205,-2568,-13456,9088,-631,79,-22,insert_bolts_hand_tighten
1922227,-2552,-13676,9184,-2287,-545,-200,insert_bolts_hand_tighten
1922249,-2052,-14720,7972,-1517,-1295,-195,insert_bolts_hand_tighten
1922271,-440,-15796,7228,-1152,-2779,1300,insert_bolts_hand_tighten
1922293,-1284,-14316,8140,1809,756,-23,insert_bolts_hand_tighten
1922315,-960,-13948,7524,2621,284,440,insert_bolts_hand_tighten
1922337,-1116,-14148,7208,2511,651,998,insert_bolts_hand_tighten
1922359,-1152,-14920,8048,1353,1043,1859,insert_bolts_hand_tighten
1922381,-1376,-14868,8492,1463,693,1826,insert_bolts_hand_tighten
1922403,-1916,-14968,9224,-1517,1327,2190,insert_bolts_hand_tighten
1922425,-2840,-14068,8852,-1551,1918,1865,insert_bolts_hand_tighten
1922447,-3248,-14532,8796,-1430,2369,1998,insert_bolts_hand_tighten
1922469,-3468,-15060,8748,372,2162,2085,insert_bolts_hand_tighten
1922491,-3300,-14700,8028,3229,1413,2335,insert_bolts_hand_tighten
1922513,-2712,-14060,8752,9435,1761,1564,insert_bolts_hand_tighten
1922535,-3216,-12048,8004,11058,194,1774,insert_bolts_hand_tighten
1922557,-2508,-11180,8104,6650,-1038,2242,insert_bolts_hand_tighten
1922579,-2108,-10236,9300,1352,182,1294,insert_bolts_hand_tighten
1922601,-3272,-11668,9656,-1215,670,760,insert_bolts_hand_tighten
1922623,-3084,-13768,9708,-1241,525,585,insert_bolts_hand_tighten
1922645,-2496,-12976,9320,504,775,392,insert_bolts_hand_tighten
1922667,-2936,-13188,8852,857,581,274,insert_bolts_hand_tighten
1922689,-3036,-11908,9356,-374,664,42,insert_bolts_hand_tighten
1922711,-3040,-11464,9132,-3245,711,-486,insert_bolts_hand_tighten
1922733,-3148,-11920,9352,-5666,1180,-741,insert_bolts_hand_tighten
1922755,-3252,-12808,9680,-7588,814,-934,insert_bolts_hand_tighten
1922777,-2676,-13692,8280,-3140,594,-1692,insert_bolts_hand_tighten
1922799,-3408,-15132,8368,-569,1481,-1519,insert_bolts_hand_tighten
1922821,-2908,-13600,8364,-1418,988,-494,insert_bolts_hand_tighten
1922843,-3184,-12852,8688,-2941,531,-315,insert_bolts_hand_tighten
1922865,-2848,-13380,8272,-4996,22,-182,insert_bolts_hand_tighten
1922887,-2896,-14520,6928,-6873,-124,-579,insert_bolts_hand_tighten
1922909,-2564,-14444,7312,-3593,306,-388,insert_bolts_hand_tighten
1922931,-3212,-15064,8168,-1432,526,-540,insert_bolts_hand_tighten
1922953,-3268,-13008,10212,-1002,329,-176,insert_bolts_hand_tighten
1922975,-3348,-11696,11528,-1533,102,721,insert_bolts_hand_tighten
1922997,-3356,-12400,9508,-2083,-1574,887,insert_bolts_hand_tighten
1923019,-3304,-13272,8300,-3590,-931,682,insert_bolts_hand_tighten
1923041,-2744,-14740,6740,-2999,-566,168,insert_bolts_hand_tighten
1923063,-3048,-17308,6428,1251,-619,235,insert_bolts_hand_tighten
1923085,-3788,-14684,7728,2172,-147,899,insert_bolts_hand_tighten
1923107,-3496,-13416,7972,529,-201,436,insert_bolts_hand_tighten
1923129,-2996,-12904,8092,148,-626,493,insert_bolts_hand_tighten
1923151,-2760,-15192,8720,-852,-918,257,insert_bolts_hand_tighten
1923173,-2688,-15956,7572,3442,-152,359,insert_bolts_hand_tighten
1923195,-3532,-14596,6968,4579,-686,1109,insert_bolts_hand_tighten
1923217,-3628,-12972,7496,2247,-1946,1409,insert_bolts_hand_tighten
1923239,-3140,-13384,8744,-287,-1773,823,insert_bolts_hand_tighten
1923261,-2868,-15084,8828,2346,-1228,999,insert_bolts_hand_tighten
1923283,-3140,-15292,8752,4406,-965,1921,insert_bolts_hand_tighten
1923305,-3684,-14100,8016,7334,-1478,1457,insert_bolts_hand_tighten
1923327,-3788,-10932,8000,6349,-1280,593,insert_bolts_hand_tighten
1923349,-2504,-12240,7952,1908,-3582,1136,insert_bolts_hand_tighten
1923371,-2404,-14160,8488,1239,-2094,1339,insert_bolts_hand_tighten
1923393,-2524,-15244,8468,6217,-2366,2480,insert_bolts_hand_tighten
1923415,-2660,-14720,7216,11108,-3695,3428,insert_bolts_hand_tighten
1923437,-3524,-10740,10344,11214,-3114,3987,insert_bolts_hand_tighten
1923459,-3636,-11056,10428,8809,-3709,3091,insert_bolts_hand_tighten
1923481,-2976,-8352,13692,9187,-1485,668,insert_bolts_hand_tighten
1923503,-3280,-9776,13260,6523,-649,197,insert_bolts_hand_tighten
1923525,-3076,-10272,12572,6401,-184,156,insert_bolts_hand_tighten
1923547,-2496,-11268,12944,6242,-254,1287,insert_bolts_hand_tighten
1923569,-3344,-10548,13564,7453,-1871,2095,insert_bolts_hand_tighten
1923591,-2884,-7652,13684,4069,-2446,2822,insert_bolts_hand_tighten
1923613,-3152,-8340,13944,-2045,-2473,3102,insert_bolts_hand_tighten
1923635,-3156,-10936,12792,-4612,-2287,2871,insert_bolts_hand_tighten
1923657,-3584,-12432,12604,285,-672,2370,insert_bolts_hand_tighten
1923679,-4800,-12152,12640,4166,-1372,2540,insert_bolts_hand_tighten
1923701,-4204,-10156,12772,3943,-2759,2865,insert_bolts_hand_tighten
1923723,-3752,-10976,12232,2866,-1272,2040,insert_bolts_hand_tighten
1923745,-3740,-10900,12812,5583,-1738,1713,insert_bolts_hand_tighten
1923767,-2912,-8524,14028,6379,-2513,2228,insert_bolts_hand_tighten
1923789,-2956,-9068,13336,4255,-1587,1873,insert_bolts_hand_tighten
1923811,-3228,-8176,13056,1622,-1632,992,insert_bolts_hand_tighten
1923833,-2608,-8076,12824,-354,-1518,505,insert_bolts_hand_tighten
1923855,-2692,-8820,11696,-1565,-825,632,insert_bolts_hand_tighten
1923877,-2792,-11180,11736,789,274,777,insert_bolts_hand_tighten
1923899,-3300,-9872,12648,2131,-104,1201,insert_bolts_hand_tighten
1923921,-2716,-8312,14368,-752,171,1631,insert_bolts_hand_tighten
1923943,-3080,-8180,14476,-2381,485,1555,insert_bolts_hand_tighten
1923965,-3124,-9888,13160,-3248,836,1319,insert_bolts_hand_tighten
1923987,-3604,-10588,12772,957,1021,571,insert_bolts_hand_tighten
1924009,-3608,-9288,13044,2858,-247,199,insert_bolts_hand_tighten
1924031,-2924,-8572,13992,246,-617,43,insert_bolts_hand_tighten
1924053,-2880,-10612,14344,2217,-202,223,insert_bolts_hand_tighten
1924075,-3268,-11388,14048,8752,-360,1171,insert_bolts_hand_tighten
1924097,-3024,-8816,15148,10418,4,1901,insert_bolts_hand_tighten
1924119,-3344,-7268,15048,6701,54,2468,insert_bolts_hand_tighten
1924141,-3880,-9208,13932,4944,133,2253,insert_bolts_hand_tighten
1924163,-3816,-10084,13860,7780,-847,2019,insert_bolts_hand_tighten
1924185,-3408,-6188,14184,9105,-1851,1930,insert_bolts_hand_tighten
1924207,-2904,-5000,13836,5435,-1221,1862,insert_bolts_hand_tighten
1924229,-2784,-6736,13716,4279,-1045,1329,insert_bolts_hand_tighten
1924251,-2944,-7248,14868,6440,-1616,197,insert_bolts_hand_tighten
1924273,-3024,-5320,15400,7250,-1997,-1041,insert_bolts_hand_tighten
1924295,-1200,-1740,16852,2857,-1789,-1607,insert_bolts_hand_tighten
1924317,-3188,-6600,14592,1152,852,-2210,insert_bolts_hand_tighten
1924339,-2536,-5644,14320,1524,-984,-2601,insert_bolts_hand_tighten
1924361,-2480,-5484,14088,-462,385,-2707,insert_bolts_hand_tighten
1924383,-2472,-5128,15176,-2740,291,-2502,insert_bolts_hand_tighten
1924405,-1976,-3468,15648,-6858,-598,-1704,insert_bolts_hand_tighten
1924427,-2228,-8048,15224,-9040,1084,-1967,insert_bolts_hand_tighten
1924449,-2412,-8120,15444,-5717,750,-1840,insert_bolts_hand_tighten
1924471,-2724,-6924,14956,-6136,1286,-1922,insert_bolts_hand_tighten
1924493,-3088,-5104,14408,-9317,623,-2125,insert_bolts_hand_tighten
1924515,-2212,-4916,15328,-14411,915,-2616,insert_bolts_hand_tighten
1924537,-2356,-8816,14668,-13703,2454,-3276,insert_bolts_hand_tighten
1924559,-2868,-10960,15832,-7170,3405,-4166,insert_bolts_hand_tighten
1924581,-2736,-9540,14016,-2269,2438,-3753,insert_bolts_hand_tighten
1924603,-3060,-6544,14268,-8663,1360,-2286,insert_bolts_hand_tighten
1924625,-2568,-7244,11524,-15674,890,-729,insert_bolts_hand_tighten
1924647,-2408,-17132,10628,-8082,2395,722,insert_bolts_hand_tighten
1924669,-3600,-15240,11580,8697,1066,2620,insert_bolts_hand_tighten
1924691,-3388,-9912,13580,9958,-1986,4575,insert_bolts_hand_tighten
1924713,-2228,-6964,15092,6716,-3553,2871,insert_bolts_hand_tighten
1924735,-2716,-9832,14596,9390,-515,619,insert_bolts_hand_tighten
1924757,-2684,-8560,14652,13732,-1012,-297,insert_bolts_hand_tighten
1924779,-2808,-5820,13484,9217,-1835,-1186,insert_bolts_hand_tighten
1924801,-2652,-6764,13660,5663,-920,-1290,insert_bolts_hand_tighten
1924823,-1920,-6452,15528,3740,-1215,-156,insert_bolts_hand_tighten
1924845,-808,-4532,17252,699,-1031,2169,insert_bolts_hand_tighten
1924867,-1860,-8000,16244,1641,1241,2982,insert_bolts_hand_tighten
1924889,-1880,-7152,16132,689,-47,3578,insert_bolts_hand_tighten
1924911,-2556,-6868,15552,235,-762,2888,insert_bolts_hand_tighten
1924933,-1788,-5688,16160,-1014,-1918,4428,insert_bolts_hand_tighten
1924955,-3052,-7772,15124,515,-1246,3021,insert_bolts_hand_tighten
1924977,-3224,-6960,12864,2418,-1338,1067,insert_bolts_hand_tighten
1924999,-3936,-5848,12800,330,-646,-468,insert_bolts_hand_tighten
1925021,-3312,-5532,13156,-3449,159,-1644,insert_bolts_hand_tighten
1925043,-2900,-9320,14260,-1298,99,-2114,insert_bolts_hand_tighten
1925065,-3148,-10652,15272,3303,-914,-1792,insert_bolts_hand_tighten
1925087,-3068,-7180,14584,3576,-1141,-1704,insert_bolts_hand_tighten
1925109,-1192,-5216,16128,-1603,423,-1013,insert_bolts_hand_tighten
1925131,-2668,-7456,14804,-835,1694,-1637,insert_bolts_hand_tighten
1925153,-2420,-7348,15088,-788,1764,-2883,insert_bolts_hand_tighten
1925175,-1940,-6464,14024,1393,-905,-2404,insert_bolts_hand_tighten
1925197,-1224,-6268,15444,857,1204,-3473,insert_bolts_hand_tighten
1925219,-1400,-5324,14700,515,671,-2496,insert_bolts_hand_tighten
1925241,-1344,-7016,14324,-2005,-304,-2248,insert_bolts_hand_tighten
1925263,-1160,-7884,15432,157,423,-3589,insert_bolts_hand_tighten
1925285,-1344,-6268,16524,1470,730,-4550,insert_bolts_hand_tighten
1925307,-1284,-6816,16460,-2718,418,-3558,insert_bolts_hand_tighten
1925329,-1096,-6268,15572,-3946,-83,-543,insert_bolts_hand_tighten
1925351,-1540,-8332,16152,-4788,479,1762,insert_bolts_hand_tighten
1925373,-1824,-8228,16000,-6008,1342,3053,insert_bolts_hand_tighten
1925395,-2304,-9076,16292,-6221,843,4666,insert_bolts_hand_tighten
1925417,-2828,-10792,14360,-4343,-295,3730,insert_bolts_hand_tighten
1925439,-2792,-7460,15244,593,-1986,3413,insert_bolts_hand_tighten
1925461,-2592,-7432,12176,1348,-2201,2653,insert_bolts_hand_tighten
1925483,-2212,-5916,9960,-2848,-974,1782,insert_bolts_hand_tighten
1925505,-644,-5668,12696,-7398,-1551,1497,insert_bolts_hand_tighten
1925527,588,-5656,16480,-11265,-1573,691,insert_bolts_hand_tighten
1925549,560,-8652,17168,-4378,1547,-1788,insert_bolts_hand_tighten
1925571,-1688,-6492,12212,-6549,410,-2512,insert_bolts_hand_tighten
1925593,-2100,-13656,9324,-4650,1739,-3326,insert_bolts_hand_tighten
1925615,-2420,-11364,11516,148,-983,-3676,insert_bolts_hand_tighten
1925637,-2156,-9104,14548,-2727,1887,-4680,insert_bolts_hand_tighten
1925659,436,-10496,16136,-810,-1181,-1044,insert_bolts_hand_tighten
1925681,-640,-11844,14716,1155,879,-942,insert_bolts_hand_tighten
1925703,-2080,-8380,14100,508,31,-856,insert_bolts_hand_tighten
1925725,-1708,-9308,14740,-1333,623,-1017,insert_bolts_hand_tighten
1925747,-1900,-7224,14380,-2934,2009,-1579,insert_bolts_hand_tighten
1925769,-2032,-8084,13772,-4541,2486,-807,insert_bolts_hand_tighten
1925791,-3460,-6856,16128,-5568,2194,111,insert_bolts_hand_tighten
1925813,-2676,-11768,15632,-4551,2456,-447,insert_bolts_hand_tighten
1925835,-3436,-10168,14284,-1429,1918,-1634,insert_bolts_hand_tighten
1925857,-3084,-9816,12672,-2550,1649,-2481,insert_bolts_hand_tighten
1925879,-2480,-9752,11744,-1648,690,-1706,insert_bolts_hand_tighten
1925901,-1700,-10868,12532,168,804,-622,insert_bolts_hand_tighten
1925923,-1612,-11768,13464,2815,-1169,-268,insert_bolts_hand_tighten
1925945,-1032,-9616,14620,853,-966,-864,insert_bolts_hand_tighten
1925967,-964,-10600,11976,-2281,-1198,-1026,insert_bolts_hand_tighten
1925989,-584,-12220,11764,-953,-288,-1235,insert_bolts_hand_tighten
1926011,-932,-11780,12224,2485,304,-754,insert_bolts_hand_tighten
1926033,-908,-9936,12996,3563,328,-329,insert_bolts_hand_tighten
1926055,-1344,-8856,12836,2562,-321,-629,insert_bolts_hand_tighten
1926077,-760,-8984,13008,639,-56,158,insert_bolts_hand_tighten
1926099,-1576,-9216,12416,-27,588,-255,insert_bolts_hand_tighten
1926121,-2004,-10292,11908,-1062,597,-1341,insert_bolts_hand_tighten
1926143,-2244,-10856,11768,-953,192,-2147,insert_bolts_hand_tighten
1926165,-2340,-10828,12420,-1303,-605,-2493,insert_bolts_hand_tighten
1926187,-1016,-9960,12376,-565,-1370,-1434,insert_bolts_hand_tighten
1926209,-420,-10572,13652,2907,396,282,insert_bolts_hand_tighten
1926231,-240,-10316,13992,3001,235,1070,insert_bolts_hand_tighten
1926253,-180,-9288,13088,2345,1119,853,insert_bolts_hand_tighten
1926275,-40,-8660,13040,619,2061,169,insert_bolts_hand_tighten
1926297,-324,-8772,13332,-2760,4398,-357,insert_bolts_hand_tighten
1926319,-1144,-10088,13248,-4113,4786,-1607,insert_bolts_hand_tighten
1926341,-1632,-9224,14464,-5389,5326,-2012,insert_bolts_hand_tighten
1926363,-1924,-9196,14060,-7570,4984,-1939,insert_bolts_hand_tighten
1926385,-1888,-10412,12452,-10801,3787,-1642,insert_bolts_hand_tighten
1926407,-1948,-13116,10696,-10708,4744,-1681,insert_bolts_hand_tighten
1926429,-1788,-14028,11260,-4687,5498,-1028,insert_bolts_hand_tighten
1926451,-1836,-12680,12144,1581,411,1636,insert_bolts_hand_tighten
1926473,-2232,-10932,11488,-283,1478,1768,insert_bolts_hand_tighten
1926495,-1756,-11660,10660,-2207,-206,2348,insert_bolts_hand_tighten
1926517,-1536,-11980,10404,-2942,196,2273,insert_bolts_hand_tighten
1926539,-1948,-12552,12308,-1513,302,2127,insert_bolts_hand_tighten
1926561,-1824,-11272,12616,-126,307,1958,insert_bolts_hand_tighten
1926583,-2172,-11276,11540,-405,-220,1517,insert_bolts_hand_tighten
1926605,-1876,-10296,12012,593,1114,326,insert_bolts_hand_tighten
1926627,-2368,-9964,11960,-1710,1247,-169,insert_bolts_hand_tighten
1926649,-2364,-11132,11700,-3810,1182,-534,insert_bolts_hand_tighten
1926671,-2136,-12716,10908,-3351,1402,-1301,insert_bolts_hand_tighten
1926693,-1860,-13356,10716,-702,1679,-750,insert_bolts_hand_tighten
1926715,-2376,-10992,10020,-743,1365,-1017,insert_bolts_hand_tighten
1926737,-2472,-11632,10064,-3106,194,-537,insert_bolts_hand_tighten
1926759,-1792,-11352,11584,-5921,-120,-838,insert_bolts_hand_tighten
1926781,-2464,-10972,12000,-6495,657,-1645,insert_bolts_hand_tighten
1926803,-2004,-12552,10656,-6071,1507,-1918,insert_bolts_hand_tighten
1926825,-2284,-13388,10328,-7771,1886,-1988,insert_bolts_hand_tighten
1926847,-2176,-13216,10856,-7471,1303,-1396,insert_bolts_hand_tighten
1926869,-2288,-13336,10424,-8145,348,-911,insert_bolts_hand_tighten
1926891,-1844,-12972,9644,-8874,334,-1271,insert_bolts_hand_tighten
1926913,-1660,-14560,8560,-5460,442,-1607,insert_bolts_hand_tighten
1926935,-1876,-13724,9296,-3983,1097,-1022,insert_bolts_hand_tighten
1926957,-1896,-13508,9432,-4685,-325,-676,insert_bolts_hand_tighten
1926979,-1888,-13304,8232,-6224,-379,-1182,insert_bolts_hand_tighten
1927001,-1900,-14988,6836,-5849,653,-1774,insert_bolts_hand_tighten
1927023,-960,-14960,7404,-3771,1730,-864,insert_bolts_hand_tighten
1927045,-1456,-14396,9208,-852,1592,-142,insert_bolts_hand_tighten
1927067,-2076,-13268,10148,-2078,709,650,insert_bolts_hand_tighten
1927089,-1496,-14968,9484,-3886,71,694,insert_bolts_hand_tighten
1927111,-1568,-14468,8784,-2091,401,-216,insert_bolts_hand_tighten
1927133,-1424,-14392,8108,-805,-204,166,insert_bolts_hand_tighten
1927155,-1880,-14052,7572,-1414,-1126,329,insert_bolts_hand_tighten
1927177,-1648,-13640,7920,-2398,-1531,43,insert_bolts_hand_tighten
1927199,-2004,-12380,7176,-2735,-2203,-403,insert_bolts_hand_tighten
1927221,-1432,-12720,6372,-2916,-2096,-554,insert_bolts_hand_tighten
1927243,-1548,-13336,7500,-2900,-868,-726,insert_bolts_hand_tighten
1927265,-2148,-13608,6672,-3338,-618,-1366,insert_bolts_hand_tighten
1927287,-2436,-13700,7188,-5979,939,-2066,insert_bolts_hand_tighten
1927309,-1696,-15740,5416,-5855,299,-2034,insert_bolts_hand_tighten
1927331,-2332,-16016,5640,-3856,1314,-1756,insert_bolts_hand_tighten
1927353,-1772,-15284,5928,-3819,552,-1351,insert_bolts_hand_tighten
1927375,-1520,-16748,5980,-4490,-643,-793,insert_bolts_hand_tighten
1927397,-1256,-16352,6164,-3003,-1448,10,insert_bolts_hand_tighten
1927419,-1196,-14792,4924,-2036,-1996,30,insert_bolts_hand_tighten
1927441,-736,-15348,5744,-3004,-2635,701,insert_bolts_hand_tighten
1927463,-1492,-16132,6820,-1157,-1705,412,insert_bolts_hand_tighten
1927485,-1312,-15632,6136,-1385,-2181,244,insert_bolts_hand_tighten
1927507,-1668,-15668,5376,4217,-1447,-148,insert_bolts_hand_tighten
1927529,-1520,-13128,6000,6264,-1401,-294,insert_bolts_hand_tighten
1927551,-1228,-12588,4648,2099,-1745,728,insert_bolts_hand_tighten
1927573,-1312,-17228,5436,-1113,-2162,1211,insert_bolts_hand_tighten
1927595,304,-20548,7224,2488,-742,2096,insert_bolts_hand_tighten
1927617,-444,-18500,8148,13902,885,2246,insert_bolts_hand_tighten
1927639,4,-13796,9252,16305,920,2846,insert_bolts_hand_tighten
1927661,-468,-11976,10208,12795,325,3219,insert_bolts_hand_tighten
1927683,-1152,-9968,10500,9413,293,2854,insert_bolts_hand_tighten
1927705,-1184,-11788,10172,7067,-653,3411,insert_bolts_hand_tighten
1927727,-2112,-12580,9572,9078,-755,3832,insert_bolts_hand_tighten
1927749,-2528,-11320,10096,8909,-1632,5220,insert_bolts_hand_tighten
1927771,-2612,-10720,10268,3494,-4277,6232,insert_bolts_hand_tighten
1927793,-2568,-13048,8432,2283,-3042,3360,insert_bolts_hand_tighten
1927815,-3960,-14128,8240,4392,-187,276,insert_bolts_hand_tighten
1927837,-4296,-14460,9128,6652,-605,34,insert_bolts_hand_tighten
1927859,-3712,-14980,9412,7292,-2140,962,insert_bolts_hand_tighten
1927881,-2588,-10032,10312,4367,-3111,1150,insert_bolts_hand_tighten
1927903,-1524,-11812,11304,1715,-833,552,insert_bolts_hand_tighten
1927925,-908,-12172,11952,4208,-290,70,insert_bolts_hand_tighten
1927947,-1184,-13004,11628,7097,255,358,insert_bolts_hand_tighten
1927969,-1976,-12204,11552,7782,-398,347,insert_bolts_hand_tighten
1927991,-2160,-9944,11980,5760,-1726,372,insert_bolts_hand_tighten
1928013,-2168,-10108,11736,2917,-1793,-108,insert_bolts_hand_tighten
1928035,-2324,-9840,11072,1772,-1853,-1322,insert_bolts_hand_tighten
1928057,-944,-9976,10852,-1323,-2542,-404,insert_bolts_hand_tighten
1928079,-1288,-11676,12876,-1944,-181,-422,insert_bolts_hand_tighten
1928101,-528,-10532,13440,938,-1239,-171,insert_bolts_hand_tighten
1928123,-512,-10312,14240,-2,-828,-346,insert_bolts_hand_tighten
1928145,-324,-8956,14556,-3014,-825,-216,insert_bolts_hand_tighten
1928167,-444,-10160,11936,-4244,457,-832,insert_bolts_hand_tighten
1928189,-1376,-13956,10880,-2403,2123,-714,insert_bolts_hand_tighten
1928211,-2196,-14244,12172,1453,1319,-36,insert_bolts_hand_tighten
1928233,-2236,-11304,12196,3170,-923,273,insert_bolts_hand_tighten
1928255,-1736,-10428,11352,489,-1419,1896,insert_bolts_hand_tighten
1928277,-2132,-11596,11184,-1980,-841,2253,insert_bolts_hand_tighten
1928299,-2544,-11064,11152,-2892,-750,2473,insert_bolts_hand_tighten
1928321,-2948,-14860,10344,-337,567,2994,insert_bolts_hand_tighten
1928343,-1808,-11764,10872,2448,984,2605,insert_bolts_hand_tighten
1928365,-2004,-11804,13260,-576,1811,758,insert_bolts_hand_tighten
1928387,-1000,-11096,15780,-1160,-2200,711,insert_bolts_hand_tighten
1928409,-812,-11688,12504,-815,465,-1210,insert_bolts_hand_tighten
1928431,-1548,-12616,11588,4887,1145,-556,insert_bolts_hand_tighten
1928453,-1820,-9236,12068,3704,-544,406,insert_bolts_hand_tighten
1928475,-1732,-8276,13316,-292,-2027,-389,insert_bolts_hand_tighten
1928497,-1028,-9520,12384,-1857,-1047,-545,insert_bolts_hand_tighten
1928519,-1212,-10452,11324,775,365,-706,insert_bolts_hand_tighten
1928541,-1788,-11180,12764,182,1070,104,insert_bolts_hand_tighten
1928563,-2276,-12468,12332,1183,1853,123,insert_bolts_hand_tighten
1928585,-2412,-11308,12416,3054,1150,-160,insert_bolts_hand_tighten
1928607,-2036,-11392,12456,3021,989,-48,insert_bolts_hand_tighten
1928629,-1456,-11216,12476,3862,2070,117,insert_bolts_hand_tighten
1928651,-1680,-11288,12376,3901,3400,14,insert_bolts_hand_tighten
1928673,-2108,-9772,12916,3680,3767,194,insert_bolts_hand_tighten
1928695,-2264,-9408,12232,862,2810,576,insert_bolts_hand_tighten
1928717,-2392,-10112,12612,-832,2372,983,insert_bolts_hand_tighten
1928739,-2280,-10120,11240,-881,2141,1284,insert_bolts_hand_tighten
1928761,-1936,-9596,12032,523,2558,1113,insert_bolts_hand_tighten
1928783,-2268,-9768,13040,-1115,2111,1642,insert_bolts_hand_tighten
1928805,-2448,-10956,13224,-1290,1074,1498,insert_bolts_hand_tighten
1928827,-2464,-9556,13212,-1704,1525,1173,insert_bolts_hand_tighten
1928849,-2580,-9804,13252,-3932,2111,1647,insert_bolts_hand_tighten
1928871,-3244,-10168,12124,-5200,1767,1104,insert_bolts_hand_tighten
1928893,-3700,-9684,11456,-6731,1402,672,insert_bolts_hand_tighten
1928915,-3932,-10420,10812,-7756,524,890,insert_bolts_hand_tighten
1928937,-3896,-10956,10856,-7202,-159,521,insert_bolts_hand_tighten
1928959,-3400,-11420,11668,-5240,253,680,insert_bolts_hand_tighten
1928981,-3508,-11576,12504,-3815,552,1412,insert_bolts_hand_tighten
1929003,-3548,-10624,12332,-5116,352,1618,insert_bolts_hand_tighten
1929025,-3876,-10308,10928,-8070,380,1302,insert_bolts_hand_tighten
1929047,-3192,-10700,10444,-10670,522,1162,insert_bolts_hand_tighten
1929069,-2928,-13580,10496,-10460,2371,1107,insert_bolts_hand_tighten
1929091,-3444,-14304,11160,-7737,1802,960,insert_bolts_hand_tighten
1929113,-3744,-15920,10328,-5279,1956,611,insert_bolts_hand_tighten
1929135,-3388,-14448,9496,-2948,1530,142,insert_bolts_hand_tighten
1929157,-2640,-13620,9200,-150,1327,-214,insert_bolts_hand_tighten
1929179,-2412,-11376,9384,-174,1474,-485,insert_bolts_hand_tighten
1929201,-2168,-11072,9160,-2285,1571,-848,insert_bolts_hand_tighten
1929223,-2556,-13212,9424,-1686,1263,-991,insert_bolts_hand_tighten
1929245,-2884,-14044,9080,654,1079,-896,insert_bolts_hand_tighten
1929267,-3496,-13328,9024,1368,840,-1265,insert_bolts_hand_tighten
1929289,-3692,-12876,9336,1236,-23,-1262,insert_bolts_hand_tighten
1929311,-3336,-12472,9212,599,62,-1156,insert_bolts_hand_tighten
1929333,-3732,-12568,9148,409,205,-978,insert_bolts_hand_tighten
1929355,-3376,-12476,9480,-392,495,-275,insert_bolts_hand_tighten
1929377,-3828,-13140,9512,-321,1153,54,insert_bolts_hand_tighten
1929399,-3476,-13752,10176,-780,1019,-332,insert_bolts_hand_tighten
1929421,-3264,-13412,9748,45,756,-441,insert_bolts_hand_tighten
1929443,-3112,-13196,9772,1304,763,-544,insert_bolts_hand_tighten
1929465,-2956,-12712,9748,1981,534,-485,insert_bolts_hand_tighten
1929487,-2800,-12148,9700,1023,109,-395,insert_bolts_hand_tighten
1929509,-2868,-12532,9380,614,-12,-108,insert_bolts_hand_tighten
1929531,-2960,-13320,9224,632,-181,-56,insert_bolts_hand_tighten
1929553,-3012,-12756,9504,1396,-83,-299,insert_bolts_hand_tighten
1929575,-3060,-11860,9832,355,197,-492,insert_bolts_hand_tighten
1929597,-3080,-11792,10020,-918,761,-542,insert_bolts_hand_tighten
1929619,-3120,-12692,9604,-2151,1103,-455,insert_bolts_hand_tighten
1929641,-3488,-12488,9148,-2141,1670,-373,insert_bolts_hand_tighten
1929663,-3544,-13044,9648,-2968,1559,-427,insert_bolts_hand_tighten
1929685,-3424,-12776,9612,-2171,1620,-1066,insert_bolts_hand_tighten
1929707,-3392,-12204,8996,-3016,1943,-1310,insert_bolts_hand_tighten
1929729,-3288,-12684,8436,-4837,1845,-1565,insert_bolts_hand_tighten
1929751,-3168,-13980,8300,-4775,1921,-1186,insert_bolts_hand_tighten
1929773,-3408,-14472,8576,-2571,1421,-1070,insert_bolts_hand_tighten
1929795,-3412,-13764,9208,46,1022,-1409,insert_bolts_hand_tighten
1929817,-3080,-12852,9696,679,590,-1835,insert_bolts_hand_tighten
1929839,-2556,-12624,9552,-88,1008,-2295,insert_bolts_hand_tighten
1929861,-2532,-12752,9388,-1332,1757,-2487,insert_bolts_hand_tighten
1929883,-2448,-13184,9056,-2753,2490,-2878,insert_bolts_hand_tighten
1929905,-2436,-13504,8228,-3732,3070,-3118,insert_bolts_hand_tighten
1929927,-2796,-14552,7648,-3967,3077,-2959,insert_bolts_hand_tighten
1929949,-2964,-14692,7056,-3786,2264,-2685,insert_bolts_hand_tighten
1929971,-3144,-15236,7504,-3204,1443,-2110,insert_bolts_hand_tighten
1929993,-3160,-15180,7600,-1675,46,-1553,insert_bolts_hand_tighten
1930015,-3072,-15120,6808,-19,-569,-858,insert_bolts_hand_tighten
1930037,-2716,-13532,7296,-1221,-717,-517,insert_bolts_hand_tighten
1930059,-2996,-13784,6992,-5017,71,-719,insert_bolts_hand_tighten
1930081,-2736,-15340,8284,-4983,34,-1040,insert_bolts_hand_tighten
1930103,-2172,-17092,8448,792,-428,-412,insert_bolts_hand_tighten
1930125,-2056,-16040,8488,6025,-151,226,insert_bolts_hand_tighten
1930147,-1740,-13872,9336,5495,1125,-220,insert_bolts_hand_tighten
1930169,-2172,-12624,8076,2687,863,-542,insert_bolts_hand_tighten
1930191,-2324,-12688,8620,651,1968,-1696,insert_bolts_hand_tighten
1930213,-2052,-14784,8068,526,1122,-2593,insert_bolts_hand_tighten
1930235,-2180,-14628,7568,2543,1284,-3063,insert_bolts_hand_tighten
1930257,-2072,-12816,8276,3982,1060,-1822,insert_bolts_hand_tighten
1930279,-2280,-13528,8868,1305,165,-537,insert_bolts_hand_tighten
1930301,-2164,-13592,8904,-727,-170,-333,insert_bolts_hand_tighten
1930323,-2308,-14852,8180,-2341,316,-326,insert_bolts_hand_tighten
1930345,-2580,-14904,7648,3153,-419,-750,insert_bolts_hand_tighten
1930367,-2032,-12880,9016,1537,619,-558,insert_bolts_hand_tighten
1930389,-2324,-12952,8828,1070,-811,236,insert_bolts_hand_tighten
1930411,-2004,-13828,9060,852,-3,-6,insert_bolts_hand_tighten
1930433,-1876,-14372,8848,1577,661,-57,insert_bolts_hand_tighten
1930455,-2196,-14484,9160,2309,716,-234,insert_bolts_hand_tighten
1930477,-1796,-13904,8624,1653,552,-134,insert_bolts_hand_tighten
1930499,-1644,-13168,6304,-1314,279,-832,insert_bolts_hand_tighten
1930521,-1364,-13776,6488,-3406,-162,-1776,insert_bolts_hand_tighten
1930543,-1068,-13228,8172,-2927,-708,-2121,insert_bolts_hand_tighten
1930565,-1640,-12352,9200,-939,-1140,-2690,insert_bolts_hand_tighten
1930587,-1188,-10944,10100,-647,286,-2966,insert_bolts_hand_tighten
1930609,-2344,-11172,9408,-303,1119,-3527,insert_bolts_hand_tighten
1930631,-2676,-11160,8544,-72,1471,-4329,insert_bolts_hand_tighten
1930653,-1848,-11980,8284,-1094,634,-4215,insert_bolts_hand_tighten
1930675,-1780,-11908,8264,-1808,1082,-4935,insert_bolts_hand_tighten
1930697,-724,-13548,8652,-2046,1025,-4927,insert_bolts_hand_tighten
1930719,-252,-14216,8736,-1816,684,-4720,insert_bolts_hand_tighten
1930741,-100,-13480,8476,-2721,989,-4807,insert_bolts_hand_tighten
1930763,380,-15448,6400,-7246,-76,-5769,insert_bolts_hand_tighten
1930785,1116,-17500,5940,-9151,556,-7814,insert_bolts_hand_tighten
1930807,840,-16904,4976,-4307,-992,-9665,insert_bolts_hand_tighten
1930829,1264,-12972,3196,-3395,-3085,-7890,insert_bolts_hand_tighten
1930851,-176,-10220,2632,-9873,-3710,-4787,insert_bolts_hand_tighten
1930873,-1528,-11544,5280,-16343,-2870,-7293,insert_bolts_hand_tighten
1930895,-640,-10892,6992,-14360,-2778,-9640,insert_bolts_hand_tighten
1930917,1336,-10952,8924,-12986,-2056,-10076,insert_bolts_hand_tighten
1930939,3528,-12216,11300,-15929,367,-9497,insert_bolts_hand_tighten
1930961,3960,-17496,8100,-11045,1745,-11911,insert_bolts_hand_tighten
1930983,6436,-17988,5208,-2605,1034,-12127,insert_bolts_hand_tighten
1931005,7024,-16392,4476,-2805,143,-11892,insert_bolts_hand_tighten
1931027,6456,-14008,3204,-10301,-2356,-11983,insert_bolts_hand_tighten
1931049,6204,-13036,528,-16795,-5827,-12121,insert_bolts_hand_tighten
1931071,6428,-15300,-3200,-17346,-7553,-11146,insert_bolts_hand_tighten
1931093,8248,-18332,-2912,-10730,-6702,-7438,insert_bolts_hand_tighten
1931115,8380,-21688,-132,-1703,-2437,-5482,insert_bolts_hand_tighten
1931137,8136,-19740,2188,7647,-800,-4697,insert_bolts_hand_tighten
1931159,7496,-14764,4064,13659,2215,-4605,insert_bolts_hand_tighten
1931181,7724,-10832,4940,11423,4052,-3908,insert_bolts_hand_tighten
1931203,8748,-9548,4060,784,3886,-4561,insert_bolts_hand_tighten
1931225,8504,-12444,2252,-2891,5359,-6170,insert_bolts_hand_tighten
1931247,8448,-14088,2416,3586,6141,-7010,insert_bolts_hand_tighten
1931269,8164,-13716,2964,13637,6909,-7300,insert_bolts_hand_tighten
1931291,8264,-12544,2896,18350,4514,-7266,insert_bolts_hand_tighten
1931313,10296,-12092,2052,12835,1927,-7638,insert_bolts_hand_tighten
1931335,13100,-16416,3040,14032,4501,-9191,insert_bolts_hand_tighten
1931357,12084,-15192,5180,22181,9236,-9719,insert_bolts_hand_tighten
1931379,11552,-14124,6684,27865,1704,-3422,insert_bolts_hand_tighten
1931401,9920,-10224,7308,23015,1870,-1673,insert_bolts_hand_tighten
1931423,9136,-9404,7560,17788,-507,-2162,insert_bolts_hand_tighten
1931445,9048,-8912,8432,14297,285,-4498,insert_bolts_hand_tighten
1931467,8372,-7708,9012,11037,871,-6661,insert_bolts_hand_tighten
1931489,8820,-7484,8744,11694,904,-7736,insert_bolts_hand_tighten
1931511,9168,-7124,8412,9214,-511,-8137,insert_bolts_hand_tighten
1931533,10384,-8224,9488,5741,502,-8780,insert_bolts_hand_tighten
1931555,11756,-9724,11160,6745,274,-8990,insert_bolts_hand_tighten
1931577,11436,-8380,11388,9290,410,-8152,insert_bolts_hand_tighten
1931599,11988,-7588,10708,10002,-1094,-6823,insert_bolts_hand_tighten
1931621,12508,-7124,10932,10465,-1423,-5489,insert_bolts_hand_tighten
1931643,12392,-6012,11472,8567,-831,-4966,insert_bolts_hand_tighten
1931665,12216,-6136,11716,8904,-769,-5354,insert_bolts_hand_tighten
1931687,12816,-5332,11832,10797,137,-4799,insert_bolts_hand_tighten
1931709,11944,-4320,11696,9074,-946,-3886,insert_bolts_hand_tighten
1931731,12556,-4220,11652,5919,-2216,-3269,insert_bolts_hand_tighten
1931753,12852,-4640,11596,6287,-2116,-3003,insert_bolts_hand_tighten
1931775,13036,-4172,11756,8453,-373,-1706,insert_bolts_hand_tighten
1931797,12668,-3596,12384,6513,-1218,-1118,insert_bolts_hand_tighten
1931819,12732,-2796,12652,3786,-1969,-928,insert_bolts_hand_tighten
1931841,13140,-2952,12432,1512,-2246,-1034,insert_bolts_hand_tighten
1931863,13620,-2476,12068,247,-2479,-940,insert_bolts_hand_tighten
1931885,15056,-3024,12500,-1027,-769,35,insert_bolts_hand_tighten
1931907,13344,-3420,12360,-850,384,206,insert_bolts_hand_tighten
1931929,12976,-2300,11664,-638,375,753,insert_bolts_hand_tighten
1931951,12808,-2708,11256,-1169,-152,792,insert_bolts_hand_tighten
1931973,12804,-2636,11344,-1736,-400,683,insert_bolts_hand_tighten
1931995,12588,-3312,11384,366,-96,425,insert_bolts_hand_tighten
1932017,12456,-2384,10904,746,76,432,insert_bolts_hand_tighten
1932039,12408,-2852,11048,21,-197,505,insert_bolts_hand_tighten
1932061,12592,-2736,10764,-321,-58,327,insert_bolts_hand_tighten
1932083,12360,-3316,11248,-597,169,603,insert_bolts_hand_tighten
1932105,12644,-3320,11300,0,91,741,insert_bolts_hand_tighten
1932127,12432,-3036,11128,216,355,707,insert_bolts_hand_tighten
1932149,12504,-2796,11240,-110,385,616,insert_bolts_hand_tighten
1932171,12500,-2888,10888,-767,283,466,insert_bolts_hand_tighten
1932193,12480,-2928,11120,-348,493,800,insert_bolts_hand_tighten
1932215,12560,-3312,11460,123,394,962,insert_bolts_hand_tighten
1932237,12748,-2772,11392,1660,448,1412,insert_bolts_hand_tighten
1932259,12456,-2384,11616,526,362,1444,insert_bolts_hand_tighten
1932281,12820,-2148,11392,-1946,393,862,insert_bolts_hand_tighten
1932303,13036,-2780,11552,-3264,655,442,insert_bolts_hand_tighten
1932325,13664,-3376,12320,-3463,726,571,insert_bolts_hand_tighten
1932347,14576,-3240,12780,-4579,1003,1439,insert_bolts_hand_tighten
1932369,15488,-5072,13808,-6823,2616,2736,insert_bolts_hand_tighten
1932391,15700,-5680,14400,-8020,4387,4504,insert_bolts_hand_tighten
1932413,15888,-6136,14720,-9521,5640,6344,insert_bolts_hand_tighten
1932435,15196,-7392,14748,-11517,6383,7852,insert_bolts_hand_tighten
1932457,14972,-8224,14700,-11692,5694,9488,insert_bolts_hand_tighten
1932479,13956,-8940,13964,-11647,5547,11815,insert_bolts_hand_tighten
1932501,12708,-10968,12344,-10328,5598,14194,insert_bolts_hand_tighten
1932523,11320,-12164,11780,-8555,4935,16766,insert_bolts_hand_tighten
1932545,9604,-12176,12444,-5637,4225,19234,insert_bolts_hand_tighten
1932567,8140,-11088,12552,-4466,3015,21784,insert_bolts_hand_tighten
1932589,7212,-12696,11724,-2201,980,23205,insert_bolts_hand_tighten
1932611,6828,-12112,10952,97,1155,24159,insert_bolts_hand_tighten
1932633,6268,-12752,10100,1355,2628,24339,insert_bolts_hand_tighten
1932655,4904,-11596,9396,2580,4661,23238,insert_bolts_hand_tighten
1932677,5392,-9996,9936,1430,4516,22526,insert_bolts_hand_tighten
1932699,4460,-9428,9156,-830,5175,22494,insert_bolts_hand_tighten
1932721,3128,-8148,8172,-471,4431,20979,insert_bolts_hand_tighten
1932743,2568,-7808,8264,441,3687,17566,insert_bolts_hand_tighten
1932765,2964,-7744,9296,4741,2652,14749,insert_bolts_hand_tighten
1932787,2868,-6912,9132,6710,1185,13417,insert_bolts_hand_tighten
1932809,2416,-6696,8960,7546,567,11401,insert_bolts_hand_tighten
1932831,2276,-7260,9136,7690,-707,8336,insert_bolts_hand_tighten
1932853,3368,-2812,11996,5932,173,4854,insert_bolts_hand_tighten
1932875,2020,-5268,13452,-3547,3293,3860,insert_bolts_hand_tighten
1932897,-400,-10912,12156,-5524,3193,2018,insert_bolts_hand_tighten
1932919,-1428,-13632,11928,2488,2317,1062,insert_bolts_hand_tighten
1932941,-328,-12872,12472,6372,-1504,1103,insert_bolts_hand_tighten
1932963,472,-8012,13944,-4447,-1992,2258,insert_bolts_hand_tighten
1932985,332,-5712,12520,-16962,-1612,-472,insert_bolts_hand_tighten
1933007,-16,-8912,10868,-24113,-80,-1868,insert_bolts_hand_tighten
1933029,-624,-6752,9660,-31510,-2907,-4125,insert_bolts_hand_tighten
1933051,1804,-7516,9076,-32768,-1550,-3307,insert_bolts_hand_tighten
1933073,-1416,-18356,5152,-32768,-4808,-716,insert_bolts_hand_tighten
1933095,1668,-18720,4184,-20824,-3785,-775,insert_bolts_hand_tighten
1933117,1920,-22324,3172,-4336,392,83,insert_bolts_hand_tighten
1933139,752,-21168,3796,16190,4016,-642,insert_bolts_hand_tighten
1933161,1624,-19336,6628,32767,8584,207,insert_bolts_hand_tighten
1933183,-400,-15444,8712,32767,10296,2361,insert_bolts_hand_tighten
1933205,-3560,-9620,9676,32767,3194,3523,insert_bolts_hand_tighten
1933227,-2000,-6404,11432,32767,-1108,3912,insert_bolts_hand_tighten
1933249,-1756,-5236,13412,24097,585,3289,insert_bolts_hand_tighten
1933271,-1788,-6376,13544,11721,567,2863,insert_bolts_hand_tighten
1933293,-1928,-6852,13916,7968,1110,1413,insert_bolts_hand_tighten
1933315,-1128,-7396,13444,6266,1073,1068,insert_bolts_hand_tighten
1933337,-304,-4344,14156,371,-3921,1458,insert_bolts_hand_tighten
1933359,152,-5280,13896,-10481,-3721,785,insert_bolts_hand_tighten
1933381,112,-5716,14880,-21265,-3098,-891,insert_bolts_hand_tighten
1933403,944,-8852,13028,-27437,-4542,-892,insert_bolts_hand_tighten
1933425,1324,-9924,11816,-28726,-973,-1543,insert_bolts_hand_tighten
1933447,896,-13196,9316,-28977,-248,-1380,insert_bolts_hand_tighten
1933469,856,-14940,8440,-24529,944,-2716,insert_bolts_hand_tighten
1933491,1716,-13964,9592,-20576,2510,-3370,insert_bolts_hand_tighten
1933513,1084,-20432,7420,-12123,158,167,insert_bolts_hand_tighten
1933535,484,-17324,6860,-773,2891,116,insert_bolts_hand_tighten
1933557,528,-16492,7412,5090,2169,668,insert_bolts_hand_tighten
1933579,-264,-15048,9260,12528,3513,-240,insert_bolts_hand_tighten
1933601,-660,-13244,11216,15219,3970,541,insert_bolts_hand_tighten
1933623,-1624,-11912,11296,16058,822,1165,insert_bolts_hand_tighten
1933645,-1188,-10272,11280,11321,-367,1059,insert_bolts_hand_tighten
1933667,-1140,-10540,11084,5192,-93,768,insert_bolts_hand_tighten
1933689,-1020,-11312,10784,859,395,456,insert_bolts_hand_tighten
1933711,-972,-12148,10924,-595,689,978,insert_bolts_hand_tighten
1933733,-796,-13320,11796,191,-610,1933,insert_bolts_hand_tighten
1933755,304,-12272,12016,-192,-2216,1397,insert_bolts_hand_tighten
1933777,180,-10512,12236,-2335,-1814,42,insert_bolts_hand_tighten
1933799,320,-10940,10996,-5887,-3283,-375,insert_bolts_hand_tighten
1933821,1448,-12008,9540,-9013,-3125,-621,insert_bolts_hand_tighten
1933843,1452,-12220,9812,-10639,-1768,-461,insert_bolts_hand_tighten
1933865,1364,-13384,9720,-10873,-1103,-71,insert_bolts_hand_tighten
1933887,1896,-12896,9684,-10230,43,-454,insert_bolts_hand_tighten
1933909,1388,-14584,9244,-8034,1782,-226,insert_bolts_hand_tighten
1933931,812,-19224,6932,2195,2812,-564,insert_bolts_hand_tighten
1933953,232,-19240,8568,21901,6668,-1874,insert_bolts_hand_tighten
1933975,-1180,-12212,10500,25651,3157,917,insert_bolts_hand_tighten
1933997,-1532,-9200,12292,20174,12,2507,insert_bolts_hand_tighten
1934019,-1832,-8924,13068,10873,-173,2728,insert_bolts_hand_tighten
1934041,-2012,-11872,12704,10443,1285,1711,insert_bolts_hand_tighten
1934063,-2624,-11828,12192,16361,1621,154,insert_bolts_hand_tighten
1934085,-1772,-7972,11836,18553,1421,204,insert_bolts_hand_tighten
1934107,-352,-3704,13640,11187,-1669,2202,insert_bolts_hand_tighten
1934129,220,-5524,15280,-3562,-1016,4067,insert_bolts_hand_tighten
1934151,136,-6556,15572,-11216,-1030,820,insert_bolts_hand_tighten
1934173,632,-9636,13916,-14983,-1099,285,insert_bolts_hand_tighten
1934195,940,-11680,11488,-12948,-1539,-744,insert_bolts_hand_tighten
1934217,1168,-11780,11192,-13377,-2339,-556,insert_bolts_hand_tighten
1934239,1356,-10320,11040,-18765,-3365,-359,insert_bolts_hand_tighten
1934261,1844,-11284,10796,-23204,-1659,-595,insert_bolts_hand_tighten
1934283,1516,-12568,10908,-23096,1137,-1147,insert_bolts_hand_tighten
1934305,464,-17492,8912,-14614,2292,-1266,insert_bolts_hand_tighten
1934327,-324,-16592,7312,-4532,1939,-2179,insert_bolts_hand_tighten
1934349,-428,-16488,8176,3847,4414,-1492,insert_bolts_hand_tighten
1934371,-1468,-15216,10700,10767,5161,-416,insert_bolts_hand_tighten
1934393,-2080,-14340,11504,17059,2498,864,insert_bolts_hand_tighten
1934415,-1596,-12772,12040,19523,1685,1959,insert_bolts_hand_tighten
1934437,-2644,-11072,11824,18224,-173,2695,insert_bolts_hand_tighten
1934459,-1276,-10168,11844,14906,-1219,2135,insert_bolts_hand_tighten
1934481,-176,-10236,12712,10645,-1338,2039,insert_bolts_hand_tighten
1934503,720,-5128,14044,-844,-1304,1427,insert_bolts_hand_tighten
1934525,724,-7164,14288,-9518,-329,769,insert_bolts_hand_tighten
1934547,1328,-10748,12940,-13681,-663,540,insert_bolts_hand_tighten
1934569,1220,-14096,10356,-11879,-2777,-920,insert_bolts_hand_tighten
1934591,1132,-13672,10140,-8219,-1465,-1811,insert_bolts_hand_tighten
1934613,508,-14120,10232,-5010,-1339,-2279,insert_bolts_hand_tighten
1934635,220,-14052,8228,80,-5457,-2164,insert_bolts_hand_tighten
1934657,2184,-7908,9368,-3358,-4548,-191,insert_bolts_hand_tighten
1934679,1656,-13596,9808,-7695,-187,1279,insert_bolts_hand_tighten
1934701,308,-13084,11396,-10030,1883,76,insert_bolts_hand_tighten
1934723,712,-13356,12448,-10188,3747,-621,insert_bolts_hand_tighten
1934745,-780,-13552,11572,-9290,3991,-958,insert_bolts_hand_tighten
1934767,-716,-14160,9364,-7354,4288,-880,insert_bolts_hand_tighten
1934789,-1480,-16184,8884,-2299,5551,-729,insert_bolts_hand_tighten
1934811,-2452,-16984,9780,7311,4962,-673,insert_bolts_hand_tighten
1934833,-2404,-15108,9680,15546,1009,224,insert_bolts_hand_tighten
1934855,-512,-12376,9332,16247,-1237,2410,insert_bolts_hand_tighten
1934877,-508,-14092,9784,20287,-479,2900,insert_bolts_hand_tighten
1934899,64,-9000,11788,20190,-1540,2234,insert_bolts_hand_tighten
1934921,1192,-5564,14768,8748,-3447,1908,insert_bolts_hand_tighten
1934943,636,-6188,14908,-7316,-613,-596,insert_bolts_hand_tighten
1934965,868,-10088,11112,-11565,-2607,-2655,insert_bolts_hand_tighten
1934987,1648,-9028,9976,-13774,-2771,-3356,insert_bolts_hand_tighten
1935009,888,-7652,9556,-25031,-2936,-2351,insert_bolts_hand_tighten
1935031,2608,-9800,9976,-31511,-2453,-1822,insert_bolts_hand_tighten
1935053,2164,-15636,8452,-30974,1067,-1659,insert_bolts_hand_tighten
1935075,1204,-20204,6160,-21684,1886,-1433,insert_bolts_hand_tighten
1935097,620,-19352,5180,-8438,2151,-1874,insert_bolts_hand_tighten
1935119,4,-18488,5516,-319,3484,-1751,insert_bolts_hand_tighten
1935141,44,-17820,6228,7038,3489,-740,insert_bolts_hand_tighten
1935163,-168,-16076,7376,11896,4564,-217,insert_bolts_hand_tighten
1935185,-648,-14432,8468,13347,3339,1228,insert_bolts_hand_tighten
1935207,-884,-13368,9124,11143,1639,2046,insert_bolts_hand_tighten
1935229,-444,-12220,9604,7586,1370,1708,insert_bolts_hand_tighten
1935251,-556,-12640,9212,6857,329,1481,insert_bolts_hand_tighten
1935273,1200,-12256,10748,6103,-108,458,insert_bolts_hand_tighten
1935295,1148,-7688,11320,-1328,-1103,-191,insert_bolts_hand_tighten
1935317,1144,-9784,9616,-11557,-2347,341,insert_bolts_hand_tighten
1935339,1504,-13648,7220,-13611,-2752,-1341,insert_bolts_hand_tighten
1935361,1452,-12068,6576,-11325,-1195,-2657,insert_bolts_hand_tighten
1935383,1752,-13028,6360,-11912,-2671,-2359,insert_bolts_hand_tighten
1935405,2532,-12516,6892,-15945,-1442,-3149,insert_bolts_hand_tighten
1935427,3356,-12372,6812,-17856,1155,-3897,insert_bolts_hand_tighten
1935449,2776,-15196,6196,-12030,2903,-4921,insert_bolts_hand_tighten
1935471,2520,-14864,6176,-6846,4127,-7105,insert_bolts_hand_tighten
1935493,3156,-12272,6684,-4188,5926,-9270,insert_bolts_hand_tighten
1935515,3524,-11100,6244,-5901,7155,-10913,insert_bolts_hand_tighten
1935537,3968,-11604,5308,-7828,8926,-12377,insert_bolts_hand_tighten
1935559,4196,-12172,4528,-7637,11428,-13898,insert_bolts_hand_tighten
1935581,3932,-12848,4516,-4952,13297,-15037,insert_bolts_hand_tighten
1935603,4136,-14052,4600,-3831,13673,-16494,insert_bolts_hand_tighten
1935625,5116,-14688,3836,-4499,12354,-17341,insert_bolts_hand_tighten
1935647,6044,-15684,3512,-1348,13945,-18454,insert_bolts_hand_tighten
1935669,6384,-14892,3996,3996,15232,-19669,insert_bolts_hand_tighten
1935691,6748,-13556,5068,4558,13902,-18892,insert_bolts_hand_tighten
1935713,7944,-13044,5752,-1689,9906,-17083,insert_bolts_hand_tighten
1935735,8988,-14724,4964,-4188,10286,-16991,insert_bolts_hand_tighten
1935757,9036,-15412,4256,-615,11812,-17840,insert_bolts_hand_tighten
1935779,9180,-14396,3268,3584,11596,-17256,insert_bolts_hand_tighten
1935801,9080,-14132,4768,4396,10656,-15506,insert_bolts_hand_tighten
1935823,9988,-12600,5704,1335,8936,-13728,insert_bolts_hand_tighten
1935845,9092,-12056,5212,2490,10634,-13994,insert_bolts_hand_tighten
1935867,9800,-12508,6196,6450,12163,-13704,insert_bolts_hand_tighten
1935889,10316,-11884,7380,6675,10474,-12216,insert_bolts_hand_tighten
1935911,10752,-11524,7756,4106,6875,-11729,insert_bolts_hand_tighten
1935933,11720,-11484,8688,6793,5872,-11569,insert_bolts_hand_tighten
1935955,12000,-11020,8524,11305,4138,-10696,insert_bolts_hand_tighten
1935977,12736,-10684,9208,14510,2676,-8277,insert_bolts_hand_tighten
1935999,13312,-10080,10808,13148,1417,-6242,insert_bolts_hand_tighten
1936021,12752,-9216,11220,12397,1089,-5453,insert_bolts_hand_tighten
1936043,12508,-8448,11260,12726,363,-4885,insert_bolts_hand_tighten
1936065,12528,-7876,10820,15062,-745,-3976,insert_bolts_hand_tighten
1936087,12944,-7308,10984,17338,-189,-3203,insert_bolts_hand_tighten
1936109,12564,-4996,11016,21363,2180,-1820,insert_bolts_hand_tighten
1936131,12480,-4116,12016,21539,1910,502,insert_bolts_hand_tighten
1936153,12300,-3820,12496,19423,-433,2275,insert_bolts_hand_tighten
1936175,12452,-3500,13292,17624,-656,2532,insert_bolts_hand_tighten
1936197,12348,-1360,12664,13926,-1341,2645,insert_bolts_hand_tighten
1936219,12640,-1284,11600,10757,-1403,2617,insert_bolts_hand_tighten
1936241,12912,-1944,12300,10474,-393,2972,insert_bolts_hand_tighten
1936263,12440,-696,12696,10248,905,3529,insert_bolts_hand_tighten
1936285,11756,-124,12944,7032,389,3004,insert_bolts_hand_tighten
1936307,12188,-1304,12432,7499,374,2504,insert_bolts_hand_tighten
1936329,11200,-168,12356,7563,789,2430,insert_bolts_hand_tighten
1936351,10864,292,12816,4062,-908,2506,insert_bolts_hand_tighten
1936373,11436,-840,12556,1440,-2330,2049,insert_bolts_hand_tighten
1936395,12860,-1708,12320,3546,-2210,1898,insert_bolts_hand_tighten
1936417,12052,-276,13608,3787,1267,1897,insert_bolts_hand_tighten
1936439,11356,300,12784,2533,464,1384,insert_bolts_hand_tighten
1936461,11444,-364,12100,1796,-281,1444,insert_bolts_hand_tighten
1936483,11884,-576,11824,4112,-491,1427,insert_bolts_hand_tighten
1936505,12040,528,12324,3703,-305,1695,insert_bolts_hand_tighten
1936527,12544,628,12420,2874,253,1453,insert_bolts_hand_tighten
1936549,11964,108,12656,3202,603,1422,insert_bolts_hand_tighten
1936571,11780,-100,13036,4208,765,2135,insert_bolts_hand_tighten
1936593,11888,1020,13732,1768,256,2193,insert_bolts_hand_tighten
1936615,13356,-248,14240,-1079,148,1822,insert_bolts_hand_tighten
1936637,13156,-264,14532,-2008,1854,2479,insert_bolts_hand_tighten
1936659,13452,-792,14092,-2768,2131,3259,insert_bolts_hand_tighten
1936681,13884,-544,14644,-4651,3832,4423,insert_bolts_hand_tighten
1936703,13184,-120,15704,-10713,4326,4992,insert_bolts_hand_tighten
1936725,13480,-1736,15532,-16754,2479,4898,insert_bolts_hand_tighten
1936747,14724,-3936,15004,-15374,2616,6482,insert_bolts_hand_tighten
1936769,14660,-4088,14480,-12313,5580,8009,insert_bolts_hand_tighten
1936791,14020,-4816,14884,-13820,6793,9314,insert_bolts_hand_tighten
1936813,13296,-4632,14540,-16750,6055,10362,insert_bolts_hand_tighten
1936835,13084,-6852,13636,-16600,5852,11501,insert_bolts_hand_tighten
1936857,12532,-8496,12328,-13147,7159,12940,insert_bolts_hand_tighten
1936879,11724,-10168,12188,-9956,7388,14803,insert_bolts_hand_tighten
1936901,10160,-9508,11788,-9909,7769,14494,insert_bolts_hand_tighten
1936923,9540,-8908,11496,-11241,5454,15341,insert_bolts_hand_tighten
1936945,8576,-9980,11140,-12650,4834,15886,insert_bolts_hand_tighten
1936967,7608,-11628,9880,-12482,4058,16017,insert_bolts_hand_tighten
1936989,7572,-11724,10336,-9961,5017,15599,insert_bolts_hand_tighten
1937011,5896,-12040,8504,-10705,2664,16280,insert_bolts_hand_tighten
1937033,4676,-9544,7684,-10923,3637,16099,insert_bolts_hand_tighten
1937055,2176,-10200,6528,-14116,1956,16390,insert_bolts_hand_tighten
1937077,2488,-11788,7332,-12032,-306,15549,insert_bolts_hand_tighten
1937099,1948,-12560,7472,-6726,-1078,15685,insert_bolts_hand_tighten
1937121,1192,-11520,7072,-775,-1771,16944,insert_bolts_hand_tighten
1937143,736,-11184,7360,1689,-2524,18013,insert_bolts_hand_tighten
1937165,-100,-9148,7244,416,-3772,17213,insert_bolts_hand_tighten
1937187,-564,-9060,8916,-600,-3730,15758,insert_bolts_hand_tighten
1937209,-604,-10596,9492,3806,-3733,14287,insert_bolts_hand_tighten
1937231,-688,-10444,9276,9626,-4645,12866,insert_bolts_hand_tighten
1937253,-512,-8036,10160,10124,-5097,12197,insert_bolts_hand_tighten
1937275,-572,-6424,10320,6168,-3803,10833,insert_bolts_hand_tighten
1937297,-1120,-7336,9900,3227,-3131,7710,insert_bolts_hand_tighten
1937319,-572,-8888,10920,3418,-3106,4321,insert_bolts_hand_tighten
1937341,316,-11056,12464,7128,-3461,2542,insert_bolts_hand_tighten
1937363,8,-10580,12892,9367,-4204,1739,insert_bolts_hand_tighten
1937385,376,-9548,12480,6635,-5134,2147,insert_bolts_hand_tighten
1937407,1252,-11736,12356,3354,-3624,2090,insert_bolts_hand_tighten
1937429,696,-13320,13180,5940,-1807,505,insert_bolts_hand_tighten
1937451,428,-11444,14152,9213,497,-328,insert_bolts_hand_tighten
1937473,-584,-9724,14704,6438,99,-44,insert_bolts_hand_tighten
1937495,-148,-9236,14140,1991,-486,365,insert_bolts_hand_tighten
1937517,-648,-9796,13212,448,-561,521,insert_bolts_hand_tighten
1937539,-704,-9664,12072,1363,-372,267,insert_bolts_hand_tighten
1937561,-900,-11916,12736,5849,-443,-480,insert_bolts_hand_tighten
1937583,-1128,-9300,13664,7410,-706,293,insert_bolts_hand_tighten
1937605,-740,-8648,13820,5419,-2310,960,insert_bolts_hand_tighten
1937627,-648,-8728,13840,3727,-2302,1016,insert_bolts_hand_tighten
1937649,-364,-8560,14804,2444,-1693,1258,insert_bolts_hand_tighten
1937671,-560,-9828,14496,2409,-636,343,insert_bolts_hand_tighten
1937693,-616,-9500,14676,4903,573,-822,insert_bolts_hand_tighten
1937715,-932,-8704,13684,6839,1272,-658,insert_bolts_hand_tighten
1937737,-40,-7504,14220,5854,662,547,insert_bolts_hand_tighten
1937759,-1448,-8264,14440,1979,-779,24,insert_bolts_hand_tighten
1937781,-612,-7476,14588,-1752,-647,-657,insert_bolts_hand_tighten
1937803,-304,-9304,15140,-1618,-602,-1911,insert_bolts_hand_tighten
1937825,184,-7904,14920,-2288,-929,-2223,insert_bolts_hand_tighten
1937847,1184,-6980,14476,-4107,-722,-1011,insert_bolts_hand_tighten
1937869,788,-9288,14604,-4820,-774,399,insert_bolts_hand_tighten
1937891,592,-7876,13704,-7910,-985,128,insert_bolts_hand_tighten
1937913,128,-7928,13792,-13555,-584,-1209,insert_bolts_hand_tighten
1937935,456,-8488,13420,-18913,-1162,-2069,insert_bolts_hand_tighten
1937957,560,-10796,12020,-19779,1774,-3649,insert_bolts_hand_tighten
1937979,-416,-14456,11968,-13701,4980,-4732,insert_bolts_hand_tighten
1938001,-1788,-14352,12324,-5901,2921,-4558,insert_bolts_hand_tighten
1938023,-188,-10824,13496,-5440,3934,-1550,insert_bolts_hand_tighten
1938045,-1392,-10256,12184,-12988,-316,-1220,insert_bolts_hand_tighten
1938067,-636,-12816,10144,-16465,-1400,-2721,insert_bolts_hand_tighten
1938089,620,-14584,7832,-11335,-516,-5379,insert_bolts_hand_tighten
1938111,1616,-11068,11696,-5740,-123,-6804,insert_bolts_hand_tighten
1938133,-32,-8096,13464,-11008,-1419,-6187,insert_bolts_hand_tighten
1938155,1404,-8940,10244,-18252,-7219,-6555,insert_bolts_hand_tighten
1938177,2636,-11644,7760,-24689,-6648,-5556,insert_bolts_hand_tighten
1938199,3248,-16476,4572,-21488,-6138,-4459,insert_bolts_hand_tighten
1938221,3352,-19264,4396,-11286,-5122,-2270,insert_bolts_hand_tighten
1938243,2960,-18484,4692,581,-4018,-453,insert_bolts_hand_tighten
1938265,2328,-16288,4388,4273,-4797,943,insert_bolts_hand_tighten
1938287,2816,-12916,4460,2710,-4244,1031,insert_bolts_hand_tighten
1938309,3668,-12528,6984,-8146,1516,776,insert_bolts_hand_tighten
1938331,2516,-15056,7288,-11619,4350,-513,insert_bolts_hand_tighten
1938353,2640,-17152,6296,-8132,1276,-555,insert_bolts_hand_tighten
1938375,3192,-16628,4724,-1612,2774,-1522,insert_bolts_hand_tighten
1938397,2776,-16656,3796,1604,2262,-1167,insert_bolts_hand_tighten
1938419,2960,-15560,4904,2739,1778,-1396,insert_bolts_hand_tighten
1938441,2816,-14652,4952,-31,1235,-579,insert_bolts_hand_tighten
1938463,2724,-16400,4340,150,-100,-260,insert_bolts_hand_tighten
1938485,3120,-16692,4708,2658,-529,126,insert_bolts_hand_tighten
1938507,3020,-14932,5040,3907,-437,761,insert_bolts_hand_tighten
1938529,2864,-15128,5976,4154,170,1327,insert_bolts_hand_tighten
1938551,2368,-14272,6684,2461,-52,1248,insert_bolts_hand_tighten
1938573,2580,-15136,6648,1669,-152,1021,insert_bolts_hand_tighten
1938595,2512,-15120,6508,1881,364,792,insert_bolts_hand_tighten
1938617,2580,-15360,6612,1360,516,641,insert_bolts_hand_tighten
1938639,2480,-15200,6804,1266,603,727,insert_bolts_hand_tighten
1938661,2688,-14856,6656,1140,596,668,insert_bolts_hand_tighten
1938683,2708,-15420,6636,916,394,1003,insert_bolts_hand_tighten
1938705,2596,-15932,6444,1492,51,1039,insert_bolts_hand_tighten
1938727,2676,-16172,6312,1857,-224,1379,insert_bolts_hand_tighten
1938749,2124,-16052,6428,2789,-109,1347,insert_bolts_hand_tighten
1938771,2100,-15204,7116,2889,-234,1358,insert_bolts_hand_tighten
1938793,2388,-14176,7668,2481,9,1082,insert_bolts_hand_tighten
1938815,2604,-13720,7932,1631,768,883,insert_bolts_hand_tighten
1938837,2740,-13540,8148,939,1419,479,insert_bolts_hand_tighten
1938859,2872,-13380,7620,291,1790,296,insert_bolts_hand_tighten
1938881,3004,-13956,7716,-1010,1795,511,insert_bolts_hand_tighten
1938903,2996,-14264,7500,-1146,1800,223,insert_bolts_hand_tighten
1938925,2740,-14544,6680,-657,1941,305,insert_bolts_hand_tighten
1938947,2316,-14928,6672,395,1750,217,insert_bolts_hand_tighten
1938969,2032,-14928,6156,151,485,555,insert_bolts_hand_tighten
1938991,2172,-14876,6568,104,310,1056,insert_bolts_hand_tighten
1939013,1820,-14520,6380,-3,144,756,insert_bolts_hand_tighten
1939035,2096,-14376,6736,-1092,235,720,insert_bolts_hand_tighten
1939057,2256,-14636,7252,-998,397,716,insert_bolts_hand_tighten
1939079,2204,-14292,7624,-1053,626,858,insert_bolts_hand_tighten
1939101,2100,-13260,7856,-1271,1456,268,insert_bolts_hand_tighten
1939123,2496,-13468,7856,-1450,2283,66,insert_bolts_hand_tighten
1939145,2540,-12908,8196,-1948,2901,-638,insert_bolts_hand_tighten
1939167,2484,-12648,8028,-2763,3775,-1612,insert_bolts_hand_tighten
1939189,2436,-12336,8344,-2909,4822,-2974,insert_bolts_hand_tighten
1939211,2368,-12256,8480,-2442,5621,-4520,insert_bolts_hand_tighten
1939233,2692,-12260,8392,-354,6439,-5891,insert_bolts_hand_tighten
1939255,2660,-11068,7740,1627,7532,-7053,insert_bolts_hand_tighten
1939277,2900,-10228,7100,2809,8725,-8317,insert_bolts_hand_tighten
1939299,2976,-9092,6576,2092,9807,-10007,insert_bolts_hand_tighten
1939321,3628,-10060,7064,1475,10202,-12846,insert_bolts_hand_tighten
1939343,4484,-10072,6776,2565,11888,-15366,insert_bolts_hand_tighten
1939365,4452,-9180,5884,2894,12343,-17780,insert_bolts_hand_tighten
1939387,5596,-9280,6368,120,11979,-18973,insert_bolts_hand_tighten
1939409,6920,-11308,6152,-3310,11002,-19709,insert_bolts_hand_tighten
1939431,6540,-14104,5976,1046,14592,-21880,insert_bolts_hand_tighten
1939453,6292,-15192,6212,7615,12340,-22160,insert_bolts_hand_tighten
1939475,6860,-13776,6760,7306,8177,-20615,insert_bolts_hand_tighten
1939497,8080,-14176,7648,3098,6682,-19372,insert_bolts_hand_tighten
1939519,8568,-15408,8388,3723,5235,-18393,insert_bolts_hand_tighten
1939541,8580,-15640,9124,6217,3879,-16583,insert_bolts_hand_tighten
1939563,8228,-14384,9356,7117,650,-13793,insert_bolts_hand_tighten
1939585,9412,-13772,9888,7191,226,-12177,insert_bolts_hand_tighten
1939607,9168,-13280,10228,9506,-1605,-10279,insert_bolts_hand_tighten
1939629,9580,-11236,10668,10540,-2433,-8714,insert_bolts_hand_tighten
1939651,9888,-9756,11852,7864,-2185,-8156,insert_bolts_hand_tighten
1939673,9984,-8812,12048,4232,-837,-8936,insert_bolts_hand_tighten
1939695,10668,-8372,12008,2999,-1712,-8192,insert_bolts_hand_tighten
1939717,11504,-8640,12372,1973,-705,-8245,insert_bolts_hand_tighten
1939739,10876,-7844,11724,-73,-1360,-7610,insert_bolts_hand_tighten
1939761,11792,-7832,11628,-1338,-1373,-6599,insert_bolts_hand_tighten
1939783,11624,-8420,11436,-16,-809,-5272,insert_bolts_hand_tighten
1939805,11776,-9108,11572,4998,-677,-3895,insert_bolts_hand_tighten
1939827,11280,-7944,10904,9427,127,-2713,insert_bolts_hand_tighten
1939849,11276,-6168,11424,8270,-574,-1917,insert_bolts_hand_tighten
1939871,11720,-6420,11500,6862,-1327,-1628,insert_bolts_hand_tighten
1939893,11636,-6080,11572,8536,597,-1293,insert_bolts_hand_tighten
1939915,11556,-5240,11632,10313,468,8,insert_bolts_hand_tighten
1939937,11584,-4920,11812,10570,-406,1264,insert_bolts_hand_tighten
1939959,11596,-4288,11892,9956,-72,1599,insert_bolts_hand_tighten
1939981,11488,-3652,11296,8841,-1142,1726,insert_bolts_hand_tighten
1940003,11484,-2828,11764,5980,-1004,1928,insert_bolts_hand_tighten
1940025,11780,-4252,12364,4305,-1737,1824,insert_bolts_hand_tighten
1940047,11784,-3544,12008,3522,-1556,1437,insert_bolts_hand_tighten
1940069,12764,-4156,12964,922,-989,1059,insert_bolts_hand_tighten
1940091,12708,-2368,12276,-1101,532,800,insert_bolts_hand_tighten
1940113,11796,-3996,12532,-2854,1336,811,insert_bolts_hand_tighten
1940135,11776,-4000,11980,-1723,1116,772,insert_bolts_hand_tighten
1940157,11480,-3912,11788,-432,828,992,insert_bolts_hand_tighten
1940179,11492,-3120,12500,738,810,1563,insert_bolts_hand_tighten
1940201,11588,-2612,12872,-390,846,1731,insert_bolts_hand_tighten
1940223,10812,-4268,13048,-1281,660,980,insert_bolts_hand_tighten
1940245,10992,-4148,12904,-924,1107,593,insert_bolts_hand_tighten
1940267,11180,-4216,12804,444,960,870,insert_bolts_hand_tighten
1940289,10848,-3908,13072,475,1440,1168,insert_bolts_hand_tighten
1940311,10888,-3788,12812,211,1067,1293,insert_bolts_hand_tighten
1940333,10868,-4304,12520,720,584,1140,insert_bolts_hand_tighten
1940355,10964,-3908,12328,1574,1019,1207,insert_bolts_hand_tighten
1940377,11016,-3724,12544,1393,999,1122,insert_bolts_hand_tighten
1940399,10752,-3968,12924,383,800,772,insert_bolts_hand_tighten
1940421,11000,-4256,12964,487,633,563,insert_bolts_hand_tighten
1940443,10656,-4332,13212,1400,413,772,insert_bolts_hand_tighten
1940465,10968,-3924,12696,1617,513,1194,insert_bolts_hand_tighten
1940487,11092,-4028,12536,1874,369,1325,insert_bolts_hand_tighten
1940509,10772,-3808,12888,1832,144,1321,insert_bolts_hand_tighten
1940531,10088,-3356,13852,-384,-422,437,insert_bolts_hand_tighten
1940553,10148,-3276,13908,-3661,-1137,-1035,insert_bolts_hand_tighten
1940575,11444,-3636,13128,-5957,-1964,-1621,insert_bolts_hand_tighten
1940597,11808,-4424,12040,-4029,-1816,-675,insert_bolts_hand_tighten
1940619,12360,-3756,11592,-2606,-1851,967,insert_bolts_hand_tighten
1940641,13816,-2764,12964,-4098,-1775,1861,insert_bolts_hand_tighten
1940663,13100,-4764,13920,-11883,1943,838,insert_bolts_hand_tighten
1940685,13980,-5132,11948,-10622,-99,1008,insert_bolts_hand_tighten
1940707,12860,-6240,11644,-9582,1786,2463,insert_bolts_hand_tighten
1940729,12656,-6644,13548,-5199,3006,3993,insert_bolts_hand_tighten
1940751,12680,-7144,14992,-7144,2583,4483,insert_bolts_hand_tighten
1940773,13384,-7812,14612,-14169,1884,4663,insert_bolts_hand_tighten
1940795,12908,-9664,13664,-21817,1915,5483,insert_bolts_hand_tighten
1940817,12700,-12880,11248,-26888,1769,7557,insert_bolts_hand_tighten
1940839,12724,-16168,11276,-22891,1604,11889,insert_bolts_hand_tighten
1940861,11148,-17412,9748,-17210,-1814,16734,insert_bolts_hand_tighten
1940883,10556,-16968,6916,-15592,-7391,21017,insert_bolts_hand_tighten
1940905,9684,-16444,5508,-18337,-9963,23530,insert_bolts_hand_tighten
1940927,8144,-16684,4324,-21597,-12189,24773,insert_bolts_hand_tighten
1940949,7224,-17280,4100,-19983,-13750,26067,insert_bolts_hand_tighten
1940971,5736,-17584,1656,-16598,-15232,27120,insert_bolts_hand_tighten
1940993,5048,-15552,56,-13806,-14937,27397,insert_bolts_hand_tighten
1941015,3424,-13500,-284,-13927,-14064,26387,insert_bolts_hand_tighten
1941037,2952,-14648,3084,-9756,-13571,24416,insert_bolts_hand_tighten
1941059,2740,-14432,3600,-2981,-14882,23114,insert_bolts_hand_tighten
1941081,3316,-11344,2560,240,-13122,21147,insert_bolts_hand_tighten
1941103,3044,-9904,2284,-558,-9778,18938,insert_bolts_hand_tighten
1941125,2224,-9748,3948,-2954,-7087,15387,insert_bolts_hand_tighten
1941147,2424,-10012,5944,-2726,-7073,12387,insert_bolts_hand_tighten
1941169,2192,-10988,5344,-900,-6652,10232,insert_bolts_hand_tighten
1941191,2220,-10824,3768,-1840,-4175,7698,insert_bolts_hand_tighten
1941213,1144,-11228,2968,-2933,-2534,4979,insert_bolts_hand_tighten
1941235,472,-11952,2896,-3257,-1787,2665,insert_bolts_hand_tighten
1941257,308,-14348,3544,-478,-2342,738,insert_bolts_hand_tighten
1941279,-176,-15360,1852,2300,-3658,-317,insert_bolts_hand_tighten
1941301,-464,-15076,1292,669,-3233,152,insert_bolts_hand_tighten
1941323,-1700,-15488,1712,-1524,-3133,762,insert_bolts_hand_tighten
1941345,-2496,-16336,1796,-2280,-2971,525,insert_bolts_hand_tighten
1941367,-2904,-17004,2008,953,-2403,-196,insert_bolts_hand_tighten
1941389,-2804,-16180,2208,3838,-2173,-561,insert_bolts_hand_tighten
1941411,-2300,-14564,2676,2265,-1983,-863,insert_bolts_hand_tighten
1941433,-2072,-15212,2408,-1288,-1598,-530,insert_bolts_hand_tighten
1941455,-1996,-16084,2420,-1688,-1311,149,insert_bolts_hand_tighten
1941477,-2076,-16476,2388,-841,-1052,-164,insert_bolts_hand_tighten
1941499,-1452,-17244,2112,421,-1170,-325,insert_bolts_hand_tighten
1941521,-1656,-15752,2432,1948,-1012,-764,insert_bolts_hand_tighten
1941543,-1712,-16228,3360,322,-1521,-482,insert_bolts_hand_tighten
1941565,-1356,-16868,1112,104,-1511,-578,insert_bolts_hand_tighten
1941587,-1508,-16612,1744,1027,-1329,-314,insert_bolts_hand_tighten
1941609,-1420,-15824,1856,863,-1908,-40,insert_bolts_hand_tighten
1941631,-1776,-15092,3244,474,-1427,-86,insert_bolts_hand_tighten
1941653,-1768,-14512,3104,193,-1254,-352,insert_bolts_hand_tighten
1941675,-1504,-15004,2900,-140,-754,-822,insert_bolts_hand_tighten
1941697,-1212,-15192,2548,-1118,-535,-1338,insert_bolts_hand_tighten
1941719,-892,-16468,1720,-290,-566,-1301,insert_bolts_hand_tighten
1941741,-1056,-17096,1516,1741,-334,-461,insert_bolts_hand_tighten
1941763,-1292,-17072,2144,4349,-185,-84,insert_bolts_hand_tighten
1941785,-892,-17264,1948,5510,460,388,insert_bolts_hand_tighten
1941807,-1108,-18008,1652,8956,1888,385,insert_bolts_hand_tighten
1941829,-1916,-17756,3600,13639,2874,428,insert_bolts_hand_tighten
1941851,-688,-14336,4536,14683,2234,1612,insert_bolts_hand_tighten
1941873,-1952,-12988,5204,9772,2878,2178,insert_bolts_hand_tighten
1941895,-2644,-13040,6256,6997,1691,1859,insert_bolts_hand_tighten
1941917,-2788,-14568,4448,6418,1823,1465,insert_bolts_hand_tighten
1941939,-1832,-16632,5724,11739,3311,1076,insert_bolts_hand_tighten
1941961,-3108,-13016,8164,13744,956,2470,insert_bolts_hand_tighten
1941983,-3208,-11460,9960,7991,28,2157,insert_bolts_hand_tighten
1942005,-2980,-12708,9200,-194,379,893,insert_bolts_hand_tighten
1942027,-2124,-17892,8428,4189,1465,398,insert_bolts_hand_tighten
1942049,-1832,-18732,8384,12548,3498,2672,insert_bolts_hand_tighten
1942071,-3024,-15004,9684,13963,3640,5197,insert_bolts_hand_tighten
1942093,-3840,-11640,9796,9752,2398,4332,insert_bolts_hand_tighten
1942115,-3168,-13240,9120,9881,2498,2490,insert_bolts_hand_tighten
1942137,-2412,-12908,9128,15044,6226,1906,insert_bolts_hand_tighten
1942159,-2976,-11512,10412,14276,4453,3475,insert_bolts_hand_tighten
1942181,-3988,-10636,10808,12770,2178,3557,insert_bolts_hand_tighten
1942203,-4560,-10076,11192,9124,1167,3495,insert_bolts_hand_tighten
1942225,-4176,-10896,10776,8039,962,2568,insert_bolts_hand_tighten
1942247,-3696,-11244,10448,10401,1437,3128,insert_bolts_hand_tighten
1942269,-4104,-10312,11588,12253,1806,4243,insert_bolts_hand_tighten
1942291,-5228,-7876,12364,6411,1659,3066,insert_bolts_hand_tighten
1942313,-5120,-7524,12748,839,425,696,insert_bolts_hand_tighten
1942335,-5008,-9132,11812,-2959,-876,-1263,insert_bolts_hand_tighten
1942357,-4688,-9960,11536,-3666,-1125,-2043,insert_bolts_hand_tighten
1942379,-4328,-9804,12084,-3050,-795,-1545,insert_bolts_hand_tighten
1942401,-4652,-9896,12596,-3837,-17,-1504,insert_bolts_hand_tighten
1942423,-4576,-9344,13008,-6213,-3,-1142,insert_bolts_hand_tighten
1942445,-4236,-10200,12016,-8066,112,-1923,insert_bolts_hand_tighten
1942467,-4116,-11396,11916,-5312,946,-2535,insert_bolts_hand_tighten
1942489,-3888,-10732,11960,-2319,1824,-2536,insert_bolts_hand_tighten
1942511,-4012,-9448,12164,-3499,2252,-2826,insert_bolts_hand_tighten
1942533,-4064,-9236,12272,-8622,1815,-4151,insert_bolts_hand_tighten
1942555,-2936,-9600,11424,-12997,2587,-6093,insert_bolts_hand_tighten
1942577,-3004,-10396,10756,-13313,3874,-8078,insert_bolts_hand_tighten
1942599,-2312,-10160,10664,-12086,5146,-9581,insert_bolts_hand_tighten
1942621,-2124,-9056,9356,-14268,6108,-11079,insert_bolts_hand_tighten
1942643,-1888,-7684,8216,-19376,6953,-13458,insert_bolts_hand_tighten
1942665,-1224,-9764,6540,-20002,8957,-16170,insert_bolts_hand_tighten
1942687,-964,-10372,5380,-16991,10442,-18565,insert_bolts_hand_tighten
1942709,-72,-12736,4448,-11569,10702,-19499,insert_bolts_hand_tighten
1942731,564,-13148,3976,-9650,9627,-19268,insert_bolts_hand_tighten
1942753,1560,-12748,3272,-8315,9134,-18966,insert_bolts_hand_tighten
1942775,1948,-14608,3268,-2779,9033,-17611,insert_bolts_hand_tighten
1942797,2140,-16160,3456,2894,6387,-16077,insert_bolts_hand_tighten
1942819,3268,-15796,3420,2759,3578,-14708,insert_bolts_hand_tighten
1942841,3472,-16116,2864,3312,2427,-15389,insert_bolts_hand_tighten
1942863,3980,-15080,2912,5482,2980,-15664,insert_bolts_hand_tighten
1942885,4612,-15156,2788,6221,1125,-14289,insert_bolts_hand_tighten
1942907,4348,-15372,3484,5033,1775,-14513,insert_bolts_hand_tighten
1942929,5752,-15416,5092,6682,313,-13790,insert_bolts_hand_tighten
1942951,5868,-16016,6280,11912,880,-14468,insert_bolts_hand_tighten
1942973,7040,-13504,5764,9843,-1877,-13975,insert_bolts_hand_tighten
1942995,8768,-13520,5584,5671,-763,-13327,insert_bolts_hand_tighten
1943017,8620,-15244,7064,7398,1563,-13102,insert_bolts_hand_tighten
1943039,8540,-15012,8152,13213,2399,-12722,insert_bolts_hand_tighten
1943061,9004,-12560,9088,13605,1133,-11728,insert_bolts_hand_tighten
1943083,9424,-11136,9036,9000,1317,-11620,insert_bolts_hand_tighten
1943105,9456,-11976,9404,8134,1821,-12160,insert_bolts_hand_tighten
1943127,9948,-11156,9556,10966,2089,-11890,insert_bolts_hand_tighten
1943149,9912,-10200,9772,10887,285,-10587,insert_bolts_hand_tighten
1943171,10424,-10180,10756,9540,3,-10092,insert_bolts_hand_tighten
1943193,12024,-10284,11540,8312,-1462,-8686,insert_bolts_hand_tighten
1943215,12124,-10308,11404,7396,-1124,-7626,insert_bolts_hand_tighten
1943237,11928,-10384,11520,6337,-1390,-6084,insert_bolts_hand_tighten
1943259,12296,-10736,11800,8523,-1466,-5163,insert_bolts_hand_tighten
1943281,12180,-8280,10852,10301,-1168,-3927,insert_bolts_hand_tighten
1943303,11940,-7508,10820,10953,-128,-2904,insert_bolts_hand_tighten
1943325,11520,-6476,11312,9179,-200,-2048,insert_bolts_hand_tighten
1943347,11700,-6748,11912,5343,-1821,-1927,insert_bolts_hand_tighten
1943369,12176,-6240,11840,5484,-242,-2602,insert_bolts_hand_tighten
1943391,11460,-4636,11576,4724,48,-2738,insert_bolts_hand_tighten
1943413,11356,-4116,10768,4096,-229,-2552,insert_bolts_hand_tighten
1943435,11260,-4504,11560,3212,78,-1923,insert_bolts_hand_tighten
1943457,11484,-5076,12280,2497,-818,-1630,insert_bolts_hand_tighten
1943479,11852,-4760,12256,1536,-1562,-1267,insert_bolts_hand_tighten
1943501,11640,-5188,11904,1381,-2417,-1093,insert_bolts_hand_tighten
1943523,12144,-4972,11608,3435,-1638,-483,insert_bolts_hand_tighten
1943545,11956,-4812,11856,2747,-1305,56,insert_bolts_hand_tighten
1943567,12500,-5228,12356,1863,-1202,70,insert_bolts_hand_tighten
1943589,12252,-5144,12500,3298,-964,110,insert_bolts_hand_tighten
1943611,11716,-4256,12048,4330,-675,354,insert_bolts_hand_tighten
1943633,11888,-4044,10924,5160,-2231,449,insert_bolts_hand_tighten
1943655,12284,-2624,10064,7857,-1911,830,insert_bolts_hand_tighten
1943677,12284,-1444,10848,8597,-830,674,insert_bolts_hand_tighten
1943699,12204,-660,11396,7016,157,98,insert_bolts_hand_tighten
1943721,11988,-1064,11756,5865,260,-1205,insert_bolts_hand_tighten
1943743,12692,-724,12112,5132,176,-933,insert_bolts_hand_tighten
1943765,14064,160,12700,3647,-613,490,insert_bolts_hand_tighten
1943787,12944,-3104,12248,1395,352,926,insert_bolts_hand_tighten
1943809,12916,-1804,12200,5849,1356,2330,insert_bolts_hand_tighten
1943831,12544,-3040,13808,3567,832,2961,insert_bolts_hand_tighten
1943853,13116,-4724,15888,-2133,-880,3765,insert_bolts_hand_tighten
1943875,15864,-5148,16196,-9698,-532,6368,insert_bolts_hand_tighten
1943897,17352,-8560,16328,-13149,1786,11118,insert_bolts_hand_tighten
1943919,17504,-10452,17020,-17752,5560,14452,insert_bolts_hand_tighten
1943941,17156,-11136,15632,-23249,3531,17445,insert_bolts_hand_tighten
1943963,16752,-12488,14848,-25433,3123,20457,insert_bolts_hand_tighten
1943985,14560,-15128,13320,-20515,1659,23997,insert_bolts_hand_tighten
1944007,13368,-14468,11684,-14993,-1,26693,insert_bolts_hand_tighten
1944029,11540,-12460,10404,-16295,-293,29038,insert_bolts_hand_tighten
1944051,9720,-12736,8568,-19234,-177,28951,insert_bolts_hand_tighten
1944073,7868,-12532,6116,-18743,-486,27535,insert_bolts_hand_tighten
1944095,6280,-13212,5544,-14689,-425,26598,insert_bolts_hand_tighten
1944117,6396,-13616,5292,-9811,-724,25424,insert_bolts_hand_tighten
1944139,5912,-11888,5256,-8425,-931,24807,insert_bolts_hand_tighten
1944161,4100,-9740,5072,-10904,-1275,23833,insert_bolts_hand_tighten
1944183,2952,-11436,5612,-11663,-2213,22698,insert_bolts_hand_tighten
1944205,2308,-11484,5308,-6593,-2863,21243,insert_bolts_hand_tighten
1944227,1728,-10452,5576,-2100,-1877,19786,insert_bolts_hand_tighten
1944249,832,-9184,5508,-2799,-1918,16955,insert_bolts_hand_tighten
1944271,180,-9488,5056,-4788,-1669,13474,insert_bolts_hand_tighten
1944293,-280,-11188,4440,-3270,-2432,10379,insert_bolts_hand_tighten
1944315,-572,-11728,4620,2073,-2604,8409,insert_bolts_hand_tighten
1944337,-500,-11988,4984,8061,-4839,8319,insert_bolts_hand_tighten
1944359,-1796,-10472,5356,6956,-1621,5673,insert_bolts_hand_tighten
1944381,-1212,-10404,5748,2904,-2566,3940,insert_bolts_hand_tighten
1944403,-1964,-12312,6040,1516,-1848,2805,insert_bolts_hand_tighten
1944425,-1904,-12912,6524,4553,-956,1453,insert_bolts_hand_tighten
1944447,-2256,-12948,7020,5895,-1497,1570,insert_bolts_hand_tighten
1944469,-1860,-13008,7492,2860,-805,1818,insert_bolts_hand_tighten
1944491,-2516,-13448,7720,-1127,221,1267,insert_bolts_hand_tighten
1944513,-3384,-14700,7348,1179,-449,645,insert_bolts_hand_tighten
1944535,-3420,-13240,7416,4751,-380,3,insert_bolts_hand_tighten
1944557,-3048,-12376,6620,1555,-1502,-506,insert_bolts_hand_tighten
1944579,-2656,-13380,7116,-6378,175,-284,insert_bolts_hand_tighten
1944601,-3040,-16088,6504,-2964,-55,-57,insert_bolts_hand_tighten
1944623,-3028,-15092,6724,1394,1193,-287,insert_bolts_hand_tighten
1944645,-3136,-13788,7224,-1170,408,-228,insert_bolts_hand_tighten
1944667,-3636,-13884,6696,-1499,387,-809,insert_bolts_hand_tighten
1944689,-3268,-14236,6304,-2324,754,-1804,insert_bolts_hand_tighten
1944711,-2492,-14908,5500,-1279,960,-2944,insert_bolts_hand_tighten
1944733,-2460,-14848,6604,-2228,1290,-1983,insert_bolts_hand_tighten
1944755,-2300,-16212,6756,-2499,676,-1618,insert_bolts_hand_tighten
1944777,-2344,-15200,6172,-1349,565,-1078,insert_bolts_hand_tighten
1944799,-2436,-14480,6272,-1386,395,-1067,insert_bolts_hand_tighten
1944821,-2368,-14368,7088,-2321,1149,-2103,insert_bolts_hand_tighten
1944843,-2672,-14528,6428,-3734,546,-2363,insert_bolts_hand_tighten
1944865,-3500,-16080,5116,-1310,-591,-1794,insert_bolts_hand_tighten
1944887,-2732,-14912,7868,-61,103,274,insert_bolts_hand_tighten
1944909,-2312,-14144,6080,53,-1415,399,insert_bolts_hand_tighten
1944931,-2784,-14564,5836,-2332,-841,337,insert_bolts_hand_tighten
1944953,-2308,-14776,5648,1242,-1314,126,insert_bolts_hand_tighten
1944975,-2572,-16116,6088,3259,-1155,279,insert_bolts_hand_tighten
1944997,-2812,-15636,6732,4897,-239,855,insert_bolts_hand_tighten
1945019,-2720,-15508,6432,4675,-905,1515,insert_bolts_hand_tighten
1945041,-2492,-13872,6500,4223,-1148,1144,insert_bolts_hand_tighten
1945063,-2296,-14052,6772,3930,-1310,744,insert_bolts_hand_tighten
1945085,-1344,-13704,7456,98,-747,702,insert_bolts_hand_tighten
1945107,-1400,-14468,7424,572,-1008,616,insert_bolts_hand_tighten
1945129,-1480,-16148,7444,2450,-775,1116,insert_bolts_hand_tighten
1945151,-1836,-14648,8204,3755,-1314,1942,insert_bolts_hand_tighten
1945173,-2012,-12368,8692,3189,-643,1940,insert_bolts_hand_tighten
1945195,-2324,-13716,8672,-255,-89,1386,insert_bolts_hand_tighten
1945217,-1920,-13936,7072,-48,-1545,1534,insert_bolts_hand_tighten
1945239,-2656,-15984,6516,2270,-480,1043,insert_bolts_hand_tighten
1945261,-3300,-15392,6420,4388,-1339,1005,insert_bolts_hand_tighten
1945283,-3908,-14456,6308,4704,-1506,750,insert_bolts_hand_tighten
1945305,-3628,-14072,7276,5397,-1132,-44,insert_bolts_hand_tighten
1945327,-3416,-14164,8368,6191,-1156,409,insert_bolts_hand_tighten
1945349,-3264,-13336,8916,7302,-1099,1033,insert_bolts_hand_tighten
1945371,-3016,-12028,10672,5588,-340,1643,insert_bolts_hand_tighten
1945393,-2308,-14400,9820,4337,-467,2770,insert_bolts_hand_tighten
1945415,-3620,-14424,8956,7560,-1269,1713,insert_bolts_hand_tighten
1945437,-2688,-12632,9464,8971,-2005,1825,insert_bolts_hand_tighten
1945459,-3104,-12348,9264,9039,-2846,1821,insert_bolts_hand_tighten
1945481,-2912,-13124,10560,9081,-3526,1480,insert_bolts_hand_tighten
1945503,-3836,-11956,8788,15914,-5150,402,insert_bolts_hand_tighten
1945525,-892,-9132,12736,5694,-6746,2509,insert_bolts_hand_tighten
1945547,-3012,-11260,12344,7411,-3817,-374,insert_bolts_hand_tighten
1945569,184,-7520,14560,-975,-4649,-87,insert_bolts_hand_tighten
1945591,-2300,-10768,13748,-8881,-1049,-1475,insert_bolts_hand_tighten
1945613,-1860,-12616,11648,-6385,696,-2835,insert_bolts_hand_tighten
1945635,-1900,-12532,10652,-4116,-299,-2103,insert_bolts_hand_tighten
1945657,-2736,-11092,10456,-3969,480,-3361,insert_bolts_hand_tighten
1945679,-1424,-11552,11492,-6567,-2610,-2869,insert_bolts_hand_tighten
1945701,-532,-11304,12320,-9691,-239,-3000,insert_bolts_hand_tighten
1945723,-648,-14276,11396,-6883,867,-3526,insert_bolts_hand_tighten
1945745,76,-15968,10244,2636,2364,-2165,insert_bolts_hand_tighten
1945767,-820,-13128,10316,5506,1475,-1062,insert_bolts_hand_tighten
1945789,-928,-10572,11448,136,-828,-107,insert_bolts_hand_tighten
1945811,-728,-11624,10756,-1480,-4627,1744,insert_bolts_hand_tighten
1945833,-252,-13200,10420,-253,-3211,2719,insert_bolts_hand_tighten
1945855,-1320,-13472,10184,1830,-2212,2768,insert_bolts_hand_tighten
1945877,-1876,-12172,10712,644,-4062,3422,insert_bolts_hand_tighten
1945899,-2116,-13068,9872,-1030,-4878,3542,insert_bolts_hand_tighten
1945921,-1308,-13440,10200,-274,-3838,2651,insert_bolts_hand_tighten
1945943,-1924,-12828,9552,4269,-2017,1456,insert_bolts_hand_tighten
1945965,-1712,-10252,10868,4360,94,620,insert_bolts_hand_tighten
1945987,-1648,-12616,11676,1409,1288,370,insert_bolts_hand_tighten
1946009,-1880,-12644,12244,1965,975,-83,insert_bolts_hand_tighten
1946031,-1696,-12660,11632,235,-619,-116,insert_bolts_hand_tighten
1946053,-1548,-11992,11396,210,-726,-1112,insert_bolts_hand_tighten
1946075,-2124,-11712,10476,508,-1749,-2114,insert_bolts_hand_tighten
1946097,-148,-9664,11828,-2757,-2236,-1997,insert_bolts_hand_tighten
1946119,80,-9528,13040,-3880,826,-2823,insert_bolts_hand_tighten
1946141,176,-11548,12568,-6336,880,-1963,insert_bolts_hand_tighten
1946163,68,-12120,12196,-4512,1055,-3483,insert_bolts_hand_tighten
1946185,924,-12080,10880,-5700,1411,-3774,insert_bolts_hand_tighten
1946207,868,-13804,10404,-3061,3045,-3757,insert_bolts_hand_tighten
1946229,1304,-11608,11472,-2461,3551,-1837,insert_bolts_hand_tighten
1946251,-232,-13512,9860,-5863,1694,-4,insert_bolts_hand_tighten
1946273,-508,-14280,8684,-5619,902,1074,insert_bolts_hand_tighten
1946295,-1572,-15752,8912,-1629,1814,2414,insert_bolts_hand_tighten
1946317,-3148,-15676,8264,1595,46,3114,insert_bolts_hand_tighten
1946339,-2964,-14432,8060,3176,-2971,3899,insert_bolts_hand_tighten
1946361,-2248,-11928,9484,1332,-3318,4773,insert_bolts_hand_tighten
1946383,-1924,-11472,10300,655,-2007,2654,insert_bolts_hand_tighten
1946405,-1032,-10296,11848,-1023,536,130,insert_bolts_hand_tighten
1946427,-1180,-12136,11768,-1700,2375,-991,insert_bolts_hand_tighten
1946449,-1572,-15560,8692,252,921,-2632,insert_bolts_hand_tighten
1946471,-1076,-11432,8040,2177,170,-5226,insert_bolts_hand_tighten
1946493,1296,-11412,10696,-1550,-748,-2415,insert_bolts_hand_tighten
1946515,1432,-12812,11824,-5594,193,-778,insert_bolts_hand_tighten
1946537,1484,-13292,11576,-5999,1308,-1290,insert_bolts_hand_tighten
1946559,1216,-14564,10832,-6226,1159,-1323,insert_bolts_hand_tighten
1946581,296,-14780,10856,-4235,2064,-3244,insert_bolts_hand_tighten
1946603,224,-12192,8848,977,490,-4320,insert_bolts_hand_tighten
1946625,1536,-11684,7868,-953,-1742,-51,insert_bolts_hand_tighten
1946647,-16,-12944,7784,-3605,1549,2366,insert_bolts_hand_tighten
1946669,-1232,-14404,7972,-3691,1183,3155,insert_bolts_hand_tighten
1946691,-2096,-16024,8024,-2041,740,3702,insert_bolts_hand_tighten
1946713,-3352,-15708,7064,1359,-283,2943,insert_bolts_hand_tighten
1946735,-2996,-14668,7312,4307,-1146,2330,insert_bolts_hand_tighten
1946757,-2628,-11848,8448,4991,-988,2010,insert_bolts_hand_tighten
1946779,-588,-10772,10604,862,-1731,3191,insert_bolts_hand_tighten
1946801,-1440,-11528,10236,-3074,-395,831,insert_bolts_hand_tighten
1946823,-176,-12220,10932,-5126,-1099,-400,insert_bolts_hand_tighten
1946845,-364,-14788,9796,-7542,-954,-1613,insert_bolts_hand_tighten
1946867,-796,-12060,9000,-8609,-912,-2987,insert_bolts_hand_tighten
1946889,768,-14612,9048,-8553,-583,-2668,insert_bolts_hand_tighten
1946911,1056,-15532,9084,-7554,1643,-2158,insert_bolts_hand_tighten
1946933,756,-14064,10616,-7772,2999,-3186,insert_bolts_hand_tighten
1946955,848,-17948,9672,-5763,1835,-2935,insert_bolts_hand_tighten
1946977,848,-18300,8176,3491,2026,-3343,insert_bolts_hand_tighten
1946999,1540,-17620,7408,13000,2063,-3014,insert_bolts_hand_tighten
1947021,1004,-15064,7028,17591,2947,-2420,insert_bolts_hand_tighten
1947043,1248,-13092,8672,19829,3933,-588,insert_bolts_hand_tighten
1947065,664,-12740,9844,21472,4051,3141,insert_bolts_hand_tighten
1947087,-1120,-11272,10880,20400,5291,5856,insert_bolts_hand_tighten
1947109,-2796,-11976,9940,15408,158,6918,insert_bolts_hand_tighten
1947131,-2564,-10308,9912,10737,-2175,5757,insert_bolts_hand_tighten
1947153,-2244,-12844,11124,10062,-1555,4701,insert_bolts_hand_tighten
1947175,-1784,-9840,11936,12720,-2122,3283,insert_bolts_hand_tighten
1947197,-1532,-6868,12588,6883,-2333,2466,insert_bolts_hand_tighten
1947219,-1004,-6568,13128,-635,-3103,1535,insert_bolts_hand_tighten
1947241,-120,-7732,13700,-7920,-2649,730,insert_bolts_hand_tighten
1947263,12,-10760,13020,-12540,-2166,-199,insert_bolts_hand_tighten
1947285,-232,-11588,11628,-13342,-2804,-1918,insert_bolts_hand_tighten
1947307,1016,-11568,11372,-14179,-1652,-2769,insert_bolts_hand_tighten
1947329,596,-12424,10876,-11947,1728,-3405,insert_bolts_hand_tighten
1947351,584,-12944,11536,-9805,2256,-2858,insert_bolts_hand_tighten
1947373,480,-14020,11448,-4665,2648,-2601,insert_bolts_hand_tighten
1947395,164,-13780,10056,-3394,578,-2002,insert_bolts_hand_tighten
1947417,-24,-12636,9688,-1084,659,-2211,insert_bolts_hand_tighten
1947439,1044,-12252,10028,65,832,304,insert_bolts_hand_tighten
1947461,168,-12420,10376,-1667,3371,2973,insert_bolts_hand_tighten
1947483,-1088,-12496,11352,-5384,3810,4059,insert_bolts_hand_tighten
1947505,-2648,-12968,10672,-10292,1789,4627,insert_bolts_hand_tighten
1947527,-3128,-14788,8944,-8574,-189,2489,insert_bolts_hand_tighten
1947549,-2716,-16076,7812,-451,-355,-45,insert_bolts_hand_tighten
1947571,-2024,-14812,7304,4606,-2377,-221,insert_bolts_hand_tighten
1947593,24,-10212,9272,-1675,-3492,2665,insert_bolts_hand_tighten
1947615,-1636,-12664,9080,-9499,-1692,1883,insert_bolts_hand_tighten
1947637,-956,-13492,9836,-8521,-3343,722,insert_bolts_hand_tighten
1947659,116,-12980,10312,-8272,-2934,-628,insert_bolts_hand_tighten
1947681,364,-13032,10332,-12481,-743,-876,insert_bolts_hand_tighten
1947703,-644,-15832,9016,-10523,1208,-2964,insert_bolts_hand_tighten
1947725,944,-14016,10040,-6049,654,-3260,insert_bolts_hand_tighten
1947747,248,-16324,9096,-3066,1482,-1989,insert_bolts_hand_tighten
1947769,60,-14916,7148,3297,1357,-2240,insert_bolts_hand_tighten
1947791,260,-14684,6324,4443,2255,-2248,insert_bolts_hand_tighten
1947813,568,-15404,7472,5075,1726,-2309,insert_bolts_hand_tighten
1947835,1184,-14868,8276,4914,1776,-626,insert_bolts_hand_tighten
1947857,176,-12828,8364,4296,2521,230,insert_bolts_hand_tighten
1947879,-384,-13124,8956,1837,1377,3082,insert_bolts_hand_tighten
1947901,-1896,-14276,7164,22,379,3546,insert_bolts_hand_tighten
1947923,-2088,-15812,6760,1772,-695,2993,insert_bolts_hand_tighten
1947945,-2200,-15316,6796,4381,-1679,2342,insert_bolts_hand_tighten
1947967,-2192,-12984,6532,5006,-2934,1687,insert_bolts_hand_tighten
1947989,-1476,-11324,8932,-1688,-1813,2177,insert_bolts_hand_tighten
1948011,-468,-12732,10232,-3668,-941,2055,insert_bolts_hand_tighten
1948033,-392,-13324,10328,-3787,16,954,insert_bolts_hand_tighten
1948055,-444,-13952,9564,-2670,-51,-940,insert_bolts_hand_tighten
1948077,-372,-13528,9004,-2647,-40,-2584,insert_bolts_hand_tighten
1948099,904,-15296,8616,-3348,-455,-2516,insert_bolts_hand_tighten
1948121,356,-15820,8556,-1208,-740,-2622,insert_bolts_hand_tighten
1948143,436,-14160,7324,-616,-1450,-3128,insert_bolts_hand_tighten
1948165,1856,-12568,7764,-1976,63,-2796,insert_bolts_hand_tighten
1948187,1704,-15524,7836,676,2041,-2062,insert_bolts_hand_tighten
1948209,1780,-15008,8540,3920,2935,-1540,insert_bolts_hand_tighten
1948231,684,-14644,8696,3826,3015,-837,insert_bolts_hand_tighten
1948253,-4,-13024,7868,1107,1927,-208,insert_bolts_hand_tighten
1948275,-912,-12552,8076,-3144,2575,1165,insert_bolts_hand_tighten
1948297,-2468,-14792,7504,-3791,611,2452,insert_bolts_hand_tighten
1948319,-2316,-16148,6852,-421,-78,2329,insert_bolts_hand_tighten
1948341,-2424,-14840,6264,3192,-2239,1968,insert_bolts_hand_tighten
1948363,-1984,-12776,7064,1851,-2629,1423,insert_bolts_hand_tighten
1948385,256,-12568,9264,-1460,-3811,2813,insert_bolts_hand_tighten
1948407,-908,-13564,10136,-8970,-92,2897,insert_bolts_hand_tighten
1948429,452,-15368,10216,-7120,-831,1672,insert_bolts_hand_tighten
1948451,612,-13688,8968,-6791,-388,832,insert_bolts_hand_tighten
1948473,376,-14992,7388,-8176,564,-811,insert_bolts_hand_tighten
1948495,1652,-14488,6448,-11005,-761,-1027,insert_bolts_hand_tighten
1948517,-420,-17752,6944,-6070,1366,-1773,insert_bolts_hand_tighten
1948539,204,-15116,6688,-3924,-132,-2991,insert_bolts_hand_tighten
1948561,884,-14200,6280,-3724,-182,-2632,insert_bolts_hand_tighten
1948583,976,-16684,6744,-559,-148,-2539,insert_bolts_hand_tighten
1948605,1064,-15896,6908,3845,1183,-4126,insert_bolts_hand_tighten
1948627,1480,-14488,6244,7065,2239,-3615,insert_bolts_hand_tighten
1948649,1356,-14304,5520,3972,4335,-1284,insert_bolts_hand_tighten
1948671,644,-13084,6656,162,5542,822,insert_bolts_hand_tighten
1948693,-1276,-14800,6436,-285,2700,1777,insert_bolts_hand_tighten
1948715,-1464,-16612,4612,1691,-344,1722,insert_bolts_hand_tighten
1948737,-1824,-16296,5380,1624,-1339,1264,insert_bolts_hand_tighten
1948759,-1928,-14792,5088,203,-2466,1268,insert_bolts_hand_tighten
1948781,-960,-14852,5864,762,-2529,1691,insert_bolts_hand_tighten
1948803,760,-13984,9068,-4790,-843,3098,insert_bolts_hand_tighten
1948825,-184,-15336,9336,-5438,30,608,insert_bolts_hand_tighten
1948847,1000,-13672,8656,-5259,-146,304,insert_bolts_hand_tighten
1948869,476,-14308,7468,-6648,319,-1078,insert_bolts_hand_tighten
1948891,664,-15480,5780,-8757,-1498,-1571,insert_bolts_hand_tighten
1948913,132,-16860,3844,-7821,-370,-2073,insert_bolts_hand_tighten
1948935,432,-17012,3992,-5744,-1138,-2360,insert_bolts_hand_tighten
1948957,764,-15452,4680,-2359,-2114,-3231,insert_bolts_hand_tighten
1948979,1140,-14692,4756,-1763,-2597,-2831,insert_bolts_hand_tighten
1949001,2112,-13920,4844,-3004,-2007,-1945,insert_bolts_hand_tighten
1949023,1760,-15604,3368,-2099,388,-1850,insert_bolts_hand_tighten
1949045,2064,-16704,2104,322,1171,-1193,insert_bolts_hand_tighten
1949067,1160,-16856,5168,4248,4388,-463,insert_bolts_hand_tighten
1949089,176,-14960,7052,4951,3513,624,insert_bolts_hand_tighten
1949111,-460,-14796,5792,1874,2103,1606,insert_bolts_hand_tighten
1949133,-1196,-17148,4204,-338,1879,2692,insert_bolts_hand_tighten
1949155,-1712,-17312,3756,1004,757,2241,insert_bolts_hand_tighten
1949177,-908,-16036,4332,3460,-434,1713,insert_bolts_hand_tighten
1949199,788,-13508,6400,3618,-570,1964,insert_bolts_hand_tighten
1949221,368,-13336,6980,-2984,-476,1575,insert_bolts_hand_tighten
1949243,1148,-14796,6396,-5236,-894,1126,insert_bolts_hand_tighten
1949265,944,-16012,5320,-5547,-678,489,insert_bolts_hand_tighten
1949287,696,-15292,4396,-6698,-371,218,insert_bolts_hand_tighten
1949309,148,-14552,3956,-9696,-745,191,insert_bolts_hand_tighten
1949331,-56,-14112,3276,-14784,-845,74,insert_bolts_hand_tighten
1949353,200,-16372,2756,-16308,-677,-892,insert_bolts_hand_tighten
1949375,1024,-17132,2964,-13441,-1411,-998,insert_bolts_hand_tighten
1949397,844,-16928,3392,-9977,-272,-1284,insert_bolts_hand_tighten
1949419,820,-16304,2736,-10401,-962,-585,insert_bolts_hand_tighten
1949441,344,-16300,872,-11666,-432,-1074,insert_bolts_hand_tighten
1949463,148,-16612,-112,-9428,-177,-1289,insert_bolts_hand_tighten
1949485,728,-14552,532,-8995,-622,-456,insert_bolts_hand_tighten
1949507,780,-17496,-256,-6995,-136,-929,insert_bolts_hand_tighten
1949529,896,-19136,-940,-3061,-476,-775,insert_bolts_hand_tighten
1949551,732,-18564,-1448,-456,-458,-709,insert_bolts_hand_tighten
1949573,784,-16200,-1420,610,-708,-129,insert_bolts_hand_tighten
1949595,760,-15508,-1352,-421,-501,105,insert_bolts_hand_tighten
1949617,984,-15196,-844,-2284,-166,204,insert_bolts_hand_tighten
1949639,832,-15888,-1112,-2848,269,291,insert_bolts_hand_tighten
1949661,432,-16884,-1676,-1403,485,580,insert_bolts_hand_tighten
1949683,392,-15812,-1636,-1832,436,1015,insert_bolts_hand_tighten
1949705,596,-15884,-1868,-3275,329,830,insert_bolts_hand_tighten
1949727,600,-16500,-1584,-3720,-71,1110,insert_bolts_hand_tighten
1949749,496,-17116,-1448,-363,554,258,insert_bolts_hand_tighten
1949771,504,-16260,-1496,-2134,-105,482,insert_bolts_hand_tighten
1949793,644,-18052,-1428,-3604,-535,-283,insert_bolts_hand_tighten
1949815,936,-15640,-596,-3813,-222,-58,insert_bolts_hand_tighten
1949837,1460,-14792,-1360,-6012,-957,-430,insert_bolts_hand_tighten
1949859,464,-15700,-2204,-7043,-1117,-1235,insert_bolts_hand_tighten
1949881,1364,-15400,-1496,-4163,-894,-2452,insert_bolts_hand_tighten
1949903,700,-14352,-1448,-4478,-445,-2855,insert_bolts_hand_tighten
1949925,804,-14872,-3300,-4891,-1058,-2326,insert_bolts_hand_tighten
1949947,828,-15728,-3444,-4146,-196,-2127,insert_bolts_hand_tighten
1949969,660,-16344,-2856,-2879,-459,-1987,insert_bolts_hand_tighten
1949991,684,-15924,-2332,-1118,-395,-1708,insert_bolts_hand_tighten
1950013,1156,-15508,-2900,-284,-151,-1669,insert_bolts_hand_tighten
1950035,1316,-16656,-3808,-958,-658,-1215,insert_bolts_hand_tighten
1950057,1396,-17104,-4380,324,-184,-998,insert_bolts_hand_tighten
1950079,1200,-16636,-4264,1832,171,-896,insert_bolts_hand_tighten
1950101,1212,-16328,-3256,3008,114,-731,insert_bolts_hand_tighten
1950123,1316,-16232,-2512,4053,42,-724,insert_bolts_hand_tighten
1950145,1164,-15508,-2144,6178,376,-1413,insert_bolts_hand_tighten
1950167,1140,-15476,-2820,7888,670,-2064,insert_bolts_hand_tighten
1950189,1020,-16940,-3004,13132,1332,-3525,insert_bolts_hand_tighten
1950211,1904,-17236,-2276,19728,2314,-5035,insert_bolts_hand_tighten
1950233,2844,-17852,-2160,27634,3349,-6300,insert_bolts_hand_tighten
1950255,3936,-15908,8,32744,2808,-7167,insert_bolts_hand_tighten
1950277,3372,-14412,3704,27581,4196,-6436,insert_bolts_hand_tighten
1950299,4412,-15204,4280,23341,3414,-4054,insert_bolts_hand_tighten
1950321,4172,-15080,5580,20722,4624,-3093,insert_bolts_hand_tighten
1950343,4616,-16496,6308,23632,6268,-1532,insert_bolts_hand_tighten
1950365,3680,-16216,7180,30051,6806,-1206,insert_bolts_hand_tighten
1950387,2952,-13136,8816,32078,7232,-1481,insert_bolts_hand_tighten
1950409,2160,-10116,10548,26689,4251,-1070,insert_bolts_hand_tighten
1950431,2244,-8696,11832,16917,2942,-1070,insert_bolts_hand_tighten
1950453,2200,-9448,11976,6350,2480,-1096,insert_bolts_hand_tighten
1950475,2296,-11228,11656,358,2336,-1258,insert_bolts_hand_tighten
1950497,2132,-12996,11384,-929,3030,-1330,insert_bolts_hand_tighten
1950519,2204,-14032,10364,1848,2095,-1137,insert_bolts_hand_tighten
1950541,2372,-13940,10720,5395,1581,-223,insert_bolts_hand_tighten
1950563,2512,-12344,11556,7300,680,743,insert_bolts_hand_tighten
1950585,2440,-10656,12356,6053,-558,1542,insert_bolts_hand_tighten
1950607,2740,-10304,13404,3867,-323,1587,insert_bolts_hand_tighten
1950629,2884,-9636,13028,1370,-34,1104,insert_bolts_hand_tighten
1950651,2756,-10192,12628,-949,708,680,insert_bolts_hand_tighten
1950673,2612,-10536,12596,-2038,1767,42,insert_bolts_hand_tighten
1950695,2396,-10848,12548,-2233,1929,-278,insert_bolts_hand_tighten
1950717,2380,-10848,12804,-1384,2276,-243,insert_bolts_hand_tighten
1950739,2140,-11052,12700,-752,1833,-64,insert_bolts_hand_tighten
1950761,1968,-10916,12784,-538,1409,20,insert_bolts_hand_tighten
1950783,2228,-10704,12764,-806,1554,24,insert_bolts_hand_tighten
1950805,2148,-11136,12940,-1063,1815,-121,insert_bolts_hand_tighten
1950827,2180,-11100,12868,-928,1712,-105,insert_bolts_hand_tighten
1950849,1960,-11048,12576,-759,1810,-105,insert_bolts_hand_tighten
1950871,1944,-10724,12440,-530,1487,48,insert_bolts_hand_tighten
1950893,2252,-10904,12724,-226,1957,258,insert_bolts_hand_tighten
1950915,1808,-10712,12356,-22,1860,148,insert_bolts_hand_tighten
1950937,1692,-10520,12600,-96,1794,-255,insert_bolts_hand_tighten
1950959,1672,-10388,12604,-161,1969,-498,insert_bolts_hand_tighten
1950981,1620,-10444,12380,-27,1833,-673,insert_bolts_hand_tighten
1951003,1380,-10540,12088,-191,1656,-764,insert_bolts_hand_tighten
1951025,1384,-10600,12268,-215,1601,-938,insert_bolts_hand_tighten
1951047,1464,-10576,12248,174,1059,-974,insert_bolts_hand_tighten
1951069,1524,-10736,12348,185,998,-861,insert_bolts_hand_tighten
1951091,1700,-10924,12376,-86,1098,-767,insert_bolts_hand_tighten
1951113,1696,-11140,12400,-991,1139,-629,insert_bolts_hand_tighten
1951135,1748,-11220,12852,-1403,1436,-556,insert_bolts_hand_tighten
1951157,1704,-11408,12984,-1072,1459,-419,insert_bolts_hand_tighten
1951179,1664,-11512,12700,-512,1667,-363,insert_bolts_hand_tighten
1951201,1656,-11104,12428,-213,1516,-328,insert_bolts_hand_tighten
1951223,1612,-10788,12356,-652,1501,-253,insert_bolts_hand_tighten
1951245,1660,-10824,12588,-854,1614,-377,insert_bolts_hand_tighten
1951267,1492,-10800,12340,-1044,1520,-505,insert_bolts_hand_tighten
1951289,1484,-10724,12096,-741,1600,-677,insert_bolts_hand_tighten
1951311,1620,-10756,11972,-747,1108,-665,insert_bolts_hand_tighten
1951333,1680,-10780,12152,-487,1108,-649,insert_bolts_hand_tighten
1951355,1772,-10956,12060,-411,1241,-633,insert_bolts_hand_tighten
1951377,1964,-11080,12396,-311,1355,-636,insert_bolts_hand_tighten
1951399,1904,-10984,12580,-413,1881,-864,insert_bolts_hand_tighten
1951421,1940,-10980,12432,-582,1683,-1067,insert_bolts_hand_tighten
1951443,1772,-11100,12324,-682,1831,-1295,insert_bolts_hand_tighten
1951465,1832,-10984,12360,-908,1957,-1314,insert_bolts_hand_tighten
1951487,1732,-11120,12088,-888,1999,-1367,insert_bolts_hand_tighten
1951509,1612,-10960,12276,-856,2050,-1511,insert_bolts_hand_tighten
1951531,1472,-10800,12064,-603,2065,-1721,insert_bolts_hand_tighten
1951553,1312,-10692,11844,-685,1988,-1854,insert_bolts_hand_tighten
1951575,1144,-10868,11812,-1051,2009,-1894,insert_bolts_hand_tighten
1951597,972,-11324,12080,-988,1628,-1895,insert_bolts_hand_tighten
1951619,1132,-11684,12420,-840,1239,-1741,insert_bolts_hand_tighten
1951641,1064,-11868,12468,-329,943,-1534,insert_bolts_hand_tighten
1951663,1224,-11840,12380,-143,667,-1285,insert_bolts_hand_tighten
1951685,1204,-11756,12476,-25,584,-1081,insert_bolts_hand_tighten
1951707,1356,-11652,12664,137,767,-943,insert_bolts_hand_tighten
1951729,1320,-11304,12660,351,825,-798,insert_bolts_hand_tighten
1951751,1424,-11060,12460,105,732,-703,insert_bolts_hand_tighten
1951773,1448,-10980,12208,67,678,-669,insert_bolts_hand_tighten
1951795,1400,-10900,12252,96,658,-805,insert_bolts_hand_tighten
1951817,1512,-10872,12020,-153,592,-928,insert_bolts_hand_tighten
1951839,1536,-10968,11880,-334,467,-976,insert_bolts_hand_tighten
1951861,1776,-11152,12304,-397,437,-823,insert_bolts_hand_tighten
1951883,1720,-11172,12364,-63,551,-856,insert_bolts_hand_tighten
1951905,1616,-10952,12304,-100,526,-934,insert_bolts_hand_tighten
1951927,1536,-10840,12320,-589,676,-925,insert_bolts_hand_tighten
1951949,1368,-10884,12344,-973,703,-1030,insert_bolts_hand_tighten
1951971,1364,-10988,12236,-1031,878,-1091,insert_bolts_hand_tighten
1951993,1236,-11076,12200,-802,1009,-1057,insert_bolts_hand_tighten
1952015,1088,-11100,11900,-592,871,-982,insert_bolts_hand_tighten
1952037,1124,-11284,12128,-625,536,-841,insert_bolts_hand_tighten
1952059,1148,-11416,12016,-760,381,-602,insert_bolts_hand_tighten
1952081,1180,-11460,12112,-798,314,-450,insert_bolts_hand_tighten
1952103,1300,-11656,12340,-616,219,-283,insert_bolts_hand_tighten
1952125,1384,-11692,12360,-280,156,-99,insert_bolts_hand_tighten
1952147,1480,-11524,12320,-89,213,183,insert_bolts_hand_tighten
1952169,1576,-11396,12372,-245,215,360,insert_bolts_hand_tighten
1952191,1596,-11264,12464,-396,395,392,insert_bolts_hand_tighten
1952213,1676,-11372,12392,-437,397,460,insert_bolts_hand_tighten
1952235,1576,-11072,12560,-595,543,487,insert_bolts_hand_tighten
1952257,1504,-11164,12432,-337,553,321,insert_bolts_hand_tighten
1952279,1600,-11020,12308,-132,545,170,insert_bolts_hand_tighten
1952301,1576,-10968,12044,-140,518,114,insert_bolts_hand_tighten
1952323,1652,-11116,12136,-316,646,176,insert_bolts_hand_tighten
1952345,1612,-11532,12216,-479,646,65,insert_bolts_hand_tighten
1952367,1716,-11512,12264,-151,671,30,insert_bolts_hand_tighten
1952389,1444,-11300,11952,-252,594,139,insert_bolts_hand_tighten
1952411,1492,-11348,11728,-267,302,195,insert_bolts_hand_tighten
1952433,1488,-11384,11768,-297,50,235,insert_bolts_hand_tighten
1952455,1636,-11604,12144,-64,-236,311,insert_bolts_hand_tighten
1952477,1640,-11528,12016,21,-203,356,insert_bolts_hand_tighten
1952499,1696,-11260,12032,2,-229,438,insert_bolts_hand_tighten
1952521,1516,-11244,12288,-106,-329,475,insert_bolts_hand_tighten
1952543,1540,-11048,12324,-92,-234,339,insert_bolts_hand_tighten
1952565,1592,-11112,12352,6,-97,235,insert_bolts_hand_tighten
1952587,1572,-11024,12364,-65,-66,150,insert_bolts_hand_tighten
1952609,1492,-11192,12524,-349,-23,185,insert_bolts_hand_tighten
1952631,1516,-11120,12340,-581,79,241,insert_bolts_hand_tighten
1952653,1440,-11348,12352,-546,214,326,insert_bolts_hand_tighten
1952675,1564,-11384,12344,-257,254,251,insert_bolts_hand_tighten
1952697,1540,-11376,12204,-70,369,199,insert_bolts_hand_tighten
1952719,1540,-11352,12284,-357,370,229,insert_bolts_hand_tighten
1952741,1600,-11216,12108,-653,445,207,insert_bolts_hand_tighten
1952763,1640,-11372,11968,-592,395,231,insert_bolts_hand_tighten
1952785,1616,-11316,12176,-215,350,236,insert_bolts_hand_tighten
1952807,1652,-11228,12164,189,216,246,insert_bolts_hand_tighten
1952829,1700,-11148,12348,84,55,135,insert_bolts_hand_tighten
1952851,1792,-11064,12244,-225,21,137,insert_bolts_hand_tighten
1952873,1664,-11140,12316,-182,117,51,insert_bolts_hand_tighten
1952895,1564,-11060,12128,-176,266,55,insert_bolts_hand_tighten
1952917,1416,-11224,12152,-80,190,-141,insert_bolts_hand_tighten
1952939,1484,-11364,12080,-132,246,-125,insert_bolts_hand_tighten
1952961,1580,-11596,12072,-228,282,-112,insert_bolts_hand_tighten
1952983,1536,-11412,12024,-348,426,-33,insert_bolts_hand_tighten
1953005,1396,-11368,11752,-476,468,-40,insert_bolts_hand_tighten
1953027,1284,-11240,11824,-410,458,-28,insert_bolts_hand_tighten
1953049,1244,-11276,11680,-449,230,-15,insert_bolts_hand_tighten
1953071,1236,-11228,11584,-495,-30,16,insert_bolts_hand_tighten
1953093,1284,-11468,11880,-326,-183,99,insert_bolts_hand_tighten
1953115,1412,-11416,12228,-258,-267,290,insert_bolts_hand_tighten
1953137,1516,-11312,12152,-223,-269,287,insert_bolts_hand_tighten
1953159,1628,-11528,12256,-313,-256,249,insert_bolts_hand_tighten
1953181,1720,-11440,12372,-307,-168,349,insert_bolts_hand_tighten
1953203,1664,-11428,12504,-341,-85,296,insert_bolts_hand_tighten
1953225,1804,-11308,12348,-382,-20,269,insert_bolts_hand_tighten
1953247,1456,-11296,12320,-346,-22,220,insert_bolts_hand_tighten
1953269,1384,-10992,12084,-332,-2,114,insert_bolts_hand_tighten
1953291,1320,-11216,12056,-230,-30,36,insert_bolts_hand_tighten
1953313,1412,-11064,12028,-126,1,-5,insert_bolts_hand_tighten
1953335,1480,-11228,11780,-146,-9,-15,insert_bolts_hand_tighten
1953357,1508,-11408,12032,-181,-9,17,insert_bolts_hand_tighten
1953379,1608,-11548,12240,-149,-87,0,insert_bolts_hand_tighten
1953401,1672,-11820,12180,-157,-9,68,insert_bolts_hand_tighten
1953423,1808,-11580,12240,-412,41,328,insert_bolts_hand_tighten
1953445,1660,-11408,12160,-409,96,492,insert_bolts_hand_tighten
1953467,1712,-11164,12188,-362,134,580,insert_bolts_hand_tighten
1953489,1644,-11240,12348,-76,23,443,insert_bolts_hand_tighten
1953511,1668,-11140,12416,106,117,200,insert_bolts_hand_tighten
1953533,1652,-10864,12296,-169,106,46,insert_bolts_hand_tighten
1953555,1616,-10880,12408,-434,258,-72,insert_bolts_hand_tighten
1953577,1472,-11124,12092,-398,321,-178,insert_bolts_hand_tighten
1953599,1520,-11300,12128,-237,316,-171,insert_bolts_hand_tighten
1953621,1480,-11444,12136,-3,313,-117,insert_bolts_hand_tighten
1953643,1436,-11344,12076,-144,155,-5,insert_bolts_hand_tighten
1953665,1520,-11472,12004,-226,229,-1,insert_bolts_hand_tighten
1953687,1520,-11520,11936,-206,257,-85,insert_bolts_hand_tighten
1953709,1576,-11364,11976,-236,404,29,insert_bolts_hand_tighten
1953731,1656,-11456,12016,-347,324,68,insert_bolts_hand_tighten
1953753,1616,-11496,11992,-338,380,180,insert_bolts_hand_tighten
1953775,1472,-11440,12148,-383,409,-9,insert_bolts_hand_tighten
1953797,1584,-11336,12084,-365,164,78,insert_bolts_hand_tighten
1953819,1560,-11292,12264,-131,-51,235,insert_bolts_hand_tighten
1953841,1568,-11096,12332,-145,295,179,insert_bolts_hand_tighten
1953863,1496,-11112,12188,-576,550,18,insert_bolts_hand_tighten
1953885,1344,-11300,12176,-593,277,74,insert_bolts_hand_tighten
1953907,1584,-11356,12192,-64,2,127,insert_bolts_hand_tighten
1953929,1716,-11244,12180,149,86,51,insert_bolts_hand_tighten
1953951,1672,-11188,12068,-62,340,-36,insert_bolts_hand_tighten
1953973,1568,-11172,12188,-202,266,-113,insert_bolts_hand_tighten
1953995,1468,-11312,11952,-100,228,-213,insert_bolts_hand_tighten
1954017,1544,-11396,12076,-48,132,-218,insert_bolts_hand_tighten
1954039,1656,-11512,12276,-104,68,-51,insert_bolts_hand_tighten
1954061,1768,-11524,12036,-161,250,76,insert_bolts_hand_tighten
1954083,1668,-11528,12232,-109,430,200,insert_bolts_hand_tighten
1954105,1588,-11308,12236,-190,362,251,insert_bolts_hand_tighten
1954127,1484,-11192,11936,-352,392,224,insert_bolts_hand_tighten
1954149,1460,-11240,12004,-283,306,240,insert_bolts_hand_tighten
1954171,1512,-11252,12040,-28,258,179,insert_bolts_hand_tighten
1954193,1776,-11112,12000,2,229,164,insert_bolts_hand_tighten
