time_ms,ax,ay,az,gx,gy,gz,label
2705185,4140,-8032,13496,-1249,856,110,insert_bolts_hand_tighten
2705207,4356,-8064,13012,-2509,690,23,insert_bolts_hand_tighten
2705229,4684,-8436,12868,-2104,651,-82,insert_bolts_hand_tighten
2705251,4920,-8664,12992,-129,533,156,insert_bolts_hand_tighten
2705273,4820,-8520,13436,1644,67,661,insert_bolts_hand_tighten
2705295,4828,-8316,13724,1625,-398,980,insert_bolts_hand_tighten
2705317,4832,-7824,13712,453,-668,865,insert_bolts_hand_tighten
2705339,4776,-7484,13776,-1147,-447,398,insert_bolts_hand_tighten
2705361,4696,-7624,14320,-1481,-148,68,insert_bolts_hand_tighten
2705383,4860,-8076,14124,-951,-74,-47,insert_bolts_hand_tighten
2705405,4516,-8088,13956,-178,-20,164,insert_bolts_hand_tighten
2705427,4340,-7800,13844,-441,-388,206,insert_bolts_hand_tighten
2705449,4296,-7864,14048,-951,-753,-88,insert_bolts_hand_tighten
2705471,4764,-8248,14440,-1289,-812,-164,insert_bolts_hand_tighten
2705493,4972,-8680,14516,-838,-485,-37,insert_bolts_hand_tighten
2705515,4912,-8712,14412,-194,-203,308,insert_bolts_hand_tighten
2705537,4616,-8556,14396,-394,87,386,insert_bolts_hand_tighten
2705559,4592,-8456,13980,-1109,-30,336,insert_bolts_hand_tighten
2705581,4356,-8248,13568,-1814,-50,192,insert_bolts_hand_tighten
2705603,4380,-8708,13648,-1517,-15,360,insert_bolts_hand_tighten
2705625,4376,-8708,13664,-427,-88,589,insert_bolts_hand_tighten
2705647,4388,-8668,13624,131,-306,827,insert_bolts_hand_tighten
2705669,4380,-8388,13664,-129,-431,918,insert_bolts_hand_tighten
2705691,4388,-8552,13760,-584,-528,720,insert_bolts_hand_tighten
2705713,4652,-8676,13972,-671,-548,757,insert_bolts_hand_tighten
2705735,4788,-8960,13904,-643,-354,854,insert_bolts_hand_tighten
2705757,4808,-8668,13888,-106,-56,1005,insert_bolts_hand_tighten
2705779,4708,-8648,13512,227,-248,1170,insert_bolts_hand_tighten
2705801,4576,-8540,13948,365,-381,1066,insert_bolts_hand_tighten
2705823,4824,-8388,13804,212,-460,910,insert_bolts_hand_tighten
2705845,5036,-8512,14072,-330,-440,736,insert_bolts_hand_tighten
2705867,5168,-8584,13820,-667,-237,682,insert_bolts_hand_tighten
2705889,5148,-8516,13844,-698,17,586,insert_bolts_hand_tighten
2705911,5048,-8628,13792,-83,87,538,insert_bolts_hand_tighten
2705933,4932,-8656,13920,80,95,485,insert_bolts_hand_tighten
2705955,5040,-8536,13864,-155,-38,482,insert_bolts_hand_tighten
2705977,4948,-8524,13716,-791,135,332,insert_bolts_hand_tighten
2705999,4916,-8700,13340,-1001,287,159,insert_bolts_hand_tighten
2706021,4792,-9040,13472,27,140,294,insert_bolts_hand_tighten
2706043,4740,-9032,13428,1169,-135,477,insert_bolts_hand_tighten
2706065,4892,-8940,13480,1426,-291,658,insert_bolts_hand_tighten
2706087,4840,-8804,13588,937,-396,830,insert_bolts_hand_tighten
2706109,4704,-8748,13676,16,-216,725,insert_bolts_hand_tighten
2706131,5020,-8820,13860,-641,-253,624,insert_bolts_hand_tighten
2706153,4916,-8828,13772,-766,98,704,insert_bolts_hand_tighten
2706175,4860,-8964,13732,-259,327,796,insert_bolts_hand_tighten
2706197,4812,-8880,13936,479,443,1060,insert_bolts_hand_tighten
2706219,4868,-8568,13664,629,536,1335,insert_bolts_hand_tighten
2706241,4804,-8268,13820,454,563,1360,insert_bolts_hand_tighten
2706263,4804,-8224,13844,319,682,1320,insert_bolts_hand_tighten
2706285,4788,-8108,13664,196,612,1194,insert_bolts_hand_tighten
2706307,4740,-7892,13460,20,565,1141,insert_bolts_hand_tighten
2706329,4660,-7664,13400,-125,509,1000,insert_bolts_hand_tighten
2706351,4600,-7864,13632,41,358,796,insert_bolts_hand_tighten
2706373,4504,-7696,13632,295,156,612,insert_bolts_hand_tighten
2706395,4612,-7840,13700,149,72,464,insert_bolts_hand_tighten
2706417,4500,-7752,13696,-176,55,467,insert_bolts_hand_tighten
2706439,4376,-8108,13876,-183,-64,310,insert_bolts_hand_tighten
2706461,4556,-8352,14160,75,-94,197,insert_bolts_hand_tighten
2706483,4636,-8072,13916,-18,48,137,insert_bolts_hand_tighten
2706505,4424,-8104,13652,-523,271,132,insert_bolts_hand_tighten
2706527,4284,-8040,13660,-913,263,81,insert_bolts_hand_tighten
2706549,4172,-8236,13656,-856,104,-42,insert_bolts_hand_tighten
2706571,4144,-8528,13728,-547,-110,-126,insert_bolts_hand_tighten
2706593,4252,-8636,14100,-208,-190,-126,insert_bolts_hand_tighten
2706615,4408,-8596,14104,-200,-122,33,insert_bolts_hand_tighten
2706637,4464,-8692,14352,-268,89,247,insert_bolts_hand_tighten
2706659,4528,-8572,14348,-88,348,296,insert_bolts_hand_tighten
2706681,4396,-8376,14248,21,593,239,insert_bolts_hand_tighten
2706703,4392,-8344,14012,-291,808,138,insert_bolts_hand_tighten
2706725,4404,-8220,13884,-470,1014,-35,insert_bolts_hand_tighten
2706747,4308,-8452,13840,-343,1058,-246,insert_bolts_hand_tighten
2706769,4432,-8480,13812,-374,1002,-326,insert_bolts_hand_tighten
2706791,4396,-8740,13796,-541,993,-294,insert_bolts_hand_tighten
2706813,4480,-8736,13684,-642,937,-193,insert_bolts_hand_tighten
2706835,4432,-8784,13740,-502,881,-86,insert_bolts_hand_tighten
2706857,4320,-8720,13812,-273,857,10,insert_bolts_hand_tighten
2706879,4356,-8540,13828,-153,705,35,insert_bolts_hand_tighten
2706901,4196,-8364,13756,-424,639,-80,insert_bolts_hand_tighten
2706923,4116,-8292,13792,-616,660,-166,insert_bolts_hand_tighten
2706945,4024,-8372,13864,-517,679,-152,insert_bolts_hand_tighten
2706967,4112,-8420,13960,-183,604,-236,insert_bolts_hand_tighten
2706989,4268,-8376,13908,-242,574,-176,insert_bolts_hand_tighten
2707011,4140,-8372,13880,-676,679,-161,insert_bolts_hand_tighten
2707033,4048,-8500,13880,-774,714,-253,insert_bolts_hand_tighten
2707055,4012,-8456,13540,-662,565,-231,insert_bolts_hand_tighten
2707077,3776,-8524,13568,-613,383,-157,insert_bolts_hand_tighten
2707099,3912,-8496,13692,-378,134,-218,insert_bolts_hand_tighten
2707121,4020,-8560,13900,-190,16,-200,insert_bolts_hand_tighten
2707143,4204,-8584,14056,-321,164,-279,insert_bolts_hand_tighten
2707165,4260,-8564,14180,-512,448,-339,insert_bolts_hand_tighten
2707187,4248,-8712,14276,-751,597,-370,insert_bolts_hand_tighten
2707209,4112,-8740,13940,-1058,746,-461,insert_bolts_hand_tighten
2707231,4220,-8780,13964,-1394,576,-445,insert_bolts_hand_tighten
2707253,4196,-8980,13660,-1494,683,-410,insert_bolts_hand_tighten
2707275,4140,-9032,13628,-1154,535,-381,insert_bolts_hand_tighten
2707297,4188,-9216,13688,-602,576,-282,insert_bolts_hand_tighten
2707319,4316,-9248,13640,-173,386,-122,insert_bolts_hand_tighten
2707341,4328,-9040,13564,-155,486,-36,insert_bolts_hand_tighten
2707363,4396,-9120,13632,-655,374,115,insert_bolts_hand_tighten
2707385,4392,-9152,13600,-981,813,-49,insert_bolts_hand_tighten
2707407,4248,-9360,13700,-887,934,14,insert_bolts_hand_tighten
2707429,4288,-9432,13816,-406,1163,203,insert_bolts_hand_tighten
2707451,4096,-9160,13988,-187,819,417,insert_bolts_hand_tighten
2707473,4100,-8864,14012,-437,440,598,insert_bolts_hand_tighten
2707495,4164,-8952,13636,-838,322,576,insert_bolts_hand_tighten
2707517,4128,-9176,13064,-830,327,630,insert_bolts_hand_tighten
2707539,3944,-9192,13180,-529,686,571,insert_bolts_hand_tighten
2707561,3760,-8648,13656,-646,1151,555,insert_bolts_hand_tighten
2707583,3488,-8516,13808,-981,1013,268,insert_bolts_hand_tighten
2707605,3380,-8028,13332,-1291,647,-9,insert_bolts_hand_tighten
2707627,3096,-8232,13372,-1705,386,-438,insert_bolts_hand_tighten
2707649,3260,-8584,13368,-1266,431,-769,insert_bolts_hand_tighten
2707671,3512,-8612,13984,-382,518,-787,insert_bolts_hand_tighten
2707693,3616,-8628,14224,-278,368,-594,insert_bolts_hand_tighten
2707715,3952,-8956,14376,-97,593,-709,insert_bolts_hand_tighten
2707737,4112,-8672,14208,-435,537,-674,insert_bolts_hand_tighten
2707759,4212,-8784,14028,-691,532,-701,insert_bolts_hand_tighten
2707781,4136,-8736,13728,-808,718,-657,insert_bolts_hand_tighten
2707803,3904,-8564,13452,-871,696,-731,insert_bolts_hand_tighten
2707825,3692,-8228,13296,-802,658,-1065,insert_bolts_hand_tighten
2707847,3644,-7808,12920,-836,524,-1463,insert_bolts_hand_tighten
2707869,3804,-8460,13324,-1036,370,-1925,insert_bolts_hand_tighten
2707891,3932,-8060,13264,-1195,534,-2268,insert_bolts_hand_tighten
2707913,4292,-8712,13600,-1461,312,-2521,insert_bolts_hand_tighten
2707935,4408,-8536,13020,-2269,592,-2695,insert_bolts_hand_tighten
2707957,4352,-8652,12728,-2747,767,-2994,insert_bolts_hand_tighten
2707979,4228,-8064,12364,-3502,937,-3450,insert_bolts_hand_tighten
2708001,4080,-8168,12496,-4501,558,-3893,insert_bolts_hand_tighten
2708023,4452,-8356,12648,-5135,389,-4606,insert_bolts_hand_tighten
2708045,4676,-9268,12472,-5344,386,-4894,insert_bolts_hand_tighten
2708067,5104,-9556,12392,-4322,679,-5135,insert_bolts_hand_tighten
2708089,5048,-9180,12220,-3210,1014,-5147,insert_bolts_hand_tighten
2708111,4900,-8964,11916,-1618,1077,-5415,insert_bolts_hand_tighten
2708133,4548,-8200,11496,-964,1416,-5903,insert_bolts_hand_tighten
2708155,4056,-7292,11256,-1542,877,-6759,insert_bolts_hand_tighten
2708177,3912,-7440,10988,-1843,114,-7687,insert_bolts_hand_tighten
2708199,4628,-8276,10472,459,428,-8634,insert_bolts_hand_tighten
2708221,5272,-8772,10788,1558,556,-9136,insert_bolts_hand_tighten
2708243,5848,-9112,11420,531,-88,-8719,insert_bolts_hand_tighten
2708265,6088,-9816,11536,-920,-775,-8400,insert_bolts_hand_tighten
2708287,6588,-10744,11772,1610,-1330,-7869,insert_bolts_hand_tighten
2708309,6848,-10248,11912,6720,-2040,-6786,insert_bolts_hand_tighten
2708331,7368,-9152,12688,8049,-4152,-5733,insert_bolts_hand_tighten
2708353,8272,-7928,13156,3616,-5650,-5017,insert_bolts_hand_tighten
2708375,8332,-8596,13160,949,-5730,-5400,insert_bolts_hand_tighten
2708397,8308,-8500,13292,1787,-4476,-5608,insert_bolts_hand_tighten
2708419,8224,-7776,12888,3020,-4012,-5567,insert_bolts_hand_tighten
2708441,8588,-6920,12612,3098,-3568,-5315,insert_bolts_hand_tighten
2708463,8860,-6420,12692,2294,-3387,-5510,insert_bolts_hand_tighten
2708485,8840,-7024,13416,862,-3859,-5841,insert_bolts_hand_tighten
2708507,9200,-6852,14060,-986,-4282,-6197,insert_bolts_hand_tighten
2708529,9280,-7488,13768,-1634,-4925,-6281,insert_bolts_hand_tighten
2708551,9792,-6636,12336,-1010,-4587,-6092,insert_bolts_hand_tighten
2708573,10804,-7224,12224,1506,-2955,-5086,insert_bolts_hand_tighten
2708595,10608,-7592,12388,4781,-1230,-3494,insert_bolts_hand_tighten
2708617,10084,-6564,12336,6923,-1398,-2782,insert_bolts_hand_tighten
2708639,9900,-5652,12112,9118,-2802,-2206,insert_bolts_hand_tighten
2708661,9828,-4096,11376,8153,-4898,-2430,insert_bolts_hand_tighten
2708683,11104,-2824,10364,5229,-6543,-3098,insert_bolts_hand_tighten
2708705,12472,-4560,11312,6945,-4890,-3904,insert_bolts_hand_tighten
2708727,12532,-3388,11984,11103,-2785,-3815,insert_bolts_hand_tighten
2708749,9784,-1576,12476,8595,-3013,-4894,insert_bolts_hand_tighten
2708771,13884,-1836,12652,4245,-4993,-3308,insert_bolts_hand_tighten
2708793,14244,-3188,12288,427,-4030,-2523,insert_bolts_hand_tighten
2708815,15076,-3464,12440,1593,-3575,-1546,insert_bolts_hand_tighten
2708837,14656,-3192,14020,4782,2010,273,insert_bolts_hand_tighten
2708859,14900,-976,14820,3064,2512,1456,insert_bolts_hand_tighten
2708881,12132,-3372,13408,-734,689,753,insert_bolts_hand_tighten
2708903,13048,-2940,13100,2277,873,1681,insert_bolts_hand_tighten
2708925,13828,-2620,13456,2764,-187,1976,insert_bolts_hand_tighten
2708947,12640,-544,13212,-1352,877,1500,insert_bolts_hand_tighten
2708969,14836,-660,13020,-3100,807,1845,insert_bolts_hand_tighten
2708991,16068,-3528,16916,-5585,4882,3360,insert_bolts_hand_tighten
2709013,17244,-5500,18316,-7783,7058,4790,insert_bolts_hand_tighten
2709035,17164,-4776,18120,-11286,8172,7644,insert_bolts_hand_tighten
2709057,16480,-4632,18620,-13770,9203,11529,insert_bolts_hand_tighten
2709079,14712,-7168,16136,-18199,5473,14474,insert_bolts_hand_tighten
2709101,15268,-10096,13556,-12444,2634,16194,insert_bolts_hand_tighten
2709123,14804,-9532,11792,-10226,3257,17795,insert_bolts_hand_tighten
2709145,12356,-10492,11748,-10070,4290,19462,insert_bolts_hand_tighten
2709167,10372,-10484,11608,-9820,2531,19435,insert_bolts_hand_tighten
2709189,9048,-9324,9808,-11597,168,18953,insert_bolts_hand_tighten
2709211,7700,-10248,8148,-12592,-423,18320,insert_bolts_hand_tighten
2709233,6588,-10200,7304,-12475,-131,17418,insert_bolts_hand_tighten
2709255,6140,-10368,7628,-10548,510,17381,insert_bolts_hand_tighten
2709277,4288,-10080,7248,-9077,1849,17212,insert_bolts_hand_tighten
2709299,2980,-9808,6752,-7101,1542,15596,insert_bolts_hand_tighten
2709321,2252,-10984,7136,-3523,860,13252,insert_bolts_hand_tighten
2709343,2284,-9880,8408,-753,809,11965,insert_bolts_hand_tighten
2709365,1700,-8352,8540,612,1700,11989,insert_bolts_hand_tighten
2709387,1728,-8488,8352,690,1858,11811,insert_bolts_hand_tighten
2709409,864,-11468,8656,-2383,1044,10376,insert_bolts_hand_tighten
2709431,2032,-11104,8824,-576,361,8694,insert_bolts_hand_tighten
2709453,1988,-10084,9628,1537,1751,7487,insert_bolts_hand_tighten
2709475,1696,-10812,10616,-640,1924,7928,insert_bolts_hand_tighten
2709497,1448,-12160,10756,-1995,1959,7613,insert_bolts_hand_tighten
2709519,1348,-12692,10152,-3576,2112,6645,insert_bolts_hand_tighten
2709541,564,-12536,9212,-4378,2933,5309,insert_bolts_hand_tighten
2709563,-384,-13196,8164,-3297,2447,4251,insert_bolts_hand_tighten
2709585,-1304,-12800,7600,-2705,2718,3472,insert_bolts_hand_tighten
2709607,-1724,-12556,7420,64,1640,2720,insert_bolts_hand_tighten
2709629,-2324,-13484,8148,4214,-335,2285,insert_bolts_hand_tighten
2709651,-1388,-12480,8296,8180,-3182,1659,insert_bolts_hand_tighten
2709673,672,-12240,7544,9295,-4725,2715,insert_bolts_hand_tighten
2709695,1012,-12052,9348,7268,-2706,3820,insert_bolts_hand_tighten
2709717,1128,-12184,11816,4675,-2922,3548,insert_bolts_hand_tighten
2709739,1504,-12704,12404,4901,-3496,2237,insert_bolts_hand_tighten
2709761,1888,-11244,11120,4829,-4144,1143,insert_bolts_hand_tighten
2709783,2564,-11008,9056,5851,-2952,81,insert_bolts_hand_tighten
2709805,2348,-10572,10464,6273,914,-33,insert_bolts_hand_tighten
2709827,860,-10452,11728,3834,2593,-433,insert_bolts_hand_tighten
2709849,-96,-11508,11960,2485,964,-1269,insert_bolts_hand_tighten
2709871,-108,-12568,11708,4371,662,-1490,insert_bolts_hand_tighten
2709893,-756,-11788,11136,6066,-8,-1037,insert_bolts_hand_tighten
2709915,-12,-9524,11240,3860,-591,-284,insert_bolts_hand_tighten
2709937,-800,-12028,11944,1119,-340,-455,insert_bolts_hand_tighten
2709959,-220,-13508,11288,4461,22,-843,insert_bolts_hand_tighten
2709981,884,-12884,12812,10071,2627,-963,insert_bolts_hand_tighten
2710003,668,-8640,14548,8915,2786,892,insert_bolts_hand_tighten
2710025,-1112,-9508,13348,2592,-1161,1369,insert_bolts_hand_tighten
2710047,-516,-9344,12352,-609,-2589,953,insert_bolts_hand_tighten
2710069,84,-11808,11540,359,-2707,205,insert_bolts_hand_tighten
2710091,724,-13496,12540,8878,-898,-20,insert_bolts_hand_tighten
2710113,1152,-9516,14212,16341,629,1225,insert_bolts_hand_tighten
2710135,-1308,-8532,14528,8359,-769,1918,insert_bolts_hand_tighten
2710157,-556,-7736,14000,5415,-2847,1848,insert_bolts_hand_tighten
2710179,536,-7124,14040,1515,-2499,1772,insert_bolts_hand_tighten
2710201,380,-9076,14952,2287,-1375,1054,insert_bolts_hand_tighten
2710223,12,-9636,14072,6299,-1877,560,insert_bolts_hand_tighten
2710245,244,-7712,15784,4520,-952,1106,insert_bolts_hand_tighten
2710267,696,-6060,16272,-163,-2271,2480,insert_bolts_hand_tighten
2710289,-1072,-7568,14680,-6347,-4685,2253,insert_bolts_hand_tighten
2710311,1160,-8472,14060,-7149,-2926,2065,insert_bolts_hand_tighten
2710333,1144,-12720,14340,621,-592,1539,insert_bolts_hand_tighten
2710355,-160,-10724,13448,6765,-721,1963,insert_bolts_hand_tighten
2710377,352,-7772,13040,6541,-2045,1820,insert_bolts_hand_tighten
2710399,628,-7688,12752,4009,-2432,1511,insert_bolts_hand_tighten
2710421,1072,-5940,14260,206,-1704,1078,insert_bolts_hand_tighten
2710443,1380,-5708,15004,-2612,-2416,773,insert_bolts_hand_tighten
2710465,1148,-5044,14472,-7434,-2647,-492,insert_bolts_hand_tighten
2710487,1848,-7456,14204,-8441,-2751,-1187,insert_bolts_hand_tighten
2710509,2204,-10588,14128,-5524,-2382,-1603,insert_bolts_hand_tighten
2710531,3192,-11248,14792,774,-1841,-117,insert_bolts_hand_tighten
2710553,2008,-8284,14384,586,-1333,876,insert_bolts_hand_tighten
2710575,1604,-7340,13384,-3604,-3116,1120,insert_bolts_hand_tighten
2710597,1904,-7052,14152,-8622,-3891,1287,insert_bolts_hand_tighten
2710619,2788,-7916,15004,-11429,-2351,831,insert_bolts_hand_tighten
2710641,2480,-10596,13116,-10703,-2069,929,insert_bolts_hand_tighten
2710663,2448,-12900,12448,-5697,1655,-534,insert_bolts_hand_tighten
2710685,1060,-12176,12256,-788,3074,-1524,insert_bolts_hand_tighten
2710707,936,-10812,13148,1559,2286,-1801,insert_bolts_hand_tighten
2710729,1180,-9612,13632,-790,500,-1324,insert_bolts_hand_tighten
2710751,964,-11732,11928,-1655,-58,-645,insert_bolts_hand_tighten
2710773,1476,-12164,11236,4166,206,-1704,insert_bolts_hand_tighten
2710795,-144,-11028,11356,6676,1165,-2015,insert_bolts_hand_tighten
2710817,2152,-7368,14020,3898,2467,-1811,insert_bolts_hand_tighten
2710839,1212,-7292,15472,-4120,194,-609,insert_bolts_hand_tighten
2710861,2344,-8776,14624,-5128,-1891,-865,insert_bolts_hand_tighten
2710883,1788,-8356,12748,-7338,-3892,-1375,insert_bolts_hand_tighten
2710905,3264,-8704,12460,-8588,-2659,-2497,insert_bolts_hand_tighten
2710927,2472,-10416,12352,-10551,-1247,-3150,insert_bolts_hand_tighten
2710949,4632,-13096,12460,-5029,-1655,-2754,insert_bolts_hand_tighten
2710971,3320,-11480,12368,-6685,787,-2368,insert_bolts_hand_tighten
2710993,3852,-11764,12296,-5688,1135,-1254,insert_bolts_hand_tighten
2711015,3308,-11904,12308,-5042,-478,-653,insert_bolts_hand_tighten
2711037,3736,-11604,12332,-6060,503,-815,insert_bolts_hand_tighten
2711059,3468,-11444,12424,-5216,704,-1100,insert_bolts_hand_tighten
2711081,3452,-10364,11952,-6228,306,-736,insert_bolts_hand_tighten
2711103,3436,-11020,11540,-9031,967,37,insert_bolts_hand_tighten
2711125,3232,-12532,11032,-11302,1539,859,insert_bolts_hand_tighten
2711147,2804,-13972,9964,-11259,1409,123,insert_bolts_hand_tighten
2711169,1712,-14600,9220,-8039,1661,-1785,insert_bolts_hand_tighten
2711191,1300,-15280,8640,-3622,414,-1961,insert_bolts_hand_tighten
2711213,1288,-14716,8136,-715,-1980,-1870,insert_bolts_hand_tighten
2711235,2496,-14860,8568,1916,-3755,-1213,insert_bolts_hand_tighten
2711257,2284,-12800,7948,1131,-862,-789,insert_bolts_hand_tighten
2711279,2412,-13212,8468,-636,-350,-622,insert_bolts_hand_tighten
2711301,1976,-13540,9436,-1616,-461,-1452,insert_bolts_hand_tighten
2711323,4332,-12196,9988,-5877,-743,-202,insert_bolts_hand_tighten
2711345,3204,-12376,9784,-10146,791,-150,insert_bolts_hand_tighten
2711367,3520,-14312,9280,-11565,-926,334,insert_bolts_hand_tighten
2711389,3308,-14688,8964,-7460,-197,-1015,insert_bolts_hand_tighten
2711411,3024,-13916,7968,-3434,61,-1300,insert_bolts_hand_tighten
2711433,3212,-13716,7568,-1248,-621,-1463,insert_bolts_hand_tighten
2711455,4028,-15028,6624,959,-587,-896,insert_bolts_hand_tighten
2711477,4516,-15484,6940,3974,-610,-213,insert_bolts_hand_tighten
2711499,4988,-14380,7188,5646,-971,232,insert_bolts_hand_tighten
2711521,4632,-13128,7640,3645,-1011,801,insert_bolts_hand_tighten
2711543,4612,-13040,8240,1283,-667,866,insert_bolts_hand_tighten
2711565,5096,-13152,9492,-355,-118,935,insert_bolts_hand_tighten
2711587,4900,-13340,9764,1082,1531,235,insert_bolts_hand_tighten
2711609,4848,-10856,11432,2431,2397,-84,insert_bolts_hand_tighten
2711631,4936,-9620,13428,-679,1751,1286,insert_bolts_hand_tighten
2711653,5680,-10240,12428,-6265,1977,746,insert_bolts_hand_tighten
2711675,5508,-11492,10616,-10054,4258,-1319,insert_bolts_hand_tighten
2711697,6816,-13104,9372,-13404,5985,-1505,insert_bolts_hand_tighten
2711719,5124,-14672,8724,-14961,12270,-670,insert_bolts_hand_tighten
2711741,3916,-15928,7868,-8674,14665,-1989,insert_bolts_hand_tighten
2711763,3580,-14704,6824,-4792,14240,-2462,insert_bolts_hand_tighten
2711785,3600,-14284,5620,-4288,16612,-3896,insert_bolts_hand_tighten
2711807,2904,-14048,4356,-4641,17019,-5454,insert_bolts_hand_tighten
2711829,2464,-12860,4396,-5874,18183,-6928,insert_bolts_hand_tighten
2711851,1820,-12556,4436,-8709,17877,-7584,insert_bolts_hand_tighten
2711873,1812,-11876,3976,-11111,15648,-7891,insert_bolts_hand_tighten
2711895,1104,-11992,2952,-12499,14948,-8500,insert_bolts_hand_tighten
2711917,1500,-13672,1776,-10606,12617,-9288,insert_bolts_hand_tighten
2711939,3208,-15444,1096,-6984,10136,-10269,insert_bolts_hand_tighten
2711961,3108,-14148,692,-4799,9335,-10927,insert_bolts_hand_tighten
2711983,3552,-13344,864,-2212,7702,-10785,insert_bolts_hand_tighten
2712005,3264,-14080,2136,1974,6114,-10661,insert_bolts_hand_tighten
2712027,3520,-15408,3044,7840,2093,-10576,insert_bolts_hand_tighten
2712049,4900,-14864,4032,9449,-1263,-10996,insert_bolts_hand_tighten
2712071,6512,-13432,4416,5597,-2898,-11328,insert_bolts_hand_tighten
2712093,6920,-14616,4164,6619,-697,-11169,insert_bolts_hand_tighten
2712115,6408,-15184,4988,13247,-315,-9585,insert_bolts_hand_tighten
2712137,5988,-13344,5848,18151,-1028,-8074,insert_bolts_hand_tighten
2712159,6900,-11676,8588,12969,-3173,-8232,insert_bolts_hand_tighten
2712181,7404,-11128,10020,5117,-4320,-9181,insert_bolts_hand_tighten
2712203,7984,-11912,8084,3583,-4666,-10145,insert_bolts_hand_tighten
2712225,9364,-13536,6580,10461,-3761,-9322,insert_bolts_hand_tighten
2712247,11468,-14168,7328,13366,-2190,-7287,insert_bolts_hand_tighten
2712269,9312,-11284,8796,10054,-2401,-7181,insert_bolts_hand_tighten
2712291,9728,-12032,9168,9467,-4257,-6411,insert_bolts_hand_tighten
2712313,10004,-11696,9060,14904,-5106,-5845,insert_bolts_hand_tighten
2712335,10532,-9624,8652,19437,-6823,-5056,insert_bolts_hand_tighten
2712357,11596,-7708,9584,15852,-6645,-5081,insert_bolts_hand_tighten
2712379,12024,-7468,9288,10439,-5006,-5385,insert_bolts_hand_tighten
2712401,11552,-8560,8772,13370,-3560,-5143,insert_bolts_hand_tighten
2712423,11656,-7852,7804,20507,-4457,-4215,insert_bolts_hand_tighten
2712445,11572,-5064,8508,23156,-5219,-2864,insert_bolts_hand_tighten
2712467,11936,-2520,10664,16930,-6056,-2747,insert_bolts_hand_tighten
2712489,13272,-2240,11420,9615,-6131,-2743,insert_bolts_hand_tighten
2712511,14384,-5800,11336,5790,-4969,-2552,insert_bolts_hand_tighten
2712533,15464,-6416,10900,9558,-2604,-1985,insert_bolts_hand_tighten
2712555,15500,-5472,11740,12675,800,-440,insert_bolts_hand_tighten
2712577,14496,-3296,11796,14366,3151,996,insert_bolts_hand_tighten
2712599,13488,-780,11844,10861,3521,1766,insert_bolts_hand_tighten
2712621,12640,-1940,12632,4169,2126,1779,insert_bolts_hand_tighten
2712643,12892,-3220,13344,-237,39,682,insert_bolts_hand_tighten
2712665,14084,-4032,12536,93,-524,-866,insert_bolts_hand_tighten
2712687,16904,-4100,13936,-93,4686,-212,insert_bolts_hand_tighten
2712709,10156,-1908,13436,3194,7178,-1040,insert_bolts_hand_tighten
2712731,12016,-1368,12224,-352,2646,646,insert_bolts_hand_tighten
2712753,11624,-2836,12848,-1876,4621,319,insert_bolts_hand_tighten
2712775,11648,-6760,14780,-2697,3001,293,insert_bolts_hand_tighten
2712797,11288,-2472,13588,359,4863,814,insert_bolts_hand_tighten
2712819,11076,-1820,13136,-128,2044,328,insert_bolts_hand_tighten
2712841,11432,-1544,12948,-2025,1237,121,insert_bolts_hand_tighten
2712863,11568,-2840,13572,-659,903,-80,insert_bolts_hand_tighten
2712885,11548,-3752,13580,582,418,47,insert_bolts_hand_tighten
2712907,10960,-3016,14344,2529,-47,345,insert_bolts_hand_tighten
2712929,10948,-1644,13984,-1972,-1297,-1399,insert_bolts_hand_tighten
2712951,12088,-1388,12520,-8364,-2387,-3030,insert_bolts_hand_tighten
2712973,12952,-3464,12728,-7461,-2926,-1978,insert_bolts_hand_tighten
2712995,16376,-1716,13548,-8106,-1897,721,insert_bolts_hand_tighten
2713017,13028,-5964,13812,-9860,-1385,913,insert_bolts_hand_tighten
2713039,17316,-4412,15704,-18953,-3127,2138,insert_bolts_hand_tighten
2713061,18428,-8040,15188,-26323,-2859,4623,insert_bolts_hand_tighten
2713083,18356,-12072,14584,-28283,3234,10002,insert_bolts_hand_tighten
2713105,15848,-15740,14328,-26001,3448,14585,insert_bolts_hand_tighten
2713127,13456,-16044,12248,-25356,1318,18617,insert_bolts_hand_tighten
2713149,11948,-16224,9748,-25956,-1970,21920,insert_bolts_hand_tighten
2713171,10904,-17828,7672,-21125,-1691,24935,insert_bolts_hand_tighten
2713193,8748,-16452,5948,-14785,-754,25948,insert_bolts_hand_tighten
2713215,7304,-14752,4404,-11339,-2050,26508,insert_bolts_hand_tighten
2713237,6516,-12772,3196,-9187,-2444,25659,insert_bolts_hand_tighten
2713259,5520,-11864,3524,-7908,-1207,24139,insert_bolts_hand_tighten
2713281,4700,-10824,4484,-5480,-2010,22127,insert_bolts_hand_tighten
2713303,4572,-9336,4140,-5087,-3205,19810,insert_bolts_hand_tighten
2713325,5188,-10360,4180,-4030,-3938,18457,insert_bolts_hand_tighten
2713347,4640,-10188,4164,-3147,-3740,16633,insert_bolts_hand_tighten
2713369,3684,-10092,4068,-550,-4034,14293,insert_bolts_hand_tighten
2713391,3004,-9196,3880,2106,-4588,11093,insert_bolts_hand_tighten
2713413,2904,-10388,4424,2334,-5178,8592,insert_bolts_hand_tighten
2713435,2624,-11672,4868,4221,-4108,6057,insert_bolts_hand_tighten
2713457,2816,-10876,6228,4837,-2528,5844,insert_bolts_hand_tighten
2713479,2452,-11316,6068,2595,-1941,4377,insert_bolts_hand_tighten
2713501,1572,-12436,5972,2660,-1928,1963,insert_bolts_hand_tighten
2713523,1008,-12008,5776,3038,-2028,338,insert_bolts_hand_tighten
2713545,964,-12300,5548,1253,-2374,233,insert_bolts_hand_tighten
2713567,376,-13932,5680,-1372,-1771,374,insert_bolts_hand_tighten
2713589,276,-15064,6316,-1861,-1805,506,insert_bolts_hand_tighten
2713611,52,-16284,5408,1970,-2137,-405,insert_bolts_hand_tighten
2713633,172,-16232,4924,4637,-1196,-1022,insert_bolts_hand_tighten
2713655,56,-14608,7120,4173,1793,-1078,insert_bolts_hand_tighten
2713677,808,-15636,5924,-470,940,-202,insert_bolts_hand_tighten
2713699,1108,-15616,5912,3969,1265,-501,insert_bolts_hand_tighten
2713721,1052,-14724,6204,3187,-50,125,insert_bolts_hand_tighten
2713743,736,-14740,5560,1658,-711,-728,insert_bolts_hand_tighten
2713765,1556,-15012,5500,1823,-647,-1090,insert_bolts_hand_tighten
2713787,2404,-15528,7316,3724,265,-75,insert_bolts_hand_tighten
2713809,1532,-15524,7612,4192,-249,1119,insert_bolts_hand_tighten
2713831,1756,-14232,8000,2446,-946,1527,insert_bolts_hand_tighten
2713853,760,-15140,8548,1086,1315,592,insert_bolts_hand_tighten
2713875,892,-15152,8840,3580,961,465,insert_bolts_hand_tighten
2713897,444,-14012,8736,5137,1798,867,insert_bolts_hand_tighten
2713919,24,-12628,8984,3859,1620,287,insert_bolts_hand_tighten
2713941,564,-12052,9376,1793,1398,-90,insert_bolts_hand_tighten
2713963,1004,-11544,10436,-555,1244,-174,insert_bolts_hand_tighten
2713985,1160,-11712,10568,-2627,2123,-826,insert_bolts_hand_tighten
2714007,1028,-10808,9664,-4192,3810,-2660,insert_bolts_hand_tighten
2714029,1036,-9904,8540,-6927,6011,-4789,insert_bolts_hand_tighten
2714051,360,-8888,6968,-7719,8265,-7802,insert_bolts_hand_tighten
2714073,520,-8768,6028,-3449,8919,-10911,insert_bolts_hand_tighten
2714095,596,-8820,5688,877,8960,-14230,insert_bolts_hand_tighten
2714117,852,-7396,5780,-603,6347,-17327,insert_bolts_hand_tighten
2714139,2580,-7132,4516,-7472,4042,-19575,insert_bolts_hand_tighten
2714161,4032,-11320,2912,-4369,5704,-21754,insert_bolts_hand_tighten
2714183,4480,-14048,3072,6751,8306,-23172,insert_bolts_hand_tighten
2714205,6020,-14768,4468,6933,4128,-22704,insert_bolts_hand_tighten
2714227,7452,-12048,5500,-1200,246,-22376,insert_bolts_hand_tighten
2714249,7228,-13332,4284,-373,889,-22904,insert_bolts_hand_tighten
2714271,7472,-15292,2712,11523,-2118,-20608,insert_bolts_hand_tighten
2714293,8124,-14212,3876,18332,-2744,-17530,insert_bolts_hand_tighten
2714315,9748,-12808,7804,15447,-4990,-15449,insert_bolts_hand_tighten
2714337,10560,-12556,9648,12599,-8334,-15111,insert_bolts_hand_tighten
2714359,11060,-12008,8480,17318,-9841,-14256,insert_bolts_hand_tighten
2714381,12764,-10920,7456,20519,-12159,-11987,insert_bolts_hand_tighten
2714403,15324,-10820,10372,17978,-9685,-9701,insert_bolts_hand_tighten
2714425,14868,-9632,12680,18461,-4019,-8453,insert_bolts_hand_tighten
2714447,14592,-8276,12724,21606,-5181,-6861,insert_bolts_hand_tighten
2714469,14716,-5452,12120,21744,-4831,-4833,insert_bolts_hand_tighten
2714491,15200,-4720,12776,16802,-2935,-3507,insert_bolts_hand_tighten
2714513,14612,-4560,13140,11512,-1855,-2949,insert_bolts_hand_tighten
2714535,14540,-4600,12784,11090,-1122,-2710,insert_bolts_hand_tighten
2714557,14140,-3968,12472,11826,-668,-1303,insert_bolts_hand_tighten
2714579,13872,-2344,11532,11217,336,-521,insert_bolts_hand_tighten
2714601,13372,-2512,12008,13639,194,1911,insert_bolts_hand_tighten
2714623,13052,-1184,12928,12230,2272,-1583,insert_bolts_hand_tighten
2714645,13308,-1084,12624,9460,3533,-1369,insert_bolts_hand_tighten
2714667,12692,-776,12028,7053,2318,-1091,insert_bolts_hand_tighten
2714689,14792,808,13868,4137,2042,-100,insert_bolts_hand_tighten
2714711,13312,-1788,13324,1823,1715,1111,insert_bolts_hand_tighten
2714733,13560,-1956,12568,4127,1092,2416,insert_bolts_hand_tighten
2714755,14504,-1560,15060,3558,843,3229,insert_bolts_hand_tighten
2714777,14376,1024,12972,1911,-1004,2017,insert_bolts_hand_tighten
2714799,14668,1180,13556,-5746,-946,2607,insert_bolts_hand_tighten
2714821,16084,-1496,14452,-10923,85,3144,insert_bolts_hand_tighten
2714843,17592,-2000,16556,-18764,3309,4146,insert_bolts_hand_tighten
2714865,19280,-4436,17792,-26187,4873,7129,insert_bolts_hand_tighten
2714887,19084,-8964,15940,-31654,5492,11823,insert_bolts_hand_tighten
2714909,19024,-11856,14040,-30528,4896,16737,insert_bolts_hand_tighten
2714931,18980,-15592,13080,-24481,5569,21178,insert_bolts_hand_tighten
2714953,17680,-15492,11116,-18548,7800,24362,insert_bolts_hand_tighten
2714975,15184,-13700,9804,-20327,9785,26059,insert_bolts_hand_tighten
2714997,11016,-13628,8172,-23732,9125,26649,insert_bolts_hand_tighten
2715019,7860,-13020,6264,-20978,6433,27589,insert_bolts_hand_tighten
2715041,5496,-11128,3836,-15607,3565,27873,insert_bolts_hand_tighten
2715063,3320,-10508,2836,-10658,3002,26645,insert_bolts_hand_tighten
2715085,1688,-9596,3604,-6980,2298,23949,insert_bolts_hand_tighten
2715107,1164,-8956,4928,-933,362,19946,insert_bolts_hand_tighten
2715129,2360,-7516,4568,4693,-6511,19243,insert_bolts_hand_tighten
2715151,432,-6324,5296,5985,969,14844,insert_bolts_hand_tighten
2715173,184,-7012,5548,9024,-1109,11946,insert_bolts_hand_tighten
2715195,252,-7588,6868,12083,2167,8021,insert_bolts_hand_tighten
2715217,620,-7072,8880,16814,1920,6866,insert_bolts_hand_tighten
2715239,188,-5216,8836,10078,1532,4628,insert_bolts_hand_tighten
2715261,1400,-8468,8960,1536,910,3822,insert_bolts_hand_tighten
2715283,1216,-12616,9360,4345,3457,1598,insert_bolts_hand_tighten
2715305,-228,-11056,11612,9102,4138,1331,insert_bolts_hand_tighten
2715327,-552,-9744,11956,6423,1457,1758,insert_bolts_hand_tighten
2715349,-344,-11144,10996,3465,-121,919,insert_bolts_hand_tighten
2715371,-232,-11964,8952,1352,-467,-254,insert_bolts_hand_tighten
2715393,-88,-13052,9644,3115,232,-61,insert_bolts_hand_tighten
2715415,-644,-12432,11480,4636,1140,230,insert_bolts_hand_tighten
2715437,-2212,-11392,11572,4670,92,45,insert_bolts_hand_tighten
2715459,-1280,-12556,12676,-2176,906,-495,insert_bolts_hand_tighten
2715481,-1044,-12188,11500,-1039,-207,-602,insert_bolts_hand_tighten
2715503,-872,-12248,10724,-552,116,-638,insert_bolts_hand_tighten
2715525,-744,-12184,9960,1593,102,-768,insert_bolts_hand_tighten
2715547,-424,-12108,10832,1536,100,-788,insert_bolts_hand_tighten
2715569,-204,-11760,10512,-239,-127,-910,insert_bolts_hand_tighten
2715591,-244,-12096,10632,-533,139,-846,insert_bolts_hand_tighten
2715613,-512,-12344,12252,704,582,113,insert_bolts_hand_tighten
2715635,-548,-12544,12576,2082,44,802,insert_bolts_hand_tighten
2715657,-272,-11964,11972,1509,539,342,insert_bolts_hand_tighten
2715679,-596,-11132,12488,880,1284,-216,insert_bolts_hand_tighten
2715701,-916,-11976,12292,-308,400,-359,insert_bolts_hand_tighten
2715723,-308,-12564,11864,-239,524,58,insert_bolts_hand_tighten
2715745,436,-12720,11476,1449,157,1368,insert_bolts_hand_tighten
2715767,-292,-13224,11240,1888,-451,1090,insert_bolts_hand_tighten
2715789,-140,-12296,11580,3227,-801,1279,insert_bolts_hand_tighten
2715811,-864,-10844,12500,4715,315,1220,insert_bolts_hand_tighten
2715833,-568,-10304,12396,5305,731,1142,insert_bolts_hand_tighten
2715855,-1060,-9400,11876,3828,1390,353,insert_bolts_hand_tighten
2715877,-1384,-10192,11920,-597,388,-566,insert_bolts_hand_tighten
2715899,-1472,-10356,12208,-4994,-372,-1360,insert_bolts_hand_tighten
2715921,-664,-13556,11652,-4576,-487,-2277,insert_bolts_hand_tighten
2715943,-876,-12392,12476,1827,-147,-1178,insert_bolts_hand_tighten
2715965,-676,-11336,12196,1040,-364,111,insert_bolts_hand_tighten
2715987,-508,-9144,11312,-1865,-1241,-115,insert_bolts_hand_tighten
2716009,-792,-10188,10804,-5717,-1708,-328,insert_bolts_hand_tighten
2716031,592,-13076,9916,809,-1159,-550,insert_bolts_hand_tighten
2716053,-324,-12192,12368,6446,1050,-62,insert_bolts_hand_tighten
2716075,-492,-9204,12420,5728,455,-82,insert_bolts_hand_tighten
2716097,-1048,-10244,12248,-1409,-15,-1232,insert_bolts_hand_tighten
2716119,-416,-13792,10016,1112,-1748,-1593,insert_bolts_hand_tighten
2716141,788,-14540,9804,9831,-2390,1340,insert_bolts_hand_tighten
2716163,864,-11100,11612,15277,-1625,3500,insert_bolts_hand_tighten
2716185,-368,-8652,15308,13678,56,4292,insert_bolts_hand_tighten
2716207,-600,-7804,16936,9976,-2003,3010,insert_bolts_hand_tighten
2716229,-44,-9092,16116,6285,-1999,2781,insert_bolts_hand_tighten
2716251,444,-6540,15768,4169,-1833,3428,insert_bolts_hand_tighten
2716273,772,-7100,15132,511,-714,4567,insert_bolts_hand_tighten
2716295,-348,-7664,15728,-560,-1376,3815,insert_bolts_hand_tighten
2716317,-540,-7996,14776,-5609,-3456,3507,insert_bolts_hand_tighten
2716339,-868,-9856,13668,-3660,-4642,2519,insert_bolts_hand_tighten
2716361,-1264,-10356,12176,1361,-3491,1446,insert_bolts_hand_tighten
2716383,-1340,-10560,11696,7276,-2030,1022,insert_bolts_hand_tighten
2716405,-924,-8704,12692,9095,-299,1541,insert_bolts_hand_tighten
2716427,-684,-7612,15152,4131,-526,2224,insert_bolts_hand_tighten
2716449,136,-9728,15616,6057,-760,2430,insert_bolts_hand_tighten
2716471,-680,-8872,15800,9923,-1005,3471,insert_bolts_hand_tighten
2716493,-64,-7108,16084,7451,-1435,4104,insert_bolts_hand_tighten
2716515,-792,-8656,15192,7764,-1855,2405,insert_bolts_hand_tighten
2716537,-640,-7648,14788,9377,-1770,1630,insert_bolts_hand_tighten
2716559,-588,-6632,14564,9276,-1808,2121,insert_bolts_hand_tighten
2716581,-80,-3068,15104,6807,-2484,2003,insert_bolts_hand_tighten
2716603,724,-5024,15176,3727,-2494,1753,insert_bolts_hand_tighten
2716625,588,-6172,14868,6123,-1927,724,insert_bolts_hand_tighten
2716647,508,-5256,15652,7194,-1685,580,insert_bolts_hand_tighten
2716669,228,-4136,16928,4787,-1781,1060,insert_bolts_hand_tighten
2716691,356,-4560,16936,2582,-2864,443,insert_bolts_hand_tighten
2716713,368,-3016,16444,1402,-4017,-1221,insert_bolts_hand_tighten
2716735,1648,-2868,15668,-5058,-2799,-1079,insert_bolts_hand_tighten
2716757,1416,-4384,16148,-7194,369,-1404,insert_bolts_hand_tighten
2716779,1596,-5540,15120,-8585,-1281,-2121,insert_bolts_hand_tighten
2716801,2592,-6372,15804,-3539,-924,-3347,insert_bolts_hand_tighten
2716823,2548,-6772,18152,114,1923,-4495,insert_bolts_hand_tighten
2716845,1676,-2772,18296,-4401,1843,-4818,insert_bolts_hand_tighten
2716867,2172,-4720,16236,-6783,-221,-2827,insert_bolts_hand_tighten
2716889,2500,-6332,14400,-2494,232,-849,insert_bolts_hand_tighten
2716911,1932,-6128,15180,-1364,2986,1045,insert_bolts_hand_tighten
2716933,252,-6176,16448,-1782,3141,3123,insert_bolts_hand_tighten
2716955,-1692,-7740,15192,-1875,-1847,4423,insert_bolts_hand_tighten
2716977,-1004,-7852,12940,-666,-3261,4491,insert_bolts_hand_tighten
2716999,-708,-9112,12384,-35,-1343,5133,insert_bolts_hand_tighten
2717021,-808,-6620,13884,1426,1180,3241,insert_bolts_hand_tighten
2717043,-460,-7216,15384,4903,2069,205,insert_bolts_hand_tighten
2717065,2448,-4492,19096,3563,1065,396,insert_bolts_hand_tighten
2717087,-380,-7116,16732,3442,-813,-2,insert_bolts_hand_tighten
2717109,-480,-4748,14588,4207,-3589,-3292,insert_bolts_hand_tighten
2717131,2752,-3684,15276,247,-2607,-4702,insert_bolts_hand_tighten
2717153,4932,-2740,18068,-1147,994,-4103,insert_bolts_hand_tighten
2717175,2720,-5260,19820,-4802,3640,-3536,insert_bolts_hand_tighten
2717197,2528,-2736,17368,-5838,890,-5047,insert_bolts_hand_tighten
2717219,3580,-4272,15932,-9333,794,-4584,insert_bolts_hand_tighten
2717241,3432,-6588,14712,-3490,3706,-4896,insert_bolts_hand_tighten
2717263,2840,-5840,14568,-1065,4887,-2069,insert_bolts_hand_tighten
2717285,-28,-7164,16064,-3148,5934,2826,insert_bolts_hand_tighten
2717307,-3024,-9092,14932,-3099,958,5428,insert_bolts_hand_tighten
2717329,-2632,-10456,12960,-1326,-3341,6166,insert_bolts_hand_tighten
2717351,-2296,-11232,11512,1296,-2743,7217,insert_bolts_hand_tighten
2717373,-2296,-9940,11196,6294,-2225,5757,insert_bolts_hand_tighten
2717395,-1160,-4880,11892,9130,-1286,3749,insert_bolts_hand_tighten
2717417,3164,-1160,19076,-205,190,1684,insert_bolts_hand_tighten
2717439,-896,-8620,17268,4272,639,-2893,insert_bolts_hand_tighten
2717461,2748,-2664,17796,4251,-6291,-3191,insert_bolts_hand_tighten
2717483,3552,-2048,17448,943,-1512,-4486,insert_bolts_hand_tighten
2717505,3804,-2648,17544,-2143,-312,-3206,insert_bolts_hand_tighten
2717527,2880,-3448,18028,-2030,1834,-4015,insert_bolts_hand_tighten
2717549,2868,-4324,16220,-1196,1667,-6122,insert_bolts_hand_tighten
2717571,3380,-4144,16676,-8474,1383,-5333,insert_bolts_hand_tighten
2717593,2316,-4716,16360,-9418,2075,-2395,insert_bolts_hand_tighten
2717615,1260,-7752,13756,-9713,-544,2640,insert_bolts_hand_tighten
2717637,-1324,-12972,13604,-1708,1432,6217,insert_bolts_hand_tighten
2717659,-4332,-12180,11656,4682,-1811,7704,insert_bolts_hand_tighten
2717681,-3016,-9668,11188,4708,-5630,6724,insert_bolts_hand_tighten
2717703,-1300,-7352,11800,6601,-3258,4992,insert_bolts_hand_tighten
2717725,1372,-2812,16440,7893,769,921,insert_bolts_hand_tighten
2717747,920,-668,22096,-3453,5707,1996,insert_bolts_hand_tighten
2717769,8,-3824,19120,-1908,-1916,1829,insert_bolts_hand_tighten
2717791,1848,-6328,16556,-7308,-5742,852,insert_bolts_hand_tighten
2717813,2524,-8412,15596,2642,-2188,-3503,insert_bolts_hand_tighten
2717835,4452,-4216,15900,2029,-2518,-2380,insert_bolts_hand_tighten
2717857,4468,-4100,17416,-727,2874,-4251,insert_bolts_hand_tighten
2717879,2908,-6544,14120,-6531,3400,-3563,insert_bolts_hand_tighten
2717901,3684,-7424,13880,-4518,1464,-3822,insert_bolts_hand_tighten
2717923,2940,-6900,14680,-1976,4724,-1320,insert_bolts_hand_tighten
2717945,164,-6744,14048,2347,2395,2976,insert_bolts_hand_tighten
2717967,-1884,-7908,14000,1626,-980,6058,insert_bolts_hand_tighten
2717989,-2304,-10440,13628,326,-1054,7607,insert_bolts_hand_tighten
2718011,-2120,-12324,12268,5526,-3319,5906,insert_bolts_hand_tighten
2718033,104,-3996,14836,9493,-2399,2220,insert_bolts_hand_tighten
2718055,1992,-2640,18048,1506,1118,279,insert_bolts_hand_tighten
2718077,384,-5780,18412,-367,1931,-3101,insert_bolts_hand_tighten
2718099,1024,-5000,18736,3369,-2069,-2872,insert_bolts_hand_tighten
2718121,2328,-4924,16684,-1871,-4953,-2691,insert_bolts_hand_tighten
2718143,4104,-1920,16684,-4155,-2309,-4713,insert_bolts_hand_tighten
2718165,4316,-6404,17448,-7153,2555,-3219,insert_bolts_hand_tighten
2718187,2684,-4572,16948,-4991,2962,-4423,insert_bolts_hand_tighten
2718209,3088,-4476,13848,-10430,-47,-5436,insert_bolts_hand_tighten
2718231,4092,-7312,13696,-8420,2572,-4525,insert_bolts_hand_tighten
2718253,2520,-9872,13940,-363,4284,-528,insert_bolts_hand_tighten
2718275,-552,-8096,14988,1960,4798,5105,insert_bolts_hand_tighten
2718297,-2988,-9168,13068,1410,-1157,7851,insert_bolts_hand_tighten
2718319,-2924,-11056,12492,2377,-4489,7017,insert_bolts_hand_tighten
2718341,-1416,-8548,13228,5956,-4243,4255,insert_bolts_hand_tighten
2718363,2728,-1820,16800,4196,-1338,474,insert_bolts_hand_tighten
2718385,-1716,-3284,14832,3491,6847,-5378,insert_bolts_hand_tighten
2718407,4068,-2688,19112,5176,1680,-2286,insert_bolts_hand_tighten
2718429,1424,-5900,18332,-2465,-3692,-1827,insert_bolts_hand_tighten
2718451,2208,-3416,16288,-10713,-3063,-3064,insert_bolts_hand_tighten
2718473,3828,-6196,15808,-18339,-3773,-2541,insert_bolts_hand_tighten
2718495,4148,-7572,14612,-13619,1040,-4539,insert_bolts_hand_tighten
2718517,4492,-11052,14004,-7585,3944,-5314,insert_bolts_hand_tighten
2718539,3064,-7752,12668,-1305,3584,-3157,insert_bolts_hand_tighten
2718561,1920,-8552,14004,-2544,4174,1045,insert_bolts_hand_tighten
2718583,-220,-8756,14540,-387,2737,4375,insert_bolts_hand_tighten
2718605,-1612,-11656,12624,3420,-1808,6496,insert_bolts_hand_tighten
2718627,-1580,-11484,12600,10460,-1698,5977,insert_bolts_hand_tighten
2718649,-676,-10040,11264,11653,-3100,5174,insert_bolts_hand_tighten
2718671,708,-3168,13484,11636,-1404,2090,insert_bolts_hand_tighten
2718693,1092,-5988,17592,4036,2229,61,insert_bolts_hand_tighten
2718715,428,-6436,18860,1402,754,-2188,insert_bolts_hand_tighten
2718737,852,-6576,15664,-322,-1921,-3963,insert_bolts_hand_tighten
2718759,3548,-4516,17556,-7051,-1073,-3662,insert_bolts_hand_tighten
2718781,1676,-5408,16512,-3875,601,-4999,insert_bolts_hand_tighten
2718803,3172,-3824,17076,-8231,1307,-4190,insert_bolts_hand_tighten
2718825,3200,-6408,15460,-7480,695,-3625,insert_bolts_hand_tighten
2718847,3424,-7152,13600,-7737,680,-3600,insert_bolts_hand_tighten
2718869,3892,-8672,13788,-2580,3514,-3107,insert_bolts_hand_tighten
2718891,1988,-6532,14644,2281,4962,835,insert_bolts_hand_tighten
2718913,-276,-7352,15508,-557,1963,5587,insert_bolts_hand_tighten
2718935,-2272,-11368,12456,1985,-2061,8203,insert_bolts_hand_tighten
2718957,-1940,-13156,11392,8226,-3332,8257,insert_bolts_hand_tighten
2718979,-2140,-12340,10932,12126,-4106,6329,insert_bolts_hand_tighten
2719001,-280,-5380,12640,12327,-5646,3907,insert_bolts_hand_tighten
2719023,1512,2232,15920,4350,3204,-348,insert_bolts_hand_tighten
2719045,1256,-3904,18424,-1173,-1644,1340,insert_bolts_hand_tighten
2719067,1700,-7068,17664,-2422,-1705,-371,insert_bolts_hand_tighten
2719089,2588,-8116,17628,-2288,-212,-5,insert_bolts_hand_tighten
2719111,1112,-7656,16820,1490,-355,-284,insert_bolts_hand_tighten
2719133,804,-3140,14212,1482,-1234,-1647,insert_bolts_hand_tighten
2719155,1920,-6712,16028,-7121,-1057,-220,insert_bolts_hand_tighten
2719177,3556,-6924,16952,-5278,-3152,-756,insert_bolts_hand_tighten
2719199,4228,-7980,17204,-1710,-635,-1579,insert_bolts_hand_tighten
2719221,2928,-5512,15676,1525,497,-1823,insert_bolts_hand_tighten
2719243,3352,-5292,12416,-67,-250,-938,insert_bolts_hand_tighten
2719265,3528,-7028,12660,-691,3405,-790,insert_bolts_hand_tighten
2719287,2460,-8476,15892,7321,4873,251,insert_bolts_hand_tighten
2719309,-2848,-7320,15380,12416,1818,3066,insert_bolts_hand_tighten
2719331,-1772,-5928,12556,10100,-3465,6401,insert_bolts_hand_tighten
2719353,20,-7772,12584,7799,-3191,5961,insert_bolts_hand_tighten
2719375,1600,-2172,17148,6920,2292,905,insert_bolts_hand_tighten
2719397,-664,-6536,17436,9416,2573,68,insert_bolts_hand_tighten
2719419,16,-4772,16936,3209,618,-711,insert_bolts_hand_tighten
2719441,1252,-4324,15732,-3589,-784,-139,insert_bolts_hand_tighten
2719463,2376,-2292,18812,-13775,-363,593,insert_bolts_hand_tighten
2719485,1700,-2176,19576,-21461,340,-1298,insert_bolts_hand_tighten
2719507,404,-7844,15168,-26401,-102,-3230,insert_bolts_hand_tighten
2719529,128,-10720,13500,-15867,251,-3863,insert_bolts_hand_tighten
2719551,1620,-4196,14896,-23618,453,-2161,insert_bolts_hand_tighten
2719573,2256,-3920,14224,-32768,-3844,-1734,insert_bolts_hand_tighten
2719595,1328,-17296,11364,-29628,-4943,-2627,insert_bolts_hand_tighten
2719617,5168,-19412,13388,6458,1032,-542,insert_bolts_hand_tighten
2719639,800,-3648,12160,-758,3153,2524,insert_bolts_hand_tighten
2719661,948,-5532,11468,-15611,-3471,628,insert_bolts_hand_tighten
2719683,3372,-9636,14488,-21655,-3080,-1288,insert_bolts_hand_tighten
2719705,2376,-24588,9864,-8965,-3127,-1742,insert_bolts_hand_tighten
2719727,3952,-14168,10984,11308,597,-951,insert_bolts_hand_tighten
2719749,3136,-8236,11048,3299,92,852,insert_bolts_hand_tighten
2719771,3600,-10596,12336,-1912,-916,-10,insert_bolts_hand_tighten
2719793,4024,-13732,12820,-373,-858,-1214,insert_bolts_hand_tighten
2719815,2540,-14936,7900,8060,1294,-2544,insert_bolts_hand_tighten
2719837,1972,-15812,8040,23230,2769,-3565,insert_bolts_hand_tighten
2719859,1896,-8660,13208,24373,2981,-2584,insert_bolts_hand_tighten
2719881,2064,-6844,11688,17389,553,-675,insert_bolts_hand_tighten
2719903,1184,-9580,10840,10012,-1854,1044,insert_bolts_hand_tighten
2719925,380,-8764,12348,10563,576,-348,insert_bolts_hand_tighten
2719947,88,-6768,10020,9342,-699,254,insert_bolts_hand_tighten
2719969,3320,-1796,15696,844,2602,405,insert_bolts_hand_tighten
2719991,1460,-5388,13980,-9040,3870,174,insert_bolts_hand_tighten
2720013,108,-13472,13500,-11281,300,-68,insert_bolts_hand_tighten
2720035,1172,-12028,16668,-5179,-7,-974,insert_bolts_hand_tighten
2720057,3048,-4632,19128,-9015,-334,-962,insert_bolts_hand_tighten
2720079,2144,1984,13592,-24296,-2085,-1527,insert_bolts_hand_tighten
2720101,4336,-12680,6552,-32768,-6770,-874,insert_bolts_hand_tighten
2720123,7344,-24340,8116,-8106,141,-2866,insert_bolts_hand_tighten
2720145,3944,-10764,13000,-5124,1196,326,insert_bolts_hand_tighten
2720167,3488,-8784,13576,-14249,-983,842,insert_bolts_hand_tighten
2720189,3188,-8524,12184,-16823,-3415,25,insert_bolts_hand_tighten
2720211,3356,-9872,8760,-17179,-2869,-1035,insert_bolts_hand_tighten
2720233,2120,-9704,6232,-13699,-1160,-3111,insert_bolts_hand_tighten
2720255,2160,-10676,5152,-7654,-737,-4390,insert_bolts_hand_tighten
2720277,3136,-10608,7556,370,1730,-6948,insert_bolts_hand_tighten
2720299,5108,-5048,11840,-2886,5023,-10797,insert_bolts_hand_tighten
2720321,5796,-6232,10684,-8211,4098,-12221,insert_bolts_hand_tighten
2720343,5720,-7320,7784,-12084,5040,-14799,insert_bolts_hand_tighten
2720365,7180,-10772,5732,-8306,8447,-17402,insert_bolts_hand_tighten
2720387,7716,-13324,5236,-865,12393,-20860,insert_bolts_hand_tighten
2720409,7156,-11580,6672,-3024,15716,-22594,insert_bolts_hand_tighten
2720431,6748,-10220,8088,-10610,15859,-22420,insert_bolts_hand_tighten
2720453,7544,-13356,8132,-9115,14497,-23343,insert_bolts_hand_tighten
2720475,8820,-15172,7644,-859,14441,-25395,insert_bolts_hand_tighten
2720497,10952,-12784,7780,-6377,12402,-24307,insert_bolts_hand_tighten
2720519,10452,-14932,7540,-11883,7916,-23107,insert_bolts_hand_tighten
2720541,12652,-14872,7416,-4603,8852,-22309,insert_bolts_hand_tighten
2720563,11484,-13544,7312,4911,10565,-19909,insert_bolts_hand_tighten
2720585,11452,-13332,7152,11658,6012,-15150,insert_bolts_hand_tighten
2720607,12396,-10960,8312,3128,2685,-12774,insert_bolts_hand_tighten
2720629,13644,-11000,8480,-3979,1788,-11797,insert_bolts_hand_tighten
2720651,13956,-11816,8684,-2593,4457,-11512,insert_bolts_hand_tighten
2720673,11796,-12212,8072,3461,2988,-10491,insert_bolts_hand_tighten
2720695,12156,-10136,7188,11033,3099,-7827,insert_bolts_hand_tighten
2720717,11068,-8036,8952,14184,4317,-6191,insert_bolts_hand_tighten
2720739,12356,-7736,11156,10180,1480,-5556,insert_bolts_hand_tighten
2720761,13216,-7332,11040,4722,-1534,-6424,insert_bolts_hand_tighten
2720783,12968,-7452,11064,4356,132,-6905,insert_bolts_hand_tighten
2720805,12404,-7160,10280,8474,-121,-4733,insert_bolts_hand_tighten
2720827,12504,-6684,10676,12797,1071,-2563,insert_bolts_hand_tighten
2720849,12360,-5940,11060,17161,2325,-1514,insert_bolts_hand_tighten
2720871,11640,-3580,11648,17810,1997,-963,insert_bolts_hand_tighten
2720893,11684,-2340,11976,12270,-607,-1099,insert_bolts_hand_tighten
2720915,12280,-3360,12140,9081,-1960,-1207,insert_bolts_hand_tighten
2720937,12320,-3592,12452,11168,-1487,-1628,insert_bolts_hand_tighten
2720959,12812,-2404,11700,11299,-2120,-901,insert_bolts_hand_tighten
2720981,13248,-3276,11232,11910,-2094,-445,insert_bolts_hand_tighten
2721003,14548,-3648,10912,17815,-849,153,insert_bolts_hand_tighten
2721025,13568,-1080,10980,21098,2134,1587,insert_bolts_hand_tighten
2721047,12772,1388,12692,14528,1242,3093,insert_bolts_hand_tighten
2721069,11944,336,12764,8834,-1539,2131,insert_bolts_hand_tighten
2721091,15192,1116,10412,7942,-3624,1278,insert_bolts_hand_tighten
2721113,13756,404,13764,7646,6065,350,insert_bolts_hand_tighten
2721135,12364,1088,12240,8944,1863,1667,insert_bolts_hand_tighten
2721157,12652,2680,10840,6460,-591,1967,insert_bolts_hand_tighten
2721179,14092,1532,11664,5105,-1688,2346,insert_bolts_hand_tighten
2721201,13488,2248,11756,5034,-66,1374,insert_bolts_hand_tighten
2721223,13092,2724,12472,4280,1627,1022,insert_bolts_hand_tighten
2721245,12812,2416,11560,3893,1506,1564,insert_bolts_hand_tighten
2721267,13608,3104,12340,3641,2046,2064,insert_bolts_hand_tighten
2721289,13888,2744,13080,-1010,2435,1263,insert_bolts_hand_tighten
2721311,15820,848,16420,-6475,5180,1793,insert_bolts_hand_tighten
2721333,17252,-640,17848,-8337,9195,3176,insert_bolts_hand_tighten
2721355,17172,-1444,18540,-10842,13094,6086,insert_bolts_hand_tighten
2721377,17524,-764,18904,-14783,13796,9452,insert_bolts_hand_tighten
2721399,16664,112,18416,-25757,12221,12396,insert_bolts_hand_tighten
2721421,15804,-3632,16420,-32768,6966,16591,insert_bolts_hand_tighten
2721443,14980,-7972,14728,-30696,9974,19937,insert_bolts_hand_tighten
2721465,13572,-9804,13632,-22521,1260,24371,insert_bolts_hand_tighten
2721487,13556,-9676,10256,-20281,3387,25900,insert_bolts_hand_tighten
2721509,11484,-11064,9120,-23779,5138,27406,insert_bolts_hand_tighten
2721531,8176,-13532,8396,-23833,5436,26615,insert_bolts_hand_tighten
2721553,5704,-10896,7868,-19424,2610,26930,insert_bolts_hand_tighten
2721575,3844,-10188,7384,-12748,1120,26839,insert_bolts_hand_tighten
2721597,2668,-9024,5680,-9080,-2035,25296,insert_bolts_hand_tighten
2721619,2864,-8096,5756,-12195,-2523,22654,insert_bolts_hand_tighten
2721641,1548,-8920,7164,-10863,-1217,20707,insert_bolts_hand_tighten
2721663,844,-9476,6868,-7314,-2589,17061,insert_bolts_hand_tighten
2721685,1116,-7856,6248,-4485,-3193,13574,insert_bolts_hand_tighten
2721707,316,-7844,7060,-4095,-2942,11000,insert_bolts_hand_tighten
2721729,476,-8028,7836,-3589,-4015,8799,insert_bolts_hand_tighten
2721751,668,-7940,7600,-5351,-4011,7112,insert_bolts_hand_tighten
2721773,944,-9788,8468,-8856,-3612,4950,insert_bolts_hand_tighten
2721795,-96,-12560,9700,-7584,-2302,2564,insert_bolts_hand_tighten
2721817,100,-13096,8268,-3721,-395,-969,insert_bolts_hand_tighten
2721839,932,-14812,9288,-426,3121,-3472,insert_bolts_hand_tighten
2721861,2068,-13324,12504,851,4915,-4279,insert_bolts_hand_tighten
2721883,3096,-11552,12608,-5085,-2822,899,insert_bolts_hand_tighten
2721905,860,-13548,9860,-9910,-744,1286,insert_bolts_hand_tighten
2721927,1120,-15636,7760,-8990,-3956,1965,insert_bolts_hand_tighten
2721949,872,-15684,4916,-2833,-1630,-50,insert_bolts_hand_tighten
2721971,-124,-12672,5356,-3632,2048,-2271,insert_bolts_hand_tighten
2721993,980,-16028,5428,675,-2010,-2235,insert_bolts_hand_tighten
2722015,596,-13096,4180,1010,-3545,-2564,insert_bolts_hand_tighten
2722037,796,-12304,5200,725,-3263,-981,insert_bolts_hand_tighten
2722059,-416,-14132,4552,-3194,-6073,99,insert_bolts_hand_tighten
2722081,556,-16940,2828,1185,-9694,-1028,insert_bolts_hand_tighten
2722103,2544,-18820,3748,11404,-8177,-1917,insert_bolts_hand_tighten
2722125,1568,-16068,4892,17477,-5397,-1626,insert_bolts_hand_tighten
2722147,1908,-13468,6848,13802,-7072,1068,insert_bolts_hand_tighten
2722169,1536,-17664,8204,8027,-7222,-58,insert_bolts_hand_tighten
2722191,964,-14948,8800,12115,-6148,-3798,insert_bolts_hand_tighten
2722213,1092,-12044,8080,11701,-6585,-3836,insert_bolts_hand_tighten
2722235,2392,-12424,7636,9174,-4124,-1676,insert_bolts_hand_tighten
2722257,2580,-15336,8968,9632,-1473,34,insert_bolts_hand_tighten
2722279,3088,-18112,10716,16380,-1845,85,insert_bolts_hand_tighten
2722301,2924,-14704,10340,19132,-5623,681,insert_bolts_hand_tighten
2722323,5212,-3152,12572,11111,-2268,-672,insert_bolts_hand_tighten
2722345,4500,-12704,12676,3189,1931,1061,insert_bolts_hand_tighten
2722367,3796,-14416,9984,13010,6424,-807,insert_bolts_hand_tighten
2722389,2680,-13456,10656,17071,9792,-1242,insert_bolts_hand_tighten
2722411,2044,-5276,17016,10541,10658,1837,insert_bolts_hand_tighten
2722433,1736,-12500,13344,7097,-3038,3623,insert_bolts_hand_tighten
2722455,2980,-6480,14456,11203,3136,1284,insert_bolts_hand_tighten
2722477,-20,-9512,12580,9030,4000,2373,insert_bolts_hand_tighten
2722499,576,-4660,14084,10906,1773,763,insert_bolts_hand_tighten
2722521,1128,-7932,14060,11372,3215,-538,insert_bolts_hand_tighten
2722543,1704,-5440,14844,12614,2965,-690,insert_bolts_hand_tighten
2722565,2280,-4228,17132,5833,1970,479,insert_bolts_hand_tighten
2722587,2180,-5444,17988,1160,2794,1731,insert_bolts_hand_tighten
2722609,660,-5472,18040,-3107,4594,1220,insert_bolts_hand_tighten
2722631,320,-8272,14272,-2806,1182,97,insert_bolts_hand_tighten
2722653,988,-8512,12880,-1374,857,-192,insert_bolts_hand_tighten
2722675,1256,-8332,13548,-2187,1136,9,insert_bolts_hand_tighten
2722697,1596,-8444,15236,-915,958,612,insert_bolts_hand_tighten
2722719,1216,-8604,15812,-220,1368,654,insert_bolts_hand_tighten
2722741,892,-9840,14388,1710,978,914,insert_bolts_hand_tighten
2722763,556,-7404,14444,1973,1338,574,insert_bolts_hand_tighten
2722785,12,-5576,14680,-1736,1449,-260,insert_bolts_hand_tighten
2722807,40,-5420,14988,-1990,-269,-968,insert_bolts_hand_tighten
2722829,652,-5496,16252,-1862,-1903,-1818,insert_bolts_hand_tighten
2722851,2296,-3272,17600,-4688,-3470,-2149,insert_bolts_hand_tighten
2722873,2336,-2100,17664,-15896,-4944,-2274,insert_bolts_hand_tighten
2722895,4476,-1488,15888,-25911,-4561,-2855,insert_bolts_hand_tighten
2722917,4540,-6432,13632,-30351,-1016,-1176,insert_bolts_hand_tighten
2722939,3316,-11592,10548,-27694,63,266,insert_bolts_hand_tighten
2722961,2176,-14812,9588,-24844,430,-400,insert_bolts_hand_tighten
2722983,156,-16096,8336,-19727,1393,-1358,insert_bolts_hand_tighten
2723005,-832,-16232,6512,-15806,-1094,-1390,insert_bolts_hand_tighten
2723027,-688,-17360,4828,-10952,252,-1223,insert_bolts_hand_tighten
2723049,-656,-17572,3548,-5359,1380,5,insert_bolts_hand_tighten
2723071,-256,-19568,5180,386,3021,1386,insert_bolts_hand_tighten
2723093,980,-19216,7972,5027,5703,1607,insert_bolts_hand_tighten
2723115,-1408,-16972,7292,6880,3325,853,insert_bolts_hand_tighten
2723137,32,-12524,8360,8110,6440,735,insert_bolts_hand_tighten
2723159,1876,-12412,9964,4058,9291,2169,insert_bolts_hand_tighten
2723181,1116,-12952,10820,-214,9350,2654,insert_bolts_hand_tighten
2723203,844,-15220,11196,-951,8859,2471,insert_bolts_hand_tighten
2723225,-484,-14364,10316,5059,8769,2591,insert_bolts_hand_tighten
2723247,-1112,-11608,8516,4975,4982,2897,insert_bolts_hand_tighten
2723269,-1108,-11124,8168,-118,4253,2734,insert_bolts_hand_tighten
2723291,-420,-12844,10632,-1773,3470,3199,insert_bolts_hand_tighten
2723313,-1048,-14820,10788,1532,394,4120,insert_bolts_hand_tighten
2723335,-1404,-13724,10824,6172,346,4623,insert_bolts_hand_tighten
2723357,-1804,-11572,9696,7603,-2328,4513,insert_bolts_hand_tighten
2723379,-1124,-9576,9168,5109,-3127,4274,insert_bolts_hand_tighten
2723401,-732,-9280,9904,3356,-1681,3652,insert_bolts_hand_tighten
2723423,-1080,-10108,10964,2914,165,2090,insert_bolts_hand_tighten
2723445,-1728,-10088,10764,2503,1794,437,insert_bolts_hand_tighten
2723467,-2128,-9524,11712,269,2535,-688,insert_bolts_hand_tighten
2723489,-2720,-10920,11868,-5713,1335,-836,insert_bolts_hand_tighten
2723511,-1592,-14776,11024,-3867,-152,-857,insert_bolts_hand_tighten
2723533,-748,-17484,11084,5203,2855,-818,insert_bolts_hand_tighten
2723555,-1172,-13812,12156,13434,5732,429,insert_bolts_hand_tighten
2723577,-2264,-10360,13336,15321,5715,2398,insert_bolts_hand_tighten
2723599,-3184,-9692,14176,7067,1125,2097,insert_bolts_hand_tighten
2723621,-1572,-9876,14548,-276,-330,1714,insert_bolts_hand_tighten
2723643,-1912,-9900,12516,-3340,-1139,344,insert_bolts_hand_tighten
2723665,-904,-10628,11260,-3059,-432,-268,insert_bolts_hand_tighten
2723687,-2200,-11260,12040,-1493,1323,-1028,insert_bolts_hand_tighten
2723709,-2032,-11868,11092,3695,227,-411,insert_bolts_hand_tighten
2723731,-2184,-10808,10896,9582,305,1095,insert_bolts_hand_tighten
2723753,-2348,-10204,12376,6940,-1335,2795,insert_bolts_hand_tighten
2723775,-1908,-11884,13380,6113,-1499,2190,insert_bolts_hand_tighten
2723797,-1872,-11028,14408,8876,235,1694,insert_bolts_hand_tighten
2723819,-1732,-9728,14608,12925,1588,1431,insert_bolts_hand_tighten
2723841,-2180,-9052,14332,12168,2139,1735,insert_bolts_hand_tighten
2723863,-2228,-7128,14628,9935,1358,2131,insert_bolts_hand_tighten
2723885,-3300,-7996,12676,9075,-472,1137,insert_bolts_hand_tighten
2723907,-2168,-8272,12500,7550,-232,1007,insert_bolts_hand_tighten
2723929,-2284,-7524,14276,9854,221,1776,insert_bolts_hand_tighten
2723951,-3524,-6248,16024,8289,863,2137,insert_bolts_hand_tighten
2723973,-3200,-5908,15828,4059,-764,1945,insert_bolts_hand_tighten
2723995,-3444,-5836,15712,2361,-1863,1118,insert_bolts_hand_tighten
2724017,-4192,-6008,15872,494,-2289,683,insert_bolts_hand_tighten
2724039,-2176,-4944,13844,56,-1707,399,insert_bolts_hand_tighten
2724061,-2228,-6208,12908,-3493,498,-1129,insert_bolts_hand_tighten
2724083,-1424,-4188,13896,-2570,1274,-2334,insert_bolts_hand_tighten
2724105,-2544,-4672,16148,-6494,-237,-2381,insert_bolts_hand_tighten
2724127,-1592,-5332,15300,-11284,-2264,-4050,insert_bolts_hand_tighten
2724149,-1480,-7180,14976,-15723,-844,-5285,insert_bolts_hand_tighten
2724171,-1160,-10852,15444,-5538,1268,-4566,insert_bolts_hand_tighten
2724193,-1372,-8436,15416,-193,2913,-2871,insert_bolts_hand_tighten
2724215,-2056,-7600,14288,-1811,414,-2151,insert_bolts_hand_tighten
2724237,-2484,-6384,14320,-10742,-1457,-1718,insert_bolts_hand_tighten
2724259,-2416,-7828,14708,-19163,-5124,-2344,insert_bolts_hand_tighten
2724281,-2296,-10976,12796,-23359,-4941,-2520,insert_bolts_hand_tighten
2724303,-60,-19044,10240,-10053,-2841,-3460,insert_bolts_hand_tighten
2724325,236,-20084,11064,11816,1309,-1183,insert_bolts_hand_tighten
2724347,-756,-10616,13376,16670,2065,4602,insert_bolts_hand_tighten
2724369,-5200,-6572,12256,7794,-821,2699,insert_bolts_hand_tighten
2724391,-2072,-5540,12688,-1848,-5661,1651,insert_bolts_hand_tighten
2724413,-556,-5268,14276,-12106,-2755,-497,insert_bolts_hand_tighten
2724435,-1028,-8992,13448,-8919,-1393,-3438,insert_bolts_hand_tighten
2724457,-420,-9872,13752,-4715,-1112,-2589,insert_bolts_hand_tighten
2724479,-768,-9084,14060,-5084,-1310,-2167,insert_bolts_hand_tighten
2724501,696,-10184,14600,-10296,-3418,-2148,insert_bolts_hand_tighten
2724523,700,-8968,15188,-16558,-2512,-2806,insert_bolts_hand_tighten
2724545,812,-10588,14212,-23003,-1259,-975,insert_bolts_hand_tighten
2724567,376,-13808,10716,-20744,-1259,-567,insert_bolts_hand_tighten
2724589,416,-15056,7584,-10355,-322,-613,insert_bolts_hand_tighten
2724611,-1640,-14508,8616,1001,4912,-2368,insert_bolts_hand_tighten
2724633,796,-14380,9904,9589,718,-1182,insert_bolts_hand_tighten
2724655,-1468,-10400,9856,5717,-1582,-1610,insert_bolts_hand_tighten
2724677,-2056,-10596,9928,-2029,-5642,-4087,insert_bolts_hand_tighten
2724699,-624,-11424,10108,-11876,-7663,-4339,insert_bolts_hand_tighten
2724721,396,-11748,9556,-14454,-6736,-5060,insert_bolts_hand_tighten
2724743,1448,-15384,9324,-20964,-7478,-236,insert_bolts_hand_tighten
2724765,744,-16520,6220,-19525,-5366,1737,insert_bolts_hand_tighten
2724787,1620,-18172,5908,-16957,-5691,2685,insert_bolts_hand_tighten
2724809,1504,-17260,5764,-13683,-2650,1233,insert_bolts_hand_tighten
2724831,1392,-15580,7708,-9425,502,-937,insert_bolts_hand_tighten
2724853,1288,-15632,7908,-4690,1771,-2045,insert_bolts_hand_tighten
2724875,2624,-14172,5816,-5318,1655,-2035,insert_bolts_hand_tighten
2724897,3560,-16000,4784,-7210,1044,-495,insert_bolts_hand_tighten
2724919,2796,-15424,4224,-8047,1854,-887,insert_bolts_hand_tighten
2724941,2264,-16268,3008,-5825,964,-1626,insert_bolts_hand_tighten
2724963,2384,-16108,4740,-755,2060,-1420,insert_bolts_hand_tighten
2724985,2304,-16176,5504,1583,2796,-2111,insert_bolts_hand_tighten
2725007,1004,-16004,5444,4882,2702,-1623,insert_bolts_hand_tighten
2725029,1164,-15484,3964,7048,-17,-390,insert_bolts_hand_tighten
2725051,1660,-13376,4044,3089,279,-711,insert_bolts_hand_tighten
2725073,1576,-14052,4356,-2256,556,-572,insert_bolts_hand_tighten
2725095,1600,-15148,3468,-3443,750,-1163,insert_bolts_hand_tighten
2725117,2004,-16428,4172,-1798,1273,-1047,insert_bolts_hand_tighten
2725139,1984,-15544,4960,1562,238,-916,insert_bolts_hand_tighten
2725161,2560,-15864,4908,1748,-1575,-225,insert_bolts_hand_tighten
2725183,3336,-15288,5888,761,-1378,-593,insert_bolts_hand_tighten
2725205,2780,-14608,5392,-767,-93,-993,insert_bolts_hand_tighten
2725227,2776,-15264,5020,-1007,-293,-866,insert_bolts_hand_tighten
2725249,3076,-15024,4440,-2352,-624,-204,insert_bolts_hand_tighten
2725271,2612,-16092,6024,-5053,299,1360,insert_bolts_hand_tighten
2725293,2400,-17092,5628,-6375,-250,1824,insert_bolts_hand_tighten
2725315,1736,-19044,4012,-3543,941,829,insert_bolts_hand_tighten
2725337,2176,-18296,4064,5543,806,418,insert_bolts_hand_tighten
2725359,2852,-14072,5932,6126,2173,630,insert_bolts_hand_tighten
2725381,1712,-13900,5980,2319,1891,1484,insert_bolts_hand_tighten
2725403,2040,-14388,5376,-867,-552,2034,insert_bolts_hand_tighten
2725425,2964,-13436,6360,-2761,-556,893,insert_bolts_hand_tighten
2725447,2424,-14492,6684,-3550,-1070,570,insert_bolts_hand_tighten
2725469,3684,-10632,8780,-1351,1450,-675,insert_bolts_hand_tighten
2725491,3384,-11808,7916,-6159,-716,2097,insert_bolts_hand_tighten
2725513,2868,-13404,7104,-7482,1808,360,insert_bolts_hand_tighten
2725535,2824,-13944,6512,-4236,2265,-1378,insert_bolts_hand_tighten
2725557,2488,-11032,6260,3326,5824,-4809,insert_bolts_hand_tighten
2725579,2156,-6604,6664,7137,9545,-8777,insert_bolts_hand_tighten
2725601,2088,-3396,5992,6453,13349,-13820,insert_bolts_hand_tighten
2725623,3016,-3100,5412,2954,15966,-19156,insert_bolts_hand_tighten
2725645,4692,-4476,5676,-1272,17118,-22751,insert_bolts_hand_tighten
2725667,4640,-7896,3180,-1497,19066,-27037,insert_bolts_hand_tighten
2725689,6284,-12552,2596,6313,20052,-30472,insert_bolts_hand_tighten
2725711,8236,-15840,3268,7476,17656,-31740,insert_bolts_hand_tighten
2725733,11080,-20240,5504,7481,14886,-30537,insert_bolts_hand_tighten
2725755,10952,-18736,6628,17024,15313,-28385,insert_bolts_hand_tighten
2725777,9652,-15808,7428,20589,10519,-21575,insert_bolts_hand_tighten
2725799,10864,-15240,8604,17781,309,-14697,insert_bolts_hand_tighten
2725821,12064,-13644,9656,11923,-851,-12947,insert_bolts_hand_tighten
2725843,12628,-14392,10840,12398,-1709,-12723,insert_bolts_hand_tighten
2725865,13312,-11524,11648,11170,-2076,-11663,insert_bolts_hand_tighten
2725887,14688,-8804,13120,6705,-2962,-8226,insert_bolts_hand_tighten
2725909,13672,-10456,12780,5174,344,-6727,insert_bolts_hand_tighten
2725931,13140,-10624,12048,11656,468,-4954,insert_bolts_hand_tighten
2725953,12152,-7120,12452,11871,332,-3742,insert_bolts_hand_tighten
2725975,12348,-4596,12916,6800,-129,-4443,insert_bolts_hand_tighten
2725997,12636,-4472,13292,543,-22,-5031,insert_bolts_hand_tighten
2726019,12604,-5592,12404,-1121,94,-5150,insert_bolts_hand_tighten
2726041,12444,-5944,12104,1509,799,-4502,insert_bolts_hand_tighten
2726063,12028,-4724,12500,2451,862,-3478,insert_bolts_hand_tighten
2726085,11740,-4576,12172,-649,-727,-3196,insert_bolts_hand_tighten
2726107,12136,-5500,12088,-1905,-1475,-3379,insert_bolts_hand_tighten
2726129,13332,-5728,12236,31,-1433,-3385,insert_bolts_hand_tighten
2726151,12856,-4776,12132,1702,561,-2551,insert_bolts_hand_tighten
2726173,12212,-4388,11932,1917,1906,-1968,insert_bolts_hand_tighten
2726195,11924,-4152,12060,1403,1805,-1567,insert_bolts_hand_tighten
2726217,11848,-4100,11872,1099,567,-1661,insert_bolts_hand_tighten
2726239,12028,-4032,12316,-1514,-313,-2009,insert_bolts_hand_tighten
2726261,12776,-3660,11828,-3569,-791,-2496,insert_bolts_hand_tighten
2726283,13200,-3996,12228,-2993,-396,-1881,insert_bolts_hand_tighten
2726305,13320,-3908,11720,-546,648,-1119,insert_bolts_hand_tighten
2726327,13088,-2372,12236,-767,2153,-942,insert_bolts_hand_tighten
2726349,12444,-1876,11256,-4004,2840,-1880,insert_bolts_hand_tighten
2726371,11304,-2024,11136,-7534,2968,-2991,insert_bolts_hand_tighten
2726393,11288,-3484,10428,-7676,1694,-3701,insert_bolts_hand_tighten
2726415,11568,-3888,11324,-4532,877,-3373,insert_bolts_hand_tighten
2726437,12364,-3104,10064,-3418,313,-3308,insert_bolts_hand_tighten
2726459,12400,-3848,10744,-5987,1234,-3501,insert_bolts_hand_tighten
2726481,12136,-4632,10436,-5892,2303,-3317,insert_bolts_hand_tighten
2726503,11744,-5096,11040,-3561,2494,-2707,insert_bolts_hand_tighten
2726525,11656,-4708,10416,-1891,1206,-2377,insert_bolts_hand_tighten
2726547,11620,-4724,10124,-3210,412,-2653,insert_bolts_hand_tighten
2726569,11640,-5504,9292,-3776,-450,-2856,insert_bolts_hand_tighten
2726591,12044,-7416,9140,-1612,-886,-1189,insert_bolts_hand_tighten
2726613,12240,-8316,9488,5716,-1217,2614,insert_bolts_hand_tighten
2726635,11900,-7080,10576,9205,-1462,7891,insert_bolts_hand_tighten
2726657,11296,-6920,12196,8254,-1942,11002,insert_bolts_hand_tighten
2726679,11308,-9168,13164,10130,-3670,10747,insert_bolts_hand_tighten
2726701,12588,-6724,12092,11684,-2594,7307,insert_bolts_hand_tighten
2726723,11384,-504,13340,3009,951,3166,insert_bolts_hand_tighten
2726745,10744,-1544,12792,-6991,1713,-333,insert_bolts_hand_tighten
2726767,10852,-2104,11488,-9148,3011,-3283,insert_bolts_hand_tighten
2726789,10772,-1468,11020,-9895,3608,-5508,insert_bolts_hand_tighten
2726811,10452,-1940,11592,-8138,3378,-5767,insert_bolts_hand_tighten
2726833,10312,-2692,11632,-4597,1188,-4897,insert_bolts_hand_tighten
2726855,11120,-2208,11304,-3015,-457,-3462,insert_bolts_hand_tighten
2726877,12544,-4956,11596,-1826,-796,-2345,insert_bolts_hand_tighten
2726899,12632,-5520,11880,3180,570,-1889,insert_bolts_hand_tighten
2726921,12012,-3444,12528,2219,2143,-1453,insert_bolts_hand_tighten
2726943,11656,-4372,12356,-1878,3374,-1940,insert_bolts_hand_tighten
2726965,10624,-4912,11800,-4220,2734,-2098,insert_bolts_hand_tighten
2726987,10436,-6008,11432,-3231,1553,-1267,insert_bolts_hand_tighten
2727009,10816,-7084,11596,2024,928,-573,insert_bolts_hand_tighten
2727031,11040,-4168,11712,2570,1489,8,insert_bolts_hand_tighten
2727053,11396,-4388,12312,1238,1009,106,insert_bolts_hand_tighten
2727075,11668,-4484,12144,775,796,-198,insert_bolts_hand_tighten
2727097,11980,-4760,11056,785,1096,-439,insert_bolts_hand_tighten
2727119,11584,-3736,11072,2891,2029,119,insert_bolts_hand_tighten
2727141,10432,-2968,11528,3245,1757,690,insert_bolts_hand_tighten
2727163,11096,-2632,12452,106,830,455,insert_bolts_hand_tighten
2727185,10920,-4596,12592,-1982,1342,-531,insert_bolts_hand_tighten
2727207,11216,-5216,11852,18,2386,-704,insert_bolts_hand_tighten
2727229,10968,-5160,11732,3380,2607,532,insert_bolts_hand_tighten
2727251,10756,-4796,11860,6418,456,2163,insert_bolts_hand_tighten
2727273,11360,-4224,11840,7798,-1006,2676,insert_bolts_hand_tighten
2727295,12376,-2748,11600,8436,-968,2579,insert_bolts_hand_tighten
2727317,12228,-2024,13556,5281,3434,2726,insert_bolts_hand_tighten
2727339,11060,-2544,12396,3631,1873,1802,insert_bolts_hand_tighten
2727361,12008,-2236,12464,2449,2259,1561,insert_bolts_hand_tighten
2727383,11160,-1788,12816,1586,1486,1617,insert_bolts_hand_tighten
2727405,10652,-1864,12888,1067,1179,1181,insert_bolts_hand_tighten
2727427,11316,-2048,13900,407,947,392,insert_bolts_hand_tighten
2727449,10520,-2000,13944,-1741,1283,-830,insert_bolts_hand_tighten
2727471,10892,-2888,12852,-1900,769,-990,insert_bolts_hand_tighten
2727493,10292,-2936,13544,-1710,596,-5,insert_bolts_hand_tighten
2727515,10636,-3580,13976,-1459,-298,821,insert_bolts_hand_tighten
2727537,11280,-2676,13708,-2760,-1637,561,insert_bolts_hand_tighten
2727559,11276,-3728,12744,-2255,-1756,86,insert_bolts_hand_tighten
2727581,11212,-3816,11540,-292,-1542,153,insert_bolts_hand_tighten
2727603,11296,-2532,12912,-872,-1542,-380,insert_bolts_hand_tighten
2727625,10824,-2512,13444,-4804,-250,-1460,insert_bolts_hand_tighten
2727647,12608,-3468,13288,-8472,-2305,-2115,insert_bolts_hand_tighten
2727669,14120,-3660,13724,-9012,-504,-700,insert_bolts_hand_tighten
2727691,14428,-9156,16156,-14605,2389,1602,insert_bolts_hand_tighten
2727713,17368,-8672,16036,-15833,4182,4543,insert_bolts_hand_tighten
2727735,19104,-13792,16292,-16255,3768,9247,insert_bolts_hand_tighten
2727757,19396,-15236,14820,-23709,4255,12318,insert_bolts_hand_tighten
2727779,19648,-17364,11048,-32768,-606,16464,insert_bolts_hand_tighten
2727801,17408,-20632,8024,-31410,-6306,22472,insert_bolts_hand_tighten
2727823,14748,-20668,3256,-19269,-14685,29416,insert_bolts_hand_tighten
2727845,11880,-16528,1292,-10857,-19170,32767,insert_bolts_hand_tighten
2727867,7440,-12912,4356,-6988,-21144,32767,insert_bolts_hand_tighten
2727889,4508,-9600,5300,-6943,-25078,32767,insert_bolts_hand_tighten
2727911,3644,-7740,5900,-7176,-26704,32767,insert_bolts_hand_tighten
2727933,2712,-8784,6508,-6304,-22296,31213,insert_bolts_hand_tighten
2727955,5256,-8696,4300,-7648,-21557,29098,insert_bolts_hand_tighten
2727977,3164,-7084,4760,-6731,-11558,22021,insert_bolts_hand_tighten
2727999,2896,-8480,7948,-5631,-10997,16688,insert_bolts_hand_tighten
2728021,3756,-8244,8124,-3331,-10972,13161,insert_bolts_hand_tighten
2728043,4416,-8988,6340,-4174,-8708,10897,insert_bolts_hand_tighten
2728065,3616,-11932,4804,-5564,-6695,9853,insert_bolts_hand_tighten
2728087,3300,-14364,6496,-3771,-4933,8820,insert_bolts_hand_tighten
2728109,2932,-14136,7664,-296,-4177,6601,insert_bolts_hand_tighten
2728131,2952,-12060,6332,489,-3614,4439,insert_bolts_hand_tighten
2728153,1428,-11372,4184,-3206,-2176,2358,insert_bolts_hand_tighten
2728175,808,-13400,2548,-3706,-581,525,insert_bolts_hand_tighten
2728197,720,-15576,2964,-356,-13,9,insert_bolts_hand_tighten
2728219,756,-16780,4088,5936,-873,46,insert_bolts_hand_tighten
2728241,1212,-12748,3288,5157,-2552,67,insert_bolts_hand_tighten
2728263,260,-14204,3808,-3366,-540,-215,insert_bolts_hand_tighten
2728285,-360,-15388,3552,-5890,45,-1139,insert_bolts_hand_tighten
2728307,-816,-17240,2032,-4270,-290,-1644,insert_bolts_hand_tighten
2728329,-1376,-17620,332,94,-1052,-2075,insert_bolts_hand_tighten
2728351,-416,-15824,1144,3904,-1274,-1067,insert_bolts_hand_tighten
2728373,-648,-15384,3944,2654,-923,543,insert_bolts_hand_tighten
2728395,208,-15008,3692,-6114,92,618,insert_bolts_hand_tighten
2728417,-204,-15900,3404,-6103,547,-213,insert_bolts_hand_tighten
2728439,268,-15732,3512,-5726,157,-446,insert_bolts_hand_tighten
2728461,-200,-14848,3548,-5138,170,-1060,insert_bolts_hand_tighten
2728483,220,-16556,1648,-4478,-329,-1673,insert_bolts_hand_tighten
2728505,440,-17996,1296,83,393,-1509,insert_bolts_hand_tighten
2728527,664,-16360,1912,438,350,-990,insert_bolts_hand_tighten
2728549,492,-16276,3284,-904,247,-120,insert_bolts_hand_tighten
2728571,464,-15568,3324,-3452,311,174,insert_bolts_hand_tighten
2728593,1064,-14484,3400,-4123,-411,241,insert_bolts_hand_tighten
2728615,1980,-14580,4112,-6313,863,208,insert_bolts_hand_tighten
2728637,2476,-15212,4712,-9309,2525,228,insert_bolts_hand_tighten
2728659,2836,-13452,4340,-11609,4730,-549,insert_bolts_hand_tighten
2728681,2588,-13316,3260,-15286,6767,-916,insert_bolts_hand_tighten
2728703,2556,-14004,2240,-14892,9078,-2154,insert_bolts_hand_tighten
2728725,2580,-14420,1712,-9310,10736,-5228,insert_bolts_hand_tighten
2728747,2168,-13216,1304,825,12765,-9332,insert_bolts_hand_tighten
2728769,1996,-12244,-276,13299,14030,-13786,insert_bolts_hand_tighten
2728791,2516,-10264,-1784,20232,13310,-18605,insert_bolts_hand_tighten
2728813,3928,-10128,-2988,16787,12287,-22606,insert_bolts_hand_tighten
2728835,5800,-12200,-2340,8388,12361,-22948,insert_bolts_hand_tighten
2728857,6320,-16940,1996,8385,13518,-19579,insert_bolts_hand_tighten
2728879,4808,-19072,2560,17741,8377,-14530,insert_bolts_hand_tighten
2728901,5320,-17852,676,21529,2249,-13160,insert_bolts_hand_tighten
2728923,6280,-14144,652,10927,-1283,-15497,insert_bolts_hand_tighten
2728945,6824,-15360,68,4340,1270,-18099,insert_bolts_hand_tighten
2728967,8672,-17436,2128,13119,4150,-16572,insert_bolts_hand_tighten
2728989,8708,-16160,4168,20476,5704,-14836,insert_bolts_hand_tighten
2729011,9076,-11004,6520,12237,3745,-14174,insert_bolts_hand_tighten
2729033,10004,-12252,7012,-485,1282,-14224,insert_bolts_hand_tighten
2729055,12248,-13456,7292,-1385,1854,-14379,insert_bolts_hand_tighten
2729077,12312,-15060,7636,6786,2569,-11322,insert_bolts_hand_tighten
2729099,11844,-13792,7476,17112,1299,-9046,insert_bolts_hand_tighten
2729121,12580,-8956,8496,11382,-166,-7855,insert_bolts_hand_tighten
2729143,12272,-7796,9708,-555,1793,-8783,insert_bolts_hand_tighten
2729165,11772,-9980,9604,-4043,1502,-9602,insert_bolts_hand_tighten
2729187,12440,-10816,8448,84,-284,-8587,insert_bolts_hand_tighten
2729209,12732,-10284,7992,7691,1229,-6829,insert_bolts_hand_tighten
2729231,12296,-7912,7756,10639,553,-4679,insert_bolts_hand_tighten
2729253,12260,-6312,9216,6241,-85,-3708,insert_bolts_hand_tighten
2729275,13008,-7392,10496,311,-499,-4151,insert_bolts_hand_tighten
2729297,13964,-9056,10524,92,-512,-4873,insert_bolts_hand_tighten
2729319,14044,-9060,9772,3607,508,-4072,insert_bolts_hand_tighten
2729341,13456,-7796,9188,7175,1685,-2703,insert_bolts_hand_tighten
2729363,13112,-5704,9148,7776,1831,-1839,insert_bolts_hand_tighten
2729385,13712,-6084,9480,6230,1308,-713,insert_bolts_hand_tighten
2729407,12696,-4904,10992,2924,-51,-2249,insert_bolts_hand_tighten
2729429,13512,-5848,10332,2157,1673,-2925,insert_bolts_hand_tighten
2729451,12816,-5808,9676,2983,1425,-2252,insert_bolts_hand_tighten
2729473,13444,-6056,9216,3843,809,-1153,insert_bolts_hand_tighten
2729495,13168,-5948,9568,6225,2104,-927,insert_bolts_hand_tighten
2729517,12148,-4848,10192,6319,1205,-947,insert_bolts_hand_tighten
2729539,12596,-4392,10616,4870,767,-1050,insert_bolts_hand_tighten
2729561,12936,-4652,10536,3019,820,-1645,insert_bolts_hand_tighten
2729583,13232,-4736,9808,2488,875,-1853,insert_bolts_hand_tighten
2729605,12884,-5244,9976,3365,954,-993,insert_bolts_hand_tighten
2729627,12860,-4832,10692,4208,963,-208,insert_bolts_hand_tighten
2729649,13012,-4580,11316,2889,244,-67,insert_bolts_hand_tighten
2729671,13160,-5380,11288,574,847,-547,insert_bolts_hand_tighten
2729693,13168,-4828,10572,1570,798,-300,insert_bolts_hand_tighten
2729715,12880,-4036,10268,1749,1126,347,insert_bolts_hand_tighten
2729737,12684,-3580,10716,1811,662,825,insert_bolts_hand_tighten
2729759,12996,-4048,10808,2005,66,492,insert_bolts_hand_tighten
2729781,12604,-3100,10612,974,369,-47,insert_bolts_hand_tighten
2729803,12628,-3764,10668,-154,-21,-286,insert_bolts_hand_tighten
2729825,12532,-3896,10284,-529,-27,-178,insert_bolts_hand_tighten
2729847,12480,-3600,10460,33,38,132,insert_bolts_hand_tighten
2729869,12608,-3588,10644,87,11,344,insert_bolts_hand_tighten
2729891,12428,-3820,10864,-466,-281,61,insert_bolts_hand_tighten
2729913,12952,-3732,10448,-678,-557,-172,insert_bolts_hand_tighten
2729935,12936,-3720,9988,406,-10,-37,insert_bolts_hand_tighten
2729957,12796,-3972,10048,1038,238,187,insert_bolts_hand_tighten
2729979,12636,-3508,10432,1008,391,588,insert_bolts_hand_tighten
2730001,12724,-3284,10760,850,366,759,insert_bolts_hand_tighten
2730023,12856,-3328,11328,-335,-42,123,insert_bolts_hand_tighten
2730045,13004,-3448,10708,-1009,25,-788,insert_bolts_hand_tighten
2730067,12684,-3724,10032,-1134,-242,-509,insert_bolts_hand_tighten
2730089,12948,-4000,10144,351,244,370,insert_bolts_hand_tighten
2730111,12520,-3068,9956,1681,157,1177,insert_bolts_hand_tighten
2730133,12512,-3632,10612,780,169,1210,insert_bolts_hand_tighten
2730155,12936,-3284,11144,64,317,31,insert_bolts_hand_tighten
2730177,12532,-3480,10588,-1371,520,-509,insert_bolts_hand_tighten
2730199,12932,-3764,9984,-490,614,-486,insert_bolts_hand_tighten
2730221,12344,-4004,10464,-325,503,123,insert_bolts_hand_tighten
2730243,11928,-4444,10380,567,-90,76,insert_bolts_hand_tighten
2730265,12688,-3320,10876,-631,0,-12,insert_bolts_hand_tighten
2730287,13088,-4232,10880,-665,129,-729,insert_bolts_hand_tighten
2730309,12800,-3680,10584,0,346,-93,insert_bolts_hand_tighten
2730331,12552,-3840,10152,297,485,607,insert_bolts_hand_tighten
2730353,12668,-3608,10588,590,830,845,insert_bolts_hand_tighten
2730375,12436,-3308,10900,-75,401,518,insert_bolts_hand_tighten
2730397,12720,-3184,10972,-76,60,-190,insert_bolts_hand_tighten
2730419,12256,-3620,10804,-421,-196,-357,insert_bolts_hand_tighten
2730441,12964,-3584,10564,1326,-39,168,insert_bolts_hand_tighten
2730463,12508,-3596,11144,1294,542,580,insert_bolts_hand_tighten
2730485,13224,-3256,10936,1481,693,648,insert_bolts_hand_tighten
2730507,13208,-4252,11288,1819,1607,466,insert_bolts_hand_tighten
2730529,12428,-3280,11144,3405,2643,739,insert_bolts_hand_tighten
2730551,12012,-2620,11328,1911,624,950,insert_bolts_hand_tighten
2730573,12000,-2296,11604,-609,-165,400,insert_bolts_hand_tighten
2730595,12856,-2332,11268,-3203,180,-517,insert_bolts_hand_tighten
2730617,12632,-2472,10908,-6107,1278,-1451,insert_bolts_hand_tighten
2730639,12632,-3384,10348,-6808,2362,-1724,insert_bolts_hand_tighten
2730661,12024,-4592,10656,-4677,4354,-1584,insert_bolts_hand_tighten
2730683,11508,-5228,11092,-2300,6082,-1386,insert_bolts_hand_tighten
2730705,10940,-5060,11448,-518,5429,-816,insert_bolts_hand_tighten
2730727,10728,-5032,11496,674,4582,-914,insert_bolts_hand_tighten
2730749,10608,-5148,11104,4080,3239,257,insert_bolts_hand_tighten
2730771,10100,-4508,11020,7372,446,1863,insert_bolts_hand_tighten
2730793,11080,-4540,11548,8384,-1334,2418,insert_bolts_hand_tighten
2730815,11524,-3064,12152,8368,-1984,2230,insert_bolts_hand_tighten
2730837,12776,-2376,12004,6947,-1637,1747,insert_bolts_hand_tighten
2730859,12000,-1560,11460,4567,-562,1495,insert_bolts_hand_tighten
2730881,12880,-1960,11316,6862,-908,1963,insert_bolts_hand_tighten
2730903,12204,-1380,12248,7301,199,2219,insert_bolts_hand_tighten
2730925,12468,-2912,13204,2620,150,1795,insert_bolts_hand_tighten
2730947,14064,-2264,12724,3687,-1534,1580,insert_bolts_hand_tighten
2730969,12524,-1320,13364,1474,805,1311,insert_bolts_hand_tighten
2730991,12812,-1796,13112,279,678,1301,insert_bolts_hand_tighten
2731013,14212,-2656,14560,-3527,-416,1891,insert_bolts_hand_tighten
2731035,16728,-5108,15948,-6217,-126,3496,insert_bolts_hand_tighten
2731057,18536,-9104,18444,-13269,3368,6510,insert_bolts_hand_tighten
2731079,19376,-10604,19952,-19551,6232,10784,insert_bolts_hand_tighten
2731101,18804,-11856,18856,-30157,3813,15412,insert_bolts_hand_tighten
2731123,19768,-15764,14452,-32768,-472,21727,insert_bolts_hand_tighten
2731145,17996,-18176,11460,-30674,-2786,29155,insert_bolts_hand_tighten
2731167,15264,-16808,8404,-27743,-5590,32767,insert_bolts_hand_tighten
2731189,11996,-15316,5680,-24574,-7149,32767,insert_bolts_hand_tighten
2731211,8452,-12780,3056,-20189,-7362,32767,insert_bolts_hand_tighten
2731233,5524,-10296,2956,-15733,-7804,32767,insert_bolts_hand_tighten
2731255,3512,-8608,3100,-12264,-8236,31992,insert_bolts_hand_tighten
2731277,3104,-7496,3700,-8582,-4937,26252,insert_bolts_hand_tighten
2731299,2448,-6220,5168,-7808,-3859,20740,insert_bolts_hand_tighten
2731321,2164,-5348,5520,-7622,-5902,16481,insert_bolts_hand_tighten
2731343,2512,-6308,5968,-3822,-5313,15945,insert_bolts_hand_tighten
2731365,1196,-8360,5404,-670,-2571,13202,insert_bolts_hand_tighten
2731387,2116,-10648,3924,3798,-3619,8728,insert_bolts_hand_tighten
2731409,1716,-10024,5932,6434,-1252,5280,insert_bolts_hand_tighten
2731431,1548,-8540,6784,4428,-2554,4206,insert_bolts_hand_tighten
2731453,1712,-11440,5804,742,-2929,2575,insert_bolts_hand_tighten
2731475,2020,-14984,5760,3007,-303,1854,insert_bolts_hand_tighten
2731497,1288,-15112,7232,5874,2024,1152,insert_bolts_hand_tighten
2731519,452,-13244,8368,2545,1670,1665,insert_bolts_hand_tighten
2731541,-584,-14184,7484,-1638,706,2057,insert_bolts_hand_tighten
2731563,-848,-14320,5804,-968,-236,1500,insert_bolts_hand_tighten
2731585,-1084,-15316,4584,1301,90,28,insert_bolts_hand_tighten
2731607,-664,-15124,4728,1523,704,-243,insert_bolts_hand_tighten
2731629,-1004,-15220,5700,1720,976,22,insert_bolts_hand_tighten
2731651,-1044,-15076,5684,1273,24,-15,insert_bolts_hand_tighten
2731673,-752,-14584,5376,1853,-818,-465,insert_bolts_hand_tighten
2731695,-744,-13480,5284,1537,-1113,-1429,insert_bolts_hand_tighten
2731717,-648,-13732,6016,-515,-1597,-2461,insert_bolts_hand_tighten
2731739,-156,-15296,6208,-6172,-1394,-2200,insert_bolts_hand_tighten
2731761,-80,-16800,7984,-5516,-1067,-1003,insert_bolts_hand_tighten
2731783,-212,-15036,7032,-7485,-2061,-19,insert_bolts_hand_tighten
2731805,456,-17396,3636,-6350,-2741,-792,insert_bolts_hand_tighten
2731827,624,-17036,3044,2469,216,-606,insert_bolts_hand_tighten
2731849,-1084,-15996,4056,1636,-39,-338,insert_bolts_hand_tighten
2731871,-1144,-13960,5376,-827,-216,-1026,insert_bolts_hand_tighten
2731893,-1136,-14516,6488,-3020,536,-1967,insert_bolts_hand_tighten
2731915,-200,-16148,4836,-3140,565,-2056,insert_bolts_hand_tighten
2731937,1596,-17924,2712,4189,2233,-1645,insert_bolts_hand_tighten
2731959,440,-14920,4972,5416,4218,270,insert_bolts_hand_tighten
2731981,-268,-14816,5384,1147,336,453,insert_bolts_hand_tighten
2732003,656,-14132,6304,-2244,145,-21,insert_bolts_hand_tighten
2732025,768,-14296,5488,-4322,427,-564,insert_bolts_hand_tighten
2732047,472,-15768,4856,-4286,1383,-981,insert_bolts_hand_tighten
2732069,372,-15656,5176,-3863,1601,-628,insert_bolts_hand_tighten
2732091,232,-15732,5184,-4794,975,-146,insert_bolts_hand_tighten
2732113,-108,-16156,5244,-5384,369,511,insert_bolts_hand_tighten
2732135,300,-17044,4508,-3532,-342,1240,insert_bolts_hand_tighten
2732157,-12,-16340,4120,-321,1146,1539,insert_bolts_hand_tighten
2732179,80,-16476,3540,3344,1793,2183,insert_bolts_hand_tighten
2732201,164,-16108,3336,3122,1645,2906,insert_bolts_hand_tighten
2732223,-1492,-16952,3332,851,1793,1005,insert_bolts_hand_tighten
2732245,-528,-16112,2896,2523,1687,998,insert_bolts_hand_tighten
2732267,-224,-17628,3988,9949,2560,1662,insert_bolts_hand_tighten
2732289,-248,-16688,5168,15101,1854,3008,insert_bolts_hand_tighten
2732311,-172,-14384,6392,14910,2464,2139,insert_bolts_hand_tighten
2732333,-648,-13656,6408,12937,2453,810,insert_bolts_hand_tighten
2732355,-1100,-14444,6768,8166,1424,993,insert_bolts_hand_tighten
2732377,-788,-13464,6660,9754,1564,844,insert_bolts_hand_tighten
2732399,-1244,-11964,8044,6178,505,1185,insert_bolts_hand_tighten
2732421,-1716,-12480,9920,176,372,574,insert_bolts_hand_tighten
2732443,-688,-13444,9400,-3300,-795,-400,insert_bolts_hand_tighten
2732465,-616,-15916,5896,-2816,-777,-1039,insert_bolts_hand_tighten
2732487,-264,-17628,4312,2372,1601,-1259,insert_bolts_hand_tighten
2732509,-1228,-14948,6924,3604,2419,-1232,insert_bolts_hand_tighten
2732531,-2408,-11004,8544,-453,-129,-650,insert_bolts_hand_tighten
2732553,-2412,-12016,10120,-7251,-62,-1771,insert_bolts_hand_tighten
2732575,-1548,-13852,9000,-11475,-958,-2635,insert_bolts_hand_tighten
2732597,-612,-16992,5688,-4929,-407,-2034,insert_bolts_hand_tighten
2732619,552,-17668,4900,2071,692,74,insert_bolts_hand_tighten
2732641,-376,-14812,6448,1910,-2046,2407,insert_bolts_hand_tighten
2732663,-1564,-13408,9328,-5302,-2902,578,insert_bolts_hand_tighten
2732685,-336,-14632,8408,-3744,-3738,1239,insert_bolts_hand_tighten
2732707,-288,-13796,7076,-754,-2029,888,insert_bolts_hand_tighten
2732729,-356,-14184,7016,-3927,-1849,756,insert_bolts_hand_tighten
2732751,-1152,-13160,6612,-9841,-1887,-968,insert_bolts_hand_tighten
2732773,60,-18164,4480,-7408,-2577,-784,insert_bolts_hand_tighten
2732795,108,-17160,4776,-1140,-810,481,insert_bolts_hand_tighten
2732817,-32,-14276,6696,-3907,-517,1017,insert_bolts_hand_tighten
2732839,-488,-13796,7496,-9784,-964,801,insert_bolts_hand_tighten
2732861,64,-13568,4800,-13425,-1086,191,insert_bolts_hand_tighten
2732883,664,-18392,2192,-7465,-610,-465,insert_bolts_hand_tighten
2732905,-872,-17724,3216,1210,1435,-1628,insert_bolts_hand_tighten
2732927,144,-14836,7696,-335,1098,-226,insert_bolts_hand_tighten
2732949,-548,-16164,7844,-8518,-301,976,insert_bolts_hand_tighten
2732971,-88,-16412,2736,-8894,707,-1459,insert_bolts_hand_tighten
2732993,16,-22548,460,7891,1639,-1698,insert_bolts_hand_tighten
2733015,-652,-15168,3860,20028,2475,546,insert_bolts_hand_tighten
2733037,-1104,-14564,5020,19618,-192,2432,insert_bolts_hand_tighten
2733059,-1328,-12976,6424,11598,-426,3092,insert_bolts_hand_tighten
2733081,-556,-13200,5124,6740,-1364,1602,insert_bolts_hand_tighten
2733103,212,-16200,5300,14294,-1908,2171,insert_bolts_hand_tighten
2733125,1096,-14896,9800,22464,-1074,5329,insert_bolts_hand_tighten
2733147,-368,-12928,11136,19592,-1176,7355,insert_bolts_hand_tighten
2733169,-572,-8232,11276,9729,-1767,5831,insert_bolts_hand_tighten
2733191,-1212,-13104,10180,4261,-2239,3643,insert_bolts_hand_tighten
2733213,-1860,-15976,8208,12194,-1693,3266,insert_bolts_hand_tighten
2733235,-2688,-12056,9840,18071,664,3579,insert_bolts_hand_tighten
2733257,-3488,-8652,10080,11219,396,3012,insert_bolts_hand_tighten
2733279,-2272,-9388,11496,5834,-220,1051,insert_bolts_hand_tighten
2733301,-2956,-13880,12160,11069,51,-13,insert_bolts_hand_tighten
2733323,-1824,-14520,13308,17170,-1152,2876,insert_bolts_hand_tighten
2733345,-2356,-8216,14564,14155,-1948,4324,insert_bolts_hand_tighten
2733367,-2660,-8212,11480,6741,-2515,3523,insert_bolts_hand_tighten
2733389,-1888,-12224,12432,5861,-679,2206,insert_bolts_hand_tighten
2733411,-2280,-11904,13144,10148,-740,2235,insert_bolts_hand_tighten
2733433,-3084,-8644,13628,10963,-608,1552,insert_bolts_hand_tighten
2733455,-1932,-6380,13256,5150,-737,1422,insert_bolts_hand_tighten
2733477,-972,-7392,12360,1140,-1965,797,insert_bolts_hand_tighten
2733499,196,-7440,13472,-777,-825,191,insert_bolts_hand_tighten
2733521,-552,-6368,14216,-5347,-357,88,insert_bolts_hand_tighten
2733543,-852,-9012,14196,-11386,-647,-384,insert_bolts_hand_tighten
2733565,-912,-11012,14196,-9440,-226,-790,insert_bolts_hand_tighten
2733587,-1304,-12132,14124,-4827,997,-473,insert_bolts_hand_tighten
2733609,-1796,-10012,14488,-984,2068,-99,insert_bolts_hand_tighten
2733631,-1928,-7432,13340,-1079,869,-820,insert_bolts_hand_tighten
2733653,-1524,-6632,13404,-7567,-73,-1140,insert_bolts_hand_tighten
2733675,-2244,-9644,12436,-14246,-702,-1690,insert_bolts_hand_tighten
2733697,-936,-14556,13136,-5265,-1316,-2205,insert_bolts_hand_tighten
2733719,-1168,-11896,13848,883,-424,-1666,insert_bolts_hand_tighten
2733741,-1128,-8692,12916,-1459,-367,-702,insert_bolts_hand_tighten
2733763,-808,-8704,13096,-7783,-536,-811,insert_bolts_hand_tighten
2733785,-356,-8804,14356,-13792,-1229,373,insert_bolts_hand_tighten
2733807,-1016,-11628,12904,-15262,-1295,72,insert_bolts_hand_tighten
2733829,-944,-16208,11184,-10412,-552,250,insert_bolts_hand_tighten
2733851,-1144,-17620,10268,308,799,461,insert_bolts_hand_tighten
2733873,-1508,-11956,11520,2788,915,539,insert_bolts_hand_tighten
2733895,-1676,-11488,11248,-598,-634,966,insert_bolts_hand_tighten
2733917,-1392,-11064,10504,-3730,-1439,939,insert_bolts_hand_tighten
2733939,-696,-12520,10484,-6376,-1709,1366,insert_bolts_hand_tighten
2733961,-980,-14892,11472,-4207,-693,1838,insert_bolts_hand_tighten
2733983,-936,-13920,11808,-1525,-1743,3325,insert_bolts_hand_tighten
2734005,-1588,-13080,10872,-843,-1950,4211,insert_bolts_hand_tighten
2734027,-1832,-11428,10428,-2784,-2551,4031,insert_bolts_hand_tighten
2734049,-1360,-10524,9860,-4383,-3872,3434,insert_bolts_hand_tighten
2734071,-1464,-14064,9852,-3434,-3870,3721,insert_bolts_hand_tighten
2734093,-1808,-11980,10432,889,-5155,4136,insert_bolts_hand_tighten
2734115,-1848,-11424,10696,628,-4705,4230,insert_bolts_hand_tighten
2734137,-2328,-10272,10412,-1278,-3689,3015,insert_bolts_hand_tighten
2734159,-2216,-10448,9592,-2423,-2462,2410,insert_bolts_hand_tighten
2734181,-2440,-11920,9088,-4996,-865,2082,insert_bolts_hand_tighten
2734203,-1852,-13204,9368,-467,-1813,1620,insert_bolts_hand_tighten
2734225,-1296,-13548,10596,-886,-1609,1779,insert_bolts_hand_tighten
2734247,-1736,-13664,10132,-252,-1946,1466,insert_bolts_hand_tighten
2734269,-1748,-14464,9660,381,-3160,1452,insert_bolts_hand_tighten
2734291,-1296,-13352,9680,1329,-3860,1308,insert_bolts_hand_tighten
2734313,-976,-13052,10496,1849,-3295,1630,insert_bolts_hand_tighten
2734335,-1288,-11792,10844,2368,-3251,1048,insert_bolts_hand_tighten
2734357,-1420,-12444,10364,426,-2044,805,insert_bolts_hand_tighten
2734379,-1716,-12780,10660,-1396,-1534,1375,insert_bolts_hand_tighten
2734401,-1892,-12692,11212,-1570,-1250,1577,insert_bolts_hand_tighten
2734423,-1576,-12280,11264,-2492,-571,1694,insert_bolts_hand_tighten
2734445,-1252,-12312,12340,-2904,707,923,insert_bolts_hand_tighten
2734467,-1296,-13380,11924,188,1143,224,insert_bolts_hand_tighten
2734489,-1668,-13328,10136,2720,1069,192,insert_bolts_hand_tighten
2734511,-1520,-12968,9376,1873,438,501,insert_bolts_hand_tighten
2734533,-1724,-13600,8824,1273,-349,656,insert_bolts_hand_tighten
2734555,-1756,-13460,9360,546,-797,413,insert_bolts_hand_tighten
2734577,-992,-12436,9936,619,-1017,359,insert_bolts_hand_tighten
2734599,-972,-12372,10092,-580,-97,728,insert_bolts_hand_tighten
2734621,-1076,-12648,10212,-1599,555,1040,insert_bolts_hand_tighten
2734643,-1536,-13000,10144,-2157,604,997,insert_bolts_hand_tighten
2734665,-2552,-13652,9504,-1600,308,949,insert_bolts_hand_tighten
2734687,-2256,-12800,10004,-505,-550,833,insert_bolts_hand_tighten
2734709,-1864,-12416,10476,-154,-300,1148,insert_bolts_hand_tighten
2734731,-1880,-12856,10596,-1058,48,1196,insert_bolts_hand_tighten
2734753,-1880,-13140,10300,-45,513,888,insert_bolts_hand_tighten
2734775,-1832,-13384,10016,2294,797,199,insert_bolts_hand_tighten
2734797,-2104,-12436,10012,4540,490,-853,insert_bolts_hand_tighten
2734819,1560,-7192,12580,4693,-1386,-1815,insert_bolts_hand_tighten
2734841,-2196,-11728,10292,-1231,1736,-284,insert_bolts_hand_tighten
2734863,-2460,-14968,9160,629,-1299,-325,insert_bolts_hand_tighten
2734885,-1024,-13468,10148,2618,-1465,-733,insert_bolts_hand_tighten
2734907,-1428,-13540,10860,4440,-192,-1382,insert_bolts_hand_tighten
2734929,-1488,-11340,12152,4723,-1139,-1643,insert_bolts_hand_tighten
2734951,-456,-9184,12616,971,-1011,-867,insert_bolts_hand_tighten
2734973,-516,-11088,11888,-180,-486,-270,insert_bolts_hand_tighten
2734995,-748,-11512,11656,-642,-757,487,insert_bolts_hand_tighten
2735017,-936,-11760,12192,-1882,-698,936,insert_bolts_hand_tighten
2735039,-1316,-11796,11404,-2510,-994,1231,insert_bolts_hand_tighten
2735061,-2292,-13608,10024,-2163,-1142,825,insert_bolts_hand_tighten
2735083,-2280,-13572,10104,704,-1577,356,insert_bolts_hand_tighten
2735105,-1740,-12224,9932,2370,-950,-510,insert_bolts_hand_tighten
2735127,-1408,-11408,11120,1468,1098,-877,insert_bolts_hand_tighten
2735149,-1380,-12360,12888,-621,2072,192,insert_bolts_hand_tighten
2735171,-1264,-12580,12848,1675,1417,713,insert_bolts_hand_tighten
2735193,-452,-10932,11852,2616,176,591,insert_bolts_hand_tighten
2735215,-1120,-11212,10416,2766,656,531,insert_bolts_hand_tighten
2735237,-1148,-11416,10816,1078,77,965,insert_bolts_hand_tighten
2735259,-1388,-13200,10800,-919,-935,1612,insert_bolts_hand_tighten
2735281,-612,-10308,12192,-2468,-1029,1457,insert_bolts_hand_tighten
2735303,-1236,-11452,13340,-1222,-882,1187,insert_bolts_hand_tighten
2735325,-708,-11900,12532,-367,-1643,965,insert_bolts_hand_tighten
2735347,-1004,-12208,11720,-2215,-817,630,insert_bolts_hand_tighten
2735369,-792,-11764,11836,-3178,-560,-1126,insert_bolts_hand_tighten
2735391,-912,-12664,12360,-2693,-383,-2153,insert_bolts_hand_tighten
2735413,-740,-12856,11084,-764,121,-2584,insert_bolts_hand_tighten
2735435,-1256,-13384,9892,2321,1169,-2613,insert_bolts_hand_tighten
2735457,-1024,-13068,9500,5774,259,-2409,insert_bolts_hand_tighten
2735479,8,-10568,11760,4915,106,-2038,insert_bolts_hand_tighten
2735501,-28,-9844,10780,505,1295,-2552,insert_bolts_hand_tighten
2735523,-356,-9736,11496,-2778,2361,-3193,insert_bolts_hand_tighten
2735545,-1296,-12696,12748,-8030,3758,-2130,insert_bolts_hand_tighten
2735567,-2156,-15412,10768,-2858,2785,-1209,insert_bolts_hand_tighten
2735589,-1696,-14572,9916,2223,2167,1510,insert_bolts_hand_tighten
2735611,-4072,-13608,11112,2088,1438,2290,insert_bolts_hand_tighten
2735633,-2832,-11740,10288,3990,6,1544,insert_bolts_hand_tighten
2735655,-1328,-10992,10440,7727,29,-194,insert_bolts_hand_tighten
2735677,2296,-8904,11732,6288,1947,2565,insert_bolts_hand_tighten
2735699,-104,-9736,13436,1395,7252,1724,insert_bolts_hand_tighten
2735721,-1752,-11044,14124,2097,2472,1163,insert_bolts_hand_tighten
2735743,-268,-12276,11032,3576,-1075,1631,insert_bolts_hand_tighten
2735765,-2380,-14096,11540,5217,-146,1026,insert_bolts_hand_tighten
2735787,-1684,-9900,14144,3412,-315,1666,insert_bolts_hand_tighten
2735809,-1912,-9444,14456,1859,-859,1245,insert_bolts_hand_tighten
2735831,-1860,-9484,13748,1983,112,758,insert_bolts_hand_tighten
2735853,-2116,-10280,12296,2480,-1281,881,insert_bolts_hand_tighten
2735875,-1988,-10388,12540,1311,-1384,1058,insert_bolts_hand_tighten
2735897,-1452,-10192,12936,193,-1635,484,insert_bolts_hand_tighten
2735919,-760,-9140,13368,-1892,-920,-478,insert_bolts_hand_tighten
2735941,-912,-9200,14300,-4436,482,-1531,insert_bolts_hand_tighten
2735963,-680,-9640,11804,-6145,1303,-2539,insert_bolts_hand_tighten
2735985,-1632,-11052,10388,-6446,3309,-2079,insert_bolts_hand_tighten
2736007,-2348,-11072,11072,-6808,1955,-1634,insert_bolts_hand_tighten
2736029,-1524,-11060,12972,-9715,1482,-1126,insert_bolts_hand_tighten
2736051,-1528,-11804,13760,-16560,4278,-894,insert_bolts_hand_tighten
2736073,-3064,-16276,10684,-12085,4155,-742,insert_bolts_hand_tighten
2736095,-3020,-16452,10156,-2027,3500,-1175,insert_bolts_hand_tighten
2736117,-2668,-13332,9392,5644,1321,-833,insert_bolts_hand_tighten
2736139,-1144,-8496,10776,3125,0,-214,insert_bolts_hand_tighten
2736161,-1304,-10384,11104,-4030,1366,-78,insert_bolts_hand_tighten
2736183,-1900,-15208,10048,288,1130,-440,insert_bolts_hand_tighten
2736205,-1748,-16064,9940,9494,1327,7,insert_bolts_hand_tighten
2736227,-1644,-9872,11204,7267,1631,1377,insert_bolts_hand_tighten
2736249,-1332,-11180,11788,6791,2484,2962,insert_bolts_hand_tighten
2736271,-260,-14880,11640,7461,1446,2995,insert_bolts_hand_tighten
2736293,-2568,-9480,11668,9483,1735,1318,insert_bolts_hand_tighten
2736315,-2784,-8560,11844,3612,451,656,insert_bolts_hand_tighten
2736337,-1712,-9452,12240,3926,2509,-5,insert_bolts_hand_tighten
2736359,-2672,-10528,10688,6692,2134,-513,insert_bolts_hand_tighten
2736381,-2120,-6396,11104,4644,866,-889,insert_bolts_hand_tighten
2736403,-2688,-7948,13320,-5277,1046,-1912,insert_bolts_hand_tighten
2736425,-2560,-10644,13912,-8206,643,-2165,insert_bolts_hand_tighten
2736447,-2640,-11360,12440,-9863,646,-2096,insert_bolts_hand_tighten
2736469,-1812,-12016,11020,-9166,1163,-1592,insert_bolts_hand_tighten
2736491,-2292,-12976,10564,-6425,660,-221,insert_bolts_hand_tighten
2736513,-2684,-12000,10552,-6542,329,-199,insert_bolts_hand_tighten
2736535,-2424,-14552,11104,-4819,-206,-900,insert_bolts_hand_tighten
2736557,-1700,-12028,13244,-1045,-132,635,insert_bolts_hand_tighten
2736579,-1488,-12120,11976,-722,-1044,882,insert_bolts_hand_tighten
2736601,-2544,-10840,12116,-1693,1661,-205,insert_bolts_hand_tighten
2736623,-2592,-12764,11000,-2820,780,-938,insert_bolts_hand_tighten
2736645,-2228,-13376,11432,41,172,-663,insert_bolts_hand_tighten
2736667,-2896,-13992,11312,171,-1241,338,insert_bolts_hand_tighten
2736689,-2024,-13004,10064,-48,74,557,insert_bolts_hand_tighten
2736711,-2140,-11220,11472,-1251,2594,144,insert_bolts_hand_tighten
2736733,-2480,-11232,11772,1906,1198,-1504,insert_bolts_hand_tighten
2736755,-2668,-10372,10312,-1074,-585,-3284,insert_bolts_hand_tighten
2736777,-1648,-10676,9440,-4695,-52,-3503,insert_bolts_hand_tighten
2736799,-548,-9688,9940,-9195,1320,-2403,insert_bolts_hand_tighten
2736821,-1128,-11464,10672,-13156,2486,-2147,insert_bolts_hand_tighten
2736843,-1092,-14760,10140,-12834,3296,-2318,insert_bolts_hand_tighten
2736865,-1904,-15496,9652,-8685,2721,-1893,insert_bolts_hand_tighten
2736887,-2364,-15380,8448,-6178,1956,-1601,insert_bolts_hand_tighten
2736909,-2012,-15812,7644,-4808,1141,-792,insert_bolts_hand_tighten
2736931,-2648,-14996,8368,1107,873,-662,insert_bolts_hand_tighten
2736953,-1732,-14216,8468,2939,150,-567,insert_bolts_hand_tighten
2736975,-2024,-13324,7972,2941,-471,-170,insert_bolts_hand_tighten
2736997,-1688,-13004,8304,382,-1699,358,insert_bolts_hand_tighten
2737019,-1592,-13568,9240,-1597,-1688,475,insert_bolts_hand_tighten
2737041,-1700,-14320,9496,-3183,-1019,-405,insert_bolts_hand_tighten
2737063,-1624,-14464,9288,-2606,-755,-704,insert_bolts_hand_tighten
2737085,-1556,-14120,8188,-865,-1725,-1304,insert_bolts_hand_tighten
2737107,-1988,-14876,8364,-1552,-1980,-910,insert_bolts_hand_tighten
2737129,-1416,-13432,8612,201,-1784,-833,insert_bolts_hand_tighten
2737151,-632,-13240,8424,-1510,-652,209,insert_bolts_hand_tighten
2737173,-928,-13556,7584,-5596,-774,909,insert_bolts_hand_tighten
2737195,-1028,-14580,8840,-9051,-444,646,insert_bolts_hand_tighten
2737217,-872,-16152,8196,-8915,-1434,344,insert_bolts_hand_tighten
2737239,-1160,-16536,6536,-1620,-1245,-217,insert_bolts_hand_tighten
2737261,-1140,-14356,6832,2772,-993,-384,insert_bolts_hand_tighten
2737283,-1308,-13400,7640,2494,-778,-291,insert_bolts_hand_tighten
2737305,-1356,-13072,7788,54,157,-496,insert_bolts_hand_tighten
2737327,-1132,-14076,8000,-690,142,-805,insert_bolts_hand_tighten
2737349,-1096,-14780,7920,-170,525,-1161,insert_bolts_hand_tighten
2737371,-696,-14636,7588,141,1229,-752,insert_bolts_hand_tighten
2737393,-584,-14248,7700,-1299,2887,-794,insert_bolts_hand_tighten
2737415,-1104,-13660,8848,-4342,3882,-1157,insert_bolts_hand_tighten
2737437,-864,-14784,8300,-5471,2397,-637,insert_bolts_hand_tighten
2737459,-776,-15708,7048,-4215,1627,-195,insert_bolts_hand_tighten
2737481,-564,-15196,6816,-1509,2128,-508,insert_bolts_hand_tighten
2737503,-692,-14704,7284,-1689,2304,-448,insert_bolts_hand_tighten
2737525,-860,-14308,6888,-1363,1642,-951,insert_bolts_hand_tighten
2737547,-984,-15188,5828,-1705,994,-1579,insert_bolts_hand_tighten
2737569,-940,-14328,6036,-816,1930,-1995,insert_bolts_hand_tighten
2737591,-1848,-13300,6608,-4182,1378,-990,insert_bolts_hand_tighten
2737613,-1868,-15344,7364,-7577,-86,-575,insert_bolts_hand_tighten
2737635,-1512,-15256,5364,-8186,-873,-610,insert_bolts_hand_tighten
2737657,-1536,-16632,3964,-4617,-1269,-1059,insert_bolts_hand_tighten
2737679,80,-14264,5072,-1390,-677,-1803,insert_bolts_hand_tighten
2737701,-448,-12776,6732,-5719,1298,-1884,insert_bolts_hand_tighten
2737723,-236,-13576,7660,-10305,-529,-664,insert_bolts_hand_tighten
2737745,104,-17504,5392,-8250,-210,-890,insert_bolts_hand_tighten
2737767,-20,-18116,4532,310,225,-1130,insert_bolts_hand_tighten
2737789,308,-18548,4232,-475,-499,-600,insert_bolts_hand_tighten
2737811,-672,-18288,4244,4937,-443,-377,insert_bolts_hand_tighten
2737833,-60,-17168,4540,9553,-144,-28,insert_bolts_hand_tighten
2737855,-288,-15408,6572,8793,-97,967,insert_bolts_hand_tighten
2737877,-720,-14732,6700,7717,415,1225,insert_bolts_hand_tighten
2737899,-700,-14276,6744,6816,98,1367,insert_bolts_hand_tighten
2737921,-520,-15748,6516,8190,220,705,insert_bolts_hand_tighten
2737943,-980,-15908,5884,8593,320,1269,insert_bolts_hand_tighten
2737965,-900,-14164,7592,6959,1502,1720,insert_bolts_hand_tighten
2737987,-248,-12808,7284,5189,2345,378,insert_bolts_hand_tighten
2738009,-940,-13836,7548,1600,1305,306,insert_bolts_hand_tighten
2738031,-588,-12620,7168,-1693,397,-1034,insert_bolts_hand_tighten
2738053,-152,-13596,7920,-4309,316,-1972,insert_bolts_hand_tighten
2738075,328,-12424,7416,-6927,-845,-1493,insert_bolts_hand_tighten
2738097,-20,-15536,7576,-7142,-39,-1094,insert_bolts_hand_tighten
2738119,-212,-17508,7300,-3663,-402,-240,insert_bolts_hand_tighten
2738141,-680,-16076,6656,-1675,226,322,insert_bolts_hand_tighten
2738163,-1024,-15288,7072,-3102,662,-149,insert_bolts_hand_tighten
2738185,-756,-14412,6724,-3833,-197,-629,insert_bolts_hand_tighten
2738207,-348,-14516,6348,-6122,530,-1028,insert_bolts_hand_tighten
2738229,-28,-16128,4636,-1999,1079,-1197,insert_bolts_hand_tighten
2738251,-132,-13992,5752,3056,1138,360,insert_bolts_hand_tighten
2738273,-932,-12220,7088,2120,536,249,insert_bolts_hand_tighten
2738295,-464,-13348,5264,-2696,-93,-1144,insert_bolts_hand_tighten
2738317,104,-15524,4748,-4809,221,-2243,insert_bolts_hand_tighten
2738339,228,-16148,6644,-4596,22,-1438,insert_bolts_hand_tighten
2738361,80,-16616,6972,-3192,-406,-380,insert_bolts_hand_tighten
2738383,-600,-14944,8568,148,443,338,insert_bolts_hand_tighten
2738405,-1004,-18028,4552,-1635,-650,62,insert_bolts_hand_tighten
2738427,-388,-14496,3484,-4534,-22,-941,insert_bolts_hand_tighten
2738449,140,-15076,2520,-6136,582,-1801,insert_bolts_hand_tighten
2738471,836,-16636,3496,-1665,-534,-1780,insert_bolts_hand_tighten
2738493,304,-16280,6164,2828,-421,-936,insert_bolts_hand_tighten
2738515,168,-14848,7620,3658,-607,-670,insert_bolts_hand_tighten
2738537,168,-12756,4584,-2840,-2359,-689,insert_bolts_hand_tighten
2738559,-192,-14512,2632,-3719,-1565,-1711,insert_bolts_hand_tighten
2738581,956,-16864,4608,-5432,-2441,-1302,insert_bolts_hand_tighten
2738603,1532,-15032,7172,-3175,-2382,-861,insert_bolts_hand_tighten
2738625,336,-15508,6528,-3360,-1279,257,insert_bolts_hand_tighten
2738647,584,-16852,4228,23,-1892,579,insert_bolts_hand_tighten
2738669,28,-17076,1412,-2064,-2983,1299,insert_bolts_hand_tighten
2738691,-264,-17808,1664,1862,-3309,1906,insert_bolts_hand_tighten
2738713,768,-13648,6560,2269,-2169,1949,insert_bolts_hand_tighten
2738735,716,-14388,7792,-47,-2158,1611,insert_bolts_hand_tighten
2738757,1120,-15076,5992,128,-1676,937,insert_bolts_hand_tighten
2738779,548,-18172,3156,5751,-1996,838,insert_bolts_hand_tighten
2738801,1916,-15708,4932,3999,-2654,2560,insert_bolts_hand_tighten
2738823,700,-12340,8644,-740,-989,2518,insert_bolts_hand_tighten
2738845,624,-13836,6084,-6015,-3202,3026,insert_bolts_hand_tighten
2738867,572,-18532,3044,-3941,-718,920,insert_bolts_hand_tighten
2738889,-1876,-19108,2076,5998,-1254,304,insert_bolts_hand_tighten
2738911,-1556,-16276,2480,8099,-3816,902,insert_bolts_hand_tighten
2738933,-1068,-14332,5964,7973,-1909,983,insert_bolts_hand_tighten
2738955,208,-16320,7096,7195,-2402,3203,insert_bolts_hand_tighten
2738977,100,-16464,7964,8971,-1469,2540,insert_bolts_hand_tighten
2738999,-140,-14092,6692,10412,-950,2129,insert_bolts_hand_tighten
2739021,600,-13848,6176,8690,-845,1960,insert_bolts_hand_tighten
2739043,864,-17360,6244,10262,-2548,1828,insert_bolts_hand_tighten
2739065,-340,-12152,5720,10506,-3939,562,insert_bolts_hand_tighten
2739087,528,-11832,8308,1290,-2537,1007,insert_bolts_hand_tighten
2739109,-2192,-15656,3956,5087,-2070,-1165,insert_bolts_hand_tighten
2739131,2024,-15828,13016,5467,-418,1735,insert_bolts_hand_tighten
2739153,-60,-11964,13908,5170,920,1005,insert_bolts_hand_tighten
2739175,32,-11580,11760,-190,1207,495,insert_bolts_hand_tighten
2739197,-24,-12280,9832,-2724,189,78,insert_bolts_hand_tighten
2739219,-232,-14080,7864,-3541,730,-574,insert_bolts_hand_tighten
2739241,-1324,-15772,8244,-1356,169,-1214,insert_bolts_hand_tighten
2739263,208,-12916,10496,-5532,262,-941,insert_bolts_hand_tighten
2739285,-648,-17140,7580,-3677,781,-1707,insert_bolts_hand_tighten
2739307,1964,-15476,9284,2764,-39,-1343,insert_bolts_hand_tighten
2739329,1864,-12412,9668,2052,1698,989,insert_bolts_hand_tighten
2739351,2076,-12052,10064,-802,-1018,2884,insert_bolts_hand_tighten
2739373,636,-13972,8388,-5197,-2024,3222,insert_bolts_hand_tighten
2739395,-892,-14568,7996,-5547,-2506,3646,insert_bolts_hand_tighten
2739417,-956,-14560,7152,-3576,-3045,3671,insert_bolts_hand_tighten
2739439,-2236,-17396,5420,116,-1077,3007,insert_bolts_hand_tighten
2739461,-3084,-15984,5932,4430,536,2034,insert_bolts_hand_tighten
2739483,-2036,-13756,7888,4519,772,1172,insert_bolts_hand_tighten
2739505,-1712,-12392,9164,2264,1671,-90,insert_bolts_hand_tighten
2739527,-860,-12240,9212,-1349,1652,648,insert_bolts_hand_tighten
2739549,-820,-14780,8700,-1660,2486,-286,insert_bolts_hand_tighten
2739571,-1204,-14364,8748,-137,1597,-1847,insert_bolts_hand_tighten
2739593,-252,-14628,8252,-527,1843,-2718,insert_bolts_hand_tighten
2739615,792,-11704,9048,-1133,842,-2453,insert_bolts_hand_tighten
2739637,748,-10864,8592,-3491,1860,-2380,insert_bolts_hand_tighten
2739659,1128,-13996,8856,-7169,2418,-1359,insert_bolts_hand_tighten
2739681,544,-17200,6912,-1858,1136,-3317,insert_bolts_hand_tighten
2739703,1460,-17664,4840,7155,796,-4072,insert_bolts_hand_tighten
2739725,744,-13960,6480,10264,3975,-4993,insert_bolts_hand_tighten
2739747,356,-11752,9828,4766,1945,-3433,insert_bolts_hand_tighten
2739769,-356,-13548,9772,-1699,849,-2085,insert_bolts_hand_tighten
2739791,68,-16604,7200,-2187,165,-895,insert_bolts_hand_tighten
2739813,-1676,-16492,7672,-433,1671,888,insert_bolts_hand_tighten
2739835,-1832,-15852,8604,1586,1854,1967,insert_bolts_hand_tighten
2739857,-952,-12536,10472,1746,1111,247,insert_bolts_hand_tighten
2739879,1068,-9796,11348,-3967,1520,-1605,insert_bolts_hand_tighten
2739901,368,-12200,10612,-7261,3748,-2977,insert_bolts_hand_tighten
2739923,124,-13784,9120,-6051,4407,-3962,insert_bolts_hand_tighten
2739945,1376,-12636,8536,-1472,4859,-5266,insert_bolts_hand_tighten
2739967,1748,-11720,10096,-2083,5635,-3998,insert_bolts_hand_tighten
2739989,2028,-13960,10688,1804,3964,-2502,insert_bolts_hand_tighten
2740011,1464,-17188,10176,9586,4609,-3752,insert_bolts_hand_tighten
2740033,3220,-12056,11460,17127,5103,-1667,insert_bolts_hand_tighten
2740055,1728,-11924,11536,15644,2776,994,insert_bolts_hand_tighten
2740077,368,-9944,9312,8195,930,1848,insert_bolts_hand_tighten
2740099,-1420,-13648,9072,1656,872,3335,insert_bolts_hand_tighten
2740121,-3132,-14956,8224,4472,-74,3713,insert_bolts_hand_tighten
2740143,-3312,-13908,8448,6941,-1110,4513,insert_bolts_hand_tighten
2740165,-3292,-13040,9212,5930,-2219,4668,insert_bolts_hand_tighten
2740187,-2048,-10440,12788,-383,-1516,4298,insert_bolts_hand_tighten
2740209,-2160,-15724,12756,2317,940,2448,insert_bolts_hand_tighten
2740231,-1000,-14024,11852,9786,1637,1301,insert_bolts_hand_tighten
2740253,-100,-8140,12180,6314,-1830,-25,insert_bolts_hand_tighten
2740275,-2176,-7412,10064,1863,-92,-3457,insert_bolts_hand_tighten
2740297,2332,-5548,14016,-10643,706,-1474,insert_bolts_hand_tighten
2740319,-2056,-11888,14840,-9182,2208,-1665,insert_bolts_hand_tighten
2740341,1212,-6420,13800,-12088,679,-1517,insert_bolts_hand_tighten
2740363,-924,-11392,8672,-16088,2526,-4352,insert_bolts_hand_tighten
2740385,1228,-12980,8212,-8436,3427,-4325,insert_bolts_hand_tighten
2740407,-292,-13808,11984,-3806,2417,-2585,insert_bolts_hand_tighten
2740429,1112,-10092,14780,-6802,1035,-375,insert_bolts_hand_tighten
2740451,1028,-12976,11508,-10623,-134,1200,insert_bolts_hand_tighten
2740473,2220,-18028,6600,-7650,-443,2218,insert_bolts_hand_tighten
2740495,1656,-18572,8964,5640,1925,-570,insert_bolts_hand_tighten
2740517,592,-13328,10596,10165,-2114,2247,insert_bolts_hand_tighten
2740539,220,-12764,8760,-786,-7657,6146,insert_bolts_hand_tighten
2740561,136,-11572,6660,-7919,-4859,6628,insert_bolts_hand_tighten
2740583,-528,-17088,6608,-7784,-3133,6587,insert_bolts_hand_tighten
2740605,-3204,-16768,8212,-1034,-1640,5646,insert_bolts_hand_tighten
2740627,-1664,-12584,7512,3157,-3488,5773,insert_bolts_hand_tighten
2740649,-1748,-12476,9248,737,-33,4779,insert_bolts_hand_tighten
2740671,-2464,-12608,8308,-1681,2449,2727,insert_bolts_hand_tighten
2740693,-2752,-17772,9120,1315,701,2956,insert_bolts_hand_tighten
2740715,-3496,-16460,8172,5572,410,-751,insert_bolts_hand_tighten
2740737,-1356,-14988,6868,3194,-3308,-1162,insert_bolts_hand_tighten
2740759,1004,-10768,7856,-4052,-1054,-936,insert_bolts_hand_tighten
2740781,156,-14440,10336,-9649,1547,-1682,insert_bolts_hand_tighten
2740803,-276,-11652,10676,-6242,3842,-4098,insert_bolts_hand_tighten
2740825,-208,-8620,12608,-9262,3505,-1719,insert_bolts_hand_tighten
2740847,-1824,-10428,10904,-13250,2201,-1932,insert_bolts_hand_tighten
2740869,-544,-14984,7004,-14838,730,-2305,insert_bolts_hand_tighten
2740891,-1260,-19056,4264,-861,145,-5046,insert_bolts_hand_tighten
2740913,948,-14464,3072,5163,1135,-2864,insert_bolts_hand_tighten
2740935,276,-14020,7508,5753,3789,2203,insert_bolts_hand_tighten
2740957,-1916,-13432,11328,3938,290,9119,insert_bolts_hand_tighten
2740979,-4436,-18108,5404,4635,-4207,10719,insert_bolts_hand_tighten
2741001,-6560,-20632,2896,9803,-5625,7673,insert_bolts_hand_tighten
2741023,-5588,-14900,3500,10586,-7617,7466,insert_bolts_hand_tighten
2741045,-5080,-12736,3972,4478,-6658,9232,insert_bolts_hand_tighten
2741067,-3276,-10208,6884,1051,-4021,6533,insert_bolts_hand_tighten
2741089,-1800,-14476,8496,-5735,460,3197,insert_bolts_hand_tighten
2741111,-2828,-18148,7048,4227,214,1608,insert_bolts_hand_tighten
2741133,-2652,-16080,9680,2533,393,2213,insert_bolts_hand_tighten
2741155,-4156,-13132,9640,-3028,586,1400,insert_bolts_hand_tighten
2741177,-3252,-12896,10572,-11440,1033,2037,insert_bolts_hand_tighten
2741199,-4188,-15628,8552,-7942,2246,197,insert_bolts_hand_tighten
2741221,-4320,-13748,9580,-193,5408,-270,insert_bolts_hand_tighten
2741243,-2384,-11560,11100,-2314,2624,-849,insert_bolts_hand_tighten
2741265,-2632,-13696,10192,-6272,2938,-3113,insert_bolts_hand_tighten
2741287,-2648,-15680,7896,-1393,3150,-6082,insert_bolts_hand_tighten
2741309,-3312,-13216,6532,4368,2390,-5848,insert_bolts_hand_tighten
2741331,-1844,-10632,6608,1254,501,-4677,insert_bolts_hand_tighten
2741353,-2404,-11680,7676,-2202,-197,-4309,insert_bolts_hand_tighten
2741375,-2672,-13616,9104,-4447,-1641,-4608,insert_bolts_hand_tighten
2741397,-2744,-13344,7444,-7604,-1290,-4910,insert_bolts_hand_tighten
2741419,-1896,-17200,4768,-5777,-2797,-5595,insert_bolts_hand_tighten
2741441,-828,-15484,5088,-3516,-1536,-4694,insert_bolts_hand_tighten
2741463,-500,-15052,4208,-1121,-2024,-3618,insert_bolts_hand_tighten
2741485,-756,-14416,3040,732,425,-3521,insert_bolts_hand_tighten
2741507,-1060,-19432,5388,8509,-861,-1287,insert_bolts_hand_tighten
2741529,-900,-16876,8416,14743,-3312,3503,insert_bolts_hand_tighten
2741551,-1556,-13976,9168,9837,-6522,5792,insert_bolts_hand_tighten
2741573,-2584,-11956,9476,1195,-4634,3418,insert_bolts_hand_tighten
2741595,-1328,-12196,8520,1308,-3703,2373,insert_bolts_hand_tighten
2741617,-1872,-16460,8164,1734,-2746,-219,insert_bolts_hand_tighten
2741639,-944,-13328,8392,206,-1521,-1458,insert_bolts_hand_tighten
2741661,-2220,-12660,6692,-6525,-384,-1555,insert_bolts_hand_tighten
2741683,336,-14276,6572,-19282,-1857,262,insert_bolts_hand_tighten
2741705,1344,-15704,8136,-14485,1124,-637,insert_bolts_hand_tighten
2741727,2336,-17480,9468,-5739,2189,-3213,insert_bolts_hand_tighten
2741749,788,-14136,10492,-3717,5784,-3454,insert_bolts_hand_tighten
2741771,-156,-12652,10388,-7050,5291,-4927,insert_bolts_hand_tighten
2741793,748,-13636,9392,-10534,3689,-4266,insert_bolts_hand_tighten
2741815,1744,-14400,8320,-7227,2729,-2873,insert_bolts_hand_tighten
2741837,2012,-16652,5428,-2112,1933,-2368,insert_bolts_hand_tighten
2741859,2092,-15172,5824,2066,1155,-1605,insert_bolts_hand_tighten
2741881,1900,-14480,8008,1757,-479,-1447,insert_bolts_hand_tighten
2741903,1544,-13796,9232,3006,-1567,-1503,insert_bolts_hand_tighten
2741925,1316,-13376,9460,6853,-1991,-1848,insert_bolts_hand_tighten
2741947,588,-13900,6644,7606,-2253,-1738,insert_bolts_hand_tighten
2741969,480,-16244,3780,6266,-2079,-1409,insert_bolts_hand_tighten
2741991,1584,-16708,4672,5470,-3403,-1796,insert_bolts_hand_tighten
2742013,2316,-16040,5424,2733,-3132,1396,insert_bolts_hand_tighten
2742035,2924,-17340,5536,-4924,1894,4778,insert_bolts_hand_tighten
2742057,288,-16272,5552,-5861,5292,4347,insert_bolts_hand_tighten
2742079,-1216,-17836,5952,538,2097,1760,insert_bolts_hand_tighten
2742101,-892,-16028,4512,6815,-2558,1335,insert_bolts_hand_tighten
2742123,-276,-13428,2492,8078,-6252,1655,insert_bolts_hand_tighten
2742145,3540,-7528,5364,871,-6553,5388,insert_bolts_hand_tighten
2742167,1240,-15712,8972,-8373,5285,5391,insert_bolts_hand_tighten
2742189,-668,-15408,9892,6237,1109,669,insert_bolts_hand_tighten
2742211,1208,-17756,7596,4018,3561,2889,insert_bolts_hand_tighten
2742233,-2776,-15204,4376,5077,4512,1178,insert_bolts_hand_tighten
2742255,-2748,-9980,6036,-2229,-838,1279,insert_bolts_hand_tighten
2742277,-544,-15324,8496,-4241,616,-740,insert_bolts_hand_tighten
2742299,1308,-12604,10500,-409,2907,-283,insert_bolts_hand_tighten
2742321,504,-13452,9128,-1140,6113,-305,insert_bolts_hand_tighten
2742343,-1080,-13572,7832,-2941,4190,-1668,insert_bolts_hand_tighten
2742365,-672,-14916,9252,-4318,4100,-2512,insert_bolts_hand_tighten
2742387,-20,-13372,10560,156,5231,-2078,insert_bolts_hand_tighten
2742409,-968,-13824,11020,1215,4065,-1918,insert_bolts_hand_tighten
2742431,-1220,-13172,6140,1152,4022,-2697,insert_bolts_hand_tighten
2742453,-808,-13820,5188,1289,2099,-2748,insert_bolts_hand_tighten
2742475,-260,-12808,7292,137,529,-2527,insert_bolts_hand_tighten
2742497,-80,-9572,9960,1551,-239,-2843,insert_bolts_hand_tighten
2742519,-596,-6676,11260,969,286,-4031,insert_bolts_hand_tighten
2742541,-684,-7136,10192,4022,718,-7657,insert_bolts_hand_tighten
2742563,1144,-6540,7656,4952,76,-11384,insert_bolts_hand_tighten
2742585,3680,560,9168,-5803,2325,-17452,insert_bolts_hand_tighten
2742607,6576,-4288,8292,-23418,6073,-20230,insert_bolts_hand_tighten
2742629,7108,-12176,5372,-20538,16325,-23835,insert_bolts_hand_tighten
2742651,6640,-15196,5932,-6081,22163,-27632,insert_bolts_hand_tighten
2742673,6108,-17160,6916,-4741,22033,-29586,insert_bolts_hand_tighten
2742695,7308,-17468,6456,-5798,21226,-28845,insert_bolts_hand_tighten
2742717,6396,-15588,4796,-1680,24009,-28399,insert_bolts_hand_tighten
2742739,6528,-14524,3588,5317,24827,-28057,insert_bolts_hand_tighten
2742761,8392,-15804,4876,4093,21701,-25936,insert_bolts_hand_tighten
2742783,9000,-16488,5516,1535,16000,-24713,insert_bolts_hand_tighten
2742805,11308,-16124,6064,4690,10884,-22342,insert_bolts_hand_tighten
2742827,11132,-14208,5108,8148,8040,-19862,insert_bolts_hand_tighten
2742849,13796,-15940,7176,6973,3469,-14422,insert_bolts_hand_tighten
2742871,13988,-15492,9180,6153,1776,-10680,insert_bolts_hand_tighten
2742893,13688,-14580,8544,7452,3033,-9420,insert_bolts_hand_tighten
2742915,12272,-12428,9596,11310,3497,-7263,insert_bolts_hand_tighten
2742937,11928,-10016,9652,9530,1552,-5261,insert_bolts_hand_tighten
2742959,12540,-9452,9340,5907,1683,-4170,insert_bolts_hand_tighten
2742981,11036,-9808,9864,8127,5978,-4210,insert_bolts_hand_tighten
2743003,9400,-7872,9924,12525,973,-2495,insert_bolts_hand_tighten
2743025,10572,-6636,10456,12553,-1897,-2313,insert_bolts_hand_tighten
2743047,10672,-5660,10948,10355,-530,-3396,insert_bolts_hand_tighten
2743069,11528,-5716,10912,9837,-1380,-3290,insert_bolts_hand_tighten
2743091,12028,-6368,11476,10804,-1514,-2863,insert_bolts_hand_tighten
2743113,11600,-5980,11652,12083,-1484,-1528,insert_bolts_hand_tighten
2743135,11376,-5592,12540,13451,-2410,-705,insert_bolts_hand_tighten
2743157,12376,-4964,12108,15056,-3901,783,insert_bolts_hand_tighten
2743179,12484,-4472,12104,20987,-1439,1407,insert_bolts_hand_tighten
2743201,12040,-2648,12520,24110,-964,2285,insert_bolts_hand_tighten
2743223,11332,-1164,13228,19633,-1406,2121,insert_bolts_hand_tighten
2743245,11812,-720,13016,12590,-3206,1109,insert_bolts_hand_tighten
2743267,11872,-328,12880,8844,-3690,800,insert_bolts_hand_tighten
2743289,12296,-480,12588,6987,-3354,469,insert_bolts_hand_tighten
2743311,12612,-776,12056,6363,-1169,117,insert_bolts_hand_tighten
2743333,12908,-412,13064,6972,589,203,insert_bolts_hand_tighten
2743355,11768,456,12964,5917,141,944,insert_bolts_hand_tighten
2743377,11980,324,12028,3744,-476,819,insert_bolts_hand_tighten
2743399,12800,228,12352,5601,733,824,insert_bolts_hand_tighten
2743421,11984,1464,12216,5774,1988,1214,insert_bolts_hand_tighten
2743443,12508,1664,13372,2954,1252,1203,insert_bolts_hand_tighten
2743465,12860,824,12612,742,393,908,insert_bolts_hand_tighten
2743487,11920,548,12488,1227,1833,718,insert_bolts_hand_tighten
2743509,11648,900,12812,1757,2181,767,insert_bolts_hand_tighten
2743531,12308,712,13812,1710,1445,950,insert_bolts_hand_tighten
2743553,13004,1456,14352,-838,1213,1667,insert_bolts_hand_tighten
2743575,14768,-672,16256,-4369,3365,2548,insert_bolts_hand_tighten
2743597,16164,-2360,17672,-3530,6860,4161,insert_bolts_hand_tighten
2743619,16104,-2708,19044,-4522,11344,5516,insert_bolts_hand_tighten
2743641,16224,-2412,18584,-8875,12627,7211,insert_bolts_hand_tighten
2743663,16072,-3176,19972,-19156,12470,8580,insert_bolts_hand_tighten
2743685,16008,-5288,18048,-28271,9499,11948,insert_bolts_hand_tighten
2743707,15796,-10360,16408,-27246,6016,18559,insert_bolts_hand_tighten
2743729,14592,-12428,15480,-24003,7219,23809,insert_bolts_hand_tighten
2743751,12284,-12612,12760,-22420,3978,27827,insert_bolts_hand_tighten
2743773,10064,-11876,10240,-21607,3222,29146,insert_bolts_hand_tighten
2743795,6560,-10556,9360,-20405,2217,30342,insert_bolts_hand_tighten
2743817,4312,-10792,6904,-17030,1101,30500,insert_bolts_hand_tighten
2743839,3176,-10176,5076,-12840,359,30305,insert_bolts_hand_tighten
2743861,988,-9356,7216,-8102,1033,28112,insert_bolts_hand_tighten
2743883,336,-6796,9340,-5635,318,24677,insert_bolts_hand_tighten
2743905,-4,-4788,8492,-2906,68,21747,insert_bolts_hand_tighten
2743927,-440,-5608,7544,-586,299,18304,insert_bolts_hand_tighten
2743949,348,-5024,8764,5260,1070,15504,insert_bolts_hand_tighten
2743971,-236,-4480,10760,10644,1035,12786,insert_bolts_hand_tighten
2743993,-392,-3296,10704,7857,-530,10254,insert_bolts_hand_tighten
2744015,-148,-5188,10704,4476,-1895,7411,insert_bolts_hand_tighten
2744037,300,-8580,11052,2858,-1741,5735,insert_bolts_hand_tighten
2744059,764,-10280,13036,12110,1237,5282,insert_bolts_hand_tighten
2744081,-1344,-7172,13216,15128,1360,5079,insert_bolts_hand_tighten
2744103,-2044,-6664,13360,9688,-1879,2683,insert_bolts_hand_tighten
2744125,-388,-7816,13116,5141,-1833,1040,insert_bolts_hand_tighten
2744147,16,-9720,13340,5853,744,1540,insert_bolts_hand_tighten
2744169,-2020,-9792,14684,6364,3117,1866,insert_bolts_hand_tighten
2744191,-2708,-8928,15384,4131,3005,1233,insert_bolts_hand_tighten
2744213,-3016,-9820,14680,5463,1135,753,insert_bolts_hand_tighten
2744235,-2752,-8452,14556,6644,354,810,insert_bolts_hand_tighten
2744257,-564,-7836,14840,5738,597,1980,insert_bolts_hand_tighten
2744279,-1888,-8156,13924,6411,1327,1795,insert_bolts_hand_tighten
2744301,-3228,-8528,14932,4760,1441,1855,insert_bolts_hand_tighten
2744323,-2956,-7596,15096,4994,594,1115,insert_bolts_hand_tighten
2744345,-2452,-7000,14172,4193,-499,921,insert_bolts_hand_tighten
2744367,-2200,-7844,13788,4595,-205,1208,insert_bolts_hand_tighten
2744389,-2352,-7248,14316,6375,350,1477,insert_bolts_hand_tighten
2744411,-3000,-6688,14960,6086,125,1104,insert_bolts_hand_tighten
2744433,-3032,-6128,15420,5157,-390,636,insert_bolts_hand_tighten
2744455,-2332,-6000,14776,3326,-685,394,insert_bolts_hand_tighten
2744477,-2192,-6644,14284,4622,-214,853,insert_bolts_hand_tighten
2744499,-2496,-5932,15084,5413,-641,1752,insert_bolts_hand_tighten
2744521,-1796,-4588,16604,3625,-1677,1093,insert_bolts_hand_tighten
2744543,-2524,-5632,16472,2357,-1219,-482,insert_bolts_hand_tighten
2744565,-2992,-5332,15624,1129,-47,-1056,insert_bolts_hand_tighten
2744587,-2444,-5124,14572,-393,-574,-1292,insert_bolts_hand_tighten
2744609,-1260,-5356,14392,1256,-819,-850,insert_bolts_hand_tighten
2744631,-3084,-5616,15544,-549,-102,-1254,insert_bolts_hand_tighten
2744653,-2556,-5692,15596,-818,-807,-1349,insert_bolts_hand_tighten
2744675,-2240,-5632,16340,-1774,-1867,-1897,insert_bolts_hand_tighten
2744697,-1536,-6716,16576,-2677,-1416,-2507,insert_bolts_hand_tighten
2744719,-1220,-5632,15884,-3754,-434,-2112,insert_bolts_hand_tighten
2744741,-1784,-6780,15588,-3734,-237,-1417,insert_bolts_hand_tighten
2744763,-2280,-7188,16356,-3248,315,-1175,insert_bolts_hand_tighten
2744785,-2300,-6396,16688,-4086,-935,-1271,insert_bolts_hand_tighten
2744807,-1612,-6288,15756,-3909,-337,-2266,insert_bolts_hand_tighten
2744829,-1940,-7336,15148,-4434,765,-1871,insert_bolts_hand_tighten
2744851,-1820,-8392,15408,-2016,1819,-386,insert_bolts_hand_tighten
2744873,-2336,-7076,15396,14,1800,291,insert_bolts_hand_tighten
2744895,-2992,-6720,15300,-2771,250,-836,insert_bolts_hand_tighten
2744917,-2828,-5436,15072,-7942,-871,-2831,insert_bolts_hand_tighten
2744939,-1616,-7508,14728,-12854,-1274,-5072,insert_bolts_hand_tighten
2744961,-1236,-8320,15748,-11977,-366,-5212,insert_bolts_hand_tighten
2744983,-1476,-8672,15776,-15767,-1227,-5286,insert_bolts_hand_tighten
2745005,-1788,-7092,15388,-23243,-2266,-7061,insert_bolts_hand_tighten
2745027,-1516,-8548,13476,-29772,-4338,-8885,insert_bolts_hand_tighten
2745049,300,-10816,11048,-24582,-4529,-8233,insert_bolts_hand_tighten
2745071,1776,-12896,9180,-16137,-1146,-5913,insert_bolts_hand_tighten
2745093,772,-11600,10624,-5117,996,-2759,insert_bolts_hand_tighten
2745115,-1692,-10296,10460,-1826,324,454,insert_bolts_hand_tighten
2745137,-148,-10612,10052,-6793,-3848,2632,insert_bolts_hand_tighten
2745159,84,-14604,7732,-9537,-4172,-360,insert_bolts_hand_tighten
2745181,2100,-14916,8940,-11379,-432,-2863,insert_bolts_hand_tighten
2745203,624,-15660,10192,-5389,1825,-3397,insert_bolts_hand_tighten
2745225,84,-15016,10972,-1539,2917,-1778,insert_bolts_hand_tighten
2745247,188,-12888,9296,-366,1252,-864,insert_bolts_hand_tighten
2745269,-276,-13172,9352,-7219,241,-1725,insert_bolts_hand_tighten
2745291,1100,-12412,8996,-12381,-2899,-3049,insert_bolts_hand_tighten
2745313,2524,-16032,6804,-10504,-1819,-4653,insert_bolts_hand_tighten
2745335,1924,-15908,8044,-2413,1593,-2763,insert_bolts_hand_tighten
2745357,1324,-14944,7636,2417,-125,-356,insert_bolts_hand_tighten
2745379,1184,-13920,7556,43,-526,444,insert_bolts_hand_tighten
2745401,744,-13264,7088,-3998,-3273,754,insert_bolts_hand_tighten
2745423,1512,-13060,5692,-10140,-3185,-841,insert_bolts_hand_tighten
2745445,1468,-13976,6328,-12705,-2504,-2286,insert_bolts_hand_tighten
2745467,1688,-15256,7016,-12415,-3072,-2041,insert_bolts_hand_tighten
2745489,2996,-16364,6648,-7963,-3317,-1614,insert_bolts_hand_tighten
2745511,2592,-16620,6932,-3590,87,-524,insert_bolts_hand_tighten
2745533,2568,-16500,5780,-1305,-512,281,insert_bolts_hand_tighten
2745555,2056,-15068,6284,-3921,-263,269,insert_bolts_hand_tighten
2745577,1908,-14828,6868,-7706,-1442,-419,insert_bolts_hand_tighten
2745599,1836,-15392,6112,-9101,-880,-2133,insert_bolts_hand_tighten
2745621,2668,-16728,3980,-8877,-326,-2441,insert_bolts_hand_tighten
2745643,2664,-17676,4344,-6024,1435,-2373,insert_bolts_hand_tighten
2745665,2324,-16356,5140,-1682,1159,-1566,insert_bolts_hand_tighten
2745687,1416,-15380,5304,-1238,-906,-1331,insert_bolts_hand_tighten
2745709,2024,-14752,3248,-4427,-3273,-1975,insert_bolts_hand_tighten
2745731,2980,-14940,2204,-9233,-3025,-2146,insert_bolts_hand_tighten
2745753,2924,-16392,1976,-7474,-1740,-1642,insert_bolts_hand_tighten
2745775,2436,-17584,3292,-2802,-2447,55,insert_bolts_hand_tighten
2745797,2040,-16752,2496,1650,-3210,224,insert_bolts_hand_tighten
2745819,2496,-15296,1272,3641,-5244,-16,insert_bolts_hand_tighten
2745841,3532,-13968,516,900,-3437,-1197,insert_bolts_hand_tighten
2745863,2960,-14920,3024,-963,664,-1819,insert_bolts_hand_tighten
2745885,3712,-16984,4576,-833,522,-795,insert_bolts_hand_tighten
2745907,3872,-16584,4232,494,1593,-1682,insert_bolts_hand_tighten
2745929,2644,-15440,1852,-808,1528,-1512,insert_bolts_hand_tighten
2745951,3204,-14752,1620,-968,1410,-876,insert_bolts_hand_tighten
2745973,3628,-14952,2504,-2287,-148,-320,insert_bolts_hand_tighten
2745995,3528,-15428,2236,-3486,-861,-453,insert_bolts_hand_tighten
2746017,3684,-15516,2696,-3191,-1447,-1305,insert_bolts_hand_tighten
2746039,3344,-14496,2396,-4630,-790,-1698,insert_bolts_hand_tighten
2746061,3448,-15424,2108,-3844,399,-1873,insert_bolts_hand_tighten
2746083,3304,-16092,1864,-3003,1407,-1220,insert_bolts_hand_tighten
2746105,3576,-16432,2296,-2312,1801,-562,insert_bolts_hand_tighten
2746127,3448,-16164,1608,-575,122,112,insert_bolts_hand_tighten
2746149,3248,-15280,1800,-1293,-610,21,insert_bolts_hand_tighten
2746171,3136,-15276,1348,-2778,-654,-336,insert_bolts_hand_tighten
2746193,3576,-17272,412,1705,461,-571,insert_bolts_hand_tighten
2746215,4116,-18352,1408,8958,-259,847,insert_bolts_hand_tighten
2746237,4020,-15944,3408,9682,-1019,2254,insert_bolts_hand_tighten
2746259,3532,-15416,3628,5443,-2866,1626,insert_bolts_hand_tighten
2746281,3540,-14944,2196,2934,-3204,543,insert_bolts_hand_tighten
2746303,4248,-14716,1772,1746,-1172,576,insert_bolts_hand_tighten
2746325,3840,-17472,2640,2326,303,930,insert_bolts_hand_tighten
2746347,4032,-16992,4020,6018,187,1167,insert_bolts_hand_tighten
2746369,4640,-15716,4800,5283,-1030,2023,insert_bolts_hand_tighten
2746391,4628,-13160,6076,3223,2420,-12,insert_bolts_hand_tighten
2746413,3620,-14600,5432,-1599,3002,-458,insert_bolts_hand_tighten
2746435,3076,-16288,4620,-3068,1815,-170,insert_bolts_hand_tighten
2746457,3396,-16432,3856,-870,1832,-278,insert_bolts_hand_tighten
2746479,3128,-15516,3460,1834,34,144,insert_bolts_hand_tighten
2746501,3312,-13412,2676,469,-397,-590,insert_bolts_hand_tighten
2746523,3784,-14420,3668,-1556,148,-506,insert_bolts_hand_tighten
2746545,3480,-15372,4332,-2304,-141,-804,insert_bolts_hand_tighten
2746567,3496,-15532,3936,-2072,-729,-320,insert_bolts_hand_tighten
2746589,3360,-16060,3228,-1552,-546,-40,insert_bolts_hand_tighten
2746611,3860,-16492,2416,-503,-30,-297,insert_bolts_hand_tighten
2746633,3564,-16600,2408,-864,506,-300,insert_bolts_hand_tighten
2746655,3460,-16392,2564,-1187,961,-36,insert_bolts_hand_tighten
2746677,3232,-16136,3324,-1515,1264,28,insert_bolts_hand_tighten
2746699,3380,-16164,3596,-1360,651,289,insert_bolts_hand_tighten
2746721,3636,-15284,4328,-1611,1006,350,insert_bolts_hand_tighten
2746743,3612,-14844,5140,-2697,1518,-58,insert_bolts_hand_tighten
2746765,3700,-15092,5104,-3941,503,46,insert_bolts_hand_tighten
2746787,3824,-14848,4892,-4575,-1097,967,insert_bolts_hand_tighten
2746809,4180,-16324,2984,-2851,-3039,1228,insert_bolts_hand_tighten
2746831,4204,-16156,1500,147,-3065,1689,insert_bolts_hand_tighten
2746853,4480,-15588,1420,2636,-2268,1922,insert_bolts_hand_tighten
2746875,4472,-14360,2680,2750,-2103,1219,insert_bolts_hand_tighten
2746897,4564,-14312,3876,1619,-853,377,insert_bolts_hand_tighten
2746919,4496,-13836,4452,1826,617,-489,insert_bolts_hand_tighten
2746941,4852,-13776,4128,2512,2213,-1866,insert_bolts_hand_tighten
2746963,4984,-13064,4088,2818,5212,-3641,insert_bolts_hand_tighten
2746985,4848,-12308,4280,1365,7246,-4979,insert_bolts_hand_tighten
2747007,5108,-11968,5088,598,9332,-6575,insert_bolts_hand_tighten
2747029,4988,-11872,5448,1151,11680,-8542,insert_bolts_hand_tighten
2747051,5176,-11864,5304,3533,13254,-10616,insert_bolts_hand_tighten
2747073,5220,-11208,4868,3183,14612,-13181,insert_bolts_hand_tighten
2747095,5692,-9556,5180,-218,14271,-14591,insert_bolts_hand_tighten
2747117,5564,-9784,4692,-4846,15822,-15943,insert_bolts_hand_tighten
2747139,6488,-12384,4892,-3207,17329,-17875,insert_bolts_hand_tighten
2747161,6364,-12916,4484,1968,18338,-18755,insert_bolts_hand_tighten
2747183,6324,-12580,4172,7284,16901,-19435,insert_bolts_hand_tighten
2747205,6916,-10148,4224,4723,15552,-19499,insert_bolts_hand_tighten
2747227,8440,-14320,3428,3903,14694,-19884,insert_bolts_hand_tighten
2747249,7960,-14988,6144,16901,19705,-21040,insert_bolts_hand_tighten
2747271,7788,-13412,7676,23341,12551,-17403,insert_bolts_hand_tighten
2747293,9280,-12000,9040,13709,2926,-15239,insert_bolts_hand_tighten
2747315,10728,-12956,10128,5073,3812,-16843,insert_bolts_hand_tighten
2747337,12092,-13956,10404,6582,3704,-15978,insert_bolts_hand_tighten
2747359,11500,-12084,9812,14320,3075,-13827,insert_bolts_hand_tighten
2747381,12384,-10068,11204,15870,1999,-9965,insert_bolts_hand_tighten
2747403,12516,-9648,12632,13753,537,-8208,insert_bolts_hand_tighten
2747425,12724,-8172,13180,10998,-1986,-7408,insert_bolts_hand_tighten
2747447,13080,-7520,12756,8351,-3179,-6673,insert_bolts_hand_tighten
2747469,13724,-7440,12744,8701,-2495,-5319,insert_bolts_hand_tighten
2747491,15052,-7100,11932,10923,-1172,-3033,insert_bolts_hand_tighten
2747513,15344,-8692,10884,13234,653,301,insert_bolts_hand_tighten
2747535,14612,-7416,10620,13038,1469,4242,insert_bolts_hand_tighten
2747557,13196,-6968,11556,12491,-594,9281,insert_bolts_hand_tighten
2747579,12136,-3672,12512,16355,-3839,14388,insert_bolts_hand_tighten
2747601,12388,-3040,11232,15049,-4500,18453,insert_bolts_hand_tighten
2747623,12044,-6888,10384,14634,-5377,20107,insert_bolts_hand_tighten
2747645,11340,-4328,11952,13148,-4381,18131,insert_bolts_hand_tighten
2747667,9864,-3868,12964,11114,-5658,13535,insert_bolts_hand_tighten
2747689,11252,-784,12108,13918,-4988,7646,insert_bolts_hand_tighten
2747711,12152,4468,12488,12429,-117,179,insert_bolts_hand_tighten
2747733,10416,5444,15172,-1546,7469,-6977,insert_bolts_hand_tighten
2747755,9860,1484,15148,-13182,7061,-11387,insert_bolts_hand_tighten
2747777,11252,-3484,12464,-8638,4418,-10730,insert_bolts_hand_tighten
2747799,12320,-876,13372,1979,3692,-4894,insert_bolts_hand_tighten
2747821,10692,-736,15164,5181,5076,-1231,insert_bolts_hand_tighten
2747843,11112,-2272,15304,2808,2938,-674,insert_bolts_hand_tighten
2747865,10620,-2412,14860,-2439,1132,-2266,insert_bolts_hand_tighten
2747887,10620,-3228,12880,-3070,-123,-3706,insert_bolts_hand_tighten
2747909,11016,-2744,11452,-421,-275,-2439,insert_bolts_hand_tighten
2747931,11768,-3476,10340,-3511,-1386,241,insert_bolts_hand_tighten
2747953,12052,-5104,11840,-5055,-2133,5066,insert_bolts_hand_tighten
2747975,10876,-8068,12024,231,-2957,9765,insert_bolts_hand_tighten
2747997,11052,-8724,10904,7118,-6157,13776,insert_bolts_hand_tighten
2748019,11152,-6804,11064,11215,-6760,15476,insert_bolts_hand_tighten
2748041,11060,-3672,11364,7933,-6272,14755,insert_bolts_hand_tighten
2748063,11036,-2720,13116,2983,-5145,12239,insert_bolts_hand_tighten
2748085,10592,-3176,12340,2755,-3994,7448,insert_bolts_hand_tighten
2748107,10828,-2232,10656,2814,-2304,2730,insert_bolts_hand_tighten
2748129,9884,-212,12132,112,448,-487,insert_bolts_hand_tighten
2748151,10312,-1128,12364,32,975,-1629,insert_bolts_hand_tighten
2748173,9652,-2084,13076,-554,509,-1991,insert_bolts_hand_tighten
2748195,11688,-2328,12668,772,-1377,-767,insert_bolts_hand_tighten
2748217,14712,-1448,14780,-1627,175,1155,insert_bolts_hand_tighten
2748239,11296,-3360,14080,934,1665,-346,insert_bolts_hand_tighten
2748261,9868,-2432,12264,-1050,1834,-141,insert_bolts_hand_tighten
2748283,10868,-1736,12184,-2397,2032,134,insert_bolts_hand_tighten
2748305,11904,-2292,12612,-3027,247,686,insert_bolts_hand_tighten
2748327,12348,-4440,11756,1193,49,936,insert_bolts_hand_tighten
2748349,10644,-3744,11916,1590,1071,507,insert_bolts_hand_tighten
2748371,10564,-3012,12628,165,783,-89,insert_bolts_hand_tighten
2748393,10668,-3356,12196,-1297,510,-803,insert_bolts_hand_tighten
2748415,10200,-3456,13568,-3041,240,-115,insert_bolts_hand_tighten
2748437,10732,-4444,13436,-592,-578,1076,insert_bolts_hand_tighten
2748459,10652,-4636,13656,126,-1083,2111,insert_bolts_hand_tighten
2748481,10420,-4000,13296,-128,-2215,1873,insert_bolts_hand_tighten
2748503,11584,-4488,12344,-966,-2214,2085,insert_bolts_hand_tighten
2748525,11828,-6000,13228,-3954,-1606,2297,insert_bolts_hand_tighten
2748547,12772,-4372,12472,-1976,-1798,3848,insert_bolts_hand_tighten
2748569,12164,-5240,15016,-9610,-1420,4002,insert_bolts_hand_tighten
2748591,15344,-6844,16444,-16966,-1765,5731,insert_bolts_hand_tighten
2748613,14776,-11016,16116,-27259,706,6955,insert_bolts_hand_tighten
2748635,16096,-16748,15960,-28987,6049,10923,insert_bolts_hand_tighten
2748657,14084,-20160,15284,-32390,7875,14672,insert_bolts_hand_tighten
2748679,13556,-21328,12424,-32768,6267,19545,insert_bolts_hand_tighten
2748701,11612,-22424,9052,-32768,2881,26259,insert_bolts_hand_tighten
2748723,9456,-20768,5620,-32768,-1736,30972,insert_bolts_hand_tighten
2748745,7048,-17264,3984,-27619,-5997,32767,insert_bolts_hand_tighten
2748767,5468,-13720,2272,-23293,-8692,30959,insert_bolts_hand_tighten
2748789,5140,-10148,1912,-19370,-10618,28551,insert_bolts_hand_tighten
2748811,4360,-9980,3000,-15079,-9278,25086,insert_bolts_hand_tighten
2748833,3900,-9340,3380,-9406,-8889,20908,insert_bolts_hand_tighten
2748855,4668,-6892,3736,-4234,-8683,17142,insert_bolts_hand_tighten
2748877,3600,-6376,2856,-3714,-5759,13356,insert_bolts_hand_tighten
2748899,4808,-8056,3944,-3746,-5144,10039,insert_bolts_hand_tighten
2748921,4240,-10064,3224,-3556,-4246,7516,insert_bolts_hand_tighten
2748943,3360,-11408,2892,-3052,-3615,5789,insert_bolts_hand_tighten
2748965,1964,-12488,2700,-3373,-3211,4717,insert_bolts_hand_tighten
2748987,1116,-13576,1116,-1118,-3918,2976,insert_bolts_hand_tighten
2749009,876,-13420,800,2505,-1923,444,insert_bolts_hand_tighten
2749031,128,-14128,1800,2826,280,-1335,insert_bolts_hand_tighten
2749053,-624,-13360,2764,-1274,806,-1393,insert_bolts_hand_tighten
2749075,-1204,-16704,1416,-2739,677,-966,insert_bolts_hand_tighten
2749097,-1100,-18196,1720,777,54,-1062,insert_bolts_hand_tighten
2749119,-980,-16400,896,2661,-732,-1201,insert_bolts_hand_tighten
2749141,-1364,-16296,560,1286,-233,-1603,insert_bolts_hand_tighten
2749163,-1428,-15140,-656,843,-63,-2752,insert_bolts_hand_tighten
2749185,336,-14868,928,291,273,-1924,insert_bolts_hand_tighten
2749207,-244,-16312,572,100,60,-1719,insert_bolts_hand_tighten
2749229,428,-15548,540,-1224,551,-1919,insert_bolts_hand_tighten
2749251,244,-16780,-228,626,1423,-2887,insert_bolts_hand_tighten
2749273,320,-17220,300,688,2438,-3013,insert_bolts_hand_tighten
2749295,616,-16516,1012,1550,2513,-2305,insert_bolts_hand_tighten
2749317,796,-17832,1248,6100,3132,-1193,insert_bolts_hand_tighten
2749339,156,-16192,1164,8536,3968,-632,insert_bolts_hand_tighten
2749361,124,-16568,1140,7491,4681,-458,insert_bolts_hand_tighten
2749383,-248,-16192,2792,7473,5794,-246,insert_bolts_hand_tighten
2749405,-1044,-14576,4764,4791,3410,1770,insert_bolts_hand_tighten
2749427,-1108,-15064,5688,-1159,434,2978,insert_bolts_hand_tighten
2749449,156,-17312,1896,-2118,598,2578,insert_bolts_hand_tighten
2749471,-312,-16236,3876,4661,1955,1561,insert_bolts_hand_tighten
2749493,-1144,-12492,4768,2396,2834,324,insert_bolts_hand_tighten
2749515,-296,-14424,4736,504,790,-133,insert_bolts_hand_tighten
2749537,-56,-15704,2940,2592,583,-1267,insert_bolts_hand_tighten
2749559,-672,-13984,4592,1684,111,-1072,insert_bolts_hand_tighten
2749581,-600,-15052,4888,-2142,-473,-902,insert_bolts_hand_tighten
2749603,300,-16424,2612,-3468,-1950,-1146,insert_bolts_hand_tighten
2749625,836,-19068,1300,-2983,-813,-907,insert_bolts_hand_tighten
2749647,464,-19068,1532,2733,-347,-339,insert_bolts_hand_tighten
2749669,-176,-15808,2460,3009,-1366,594,insert_bolts_hand_tighten
2749691,-708,-14484,3040,-2146,-1192,71,insert_bolts_hand_tighten
2749713,-432,-15456,2908,-4090,-1062,-1156,insert_bolts_hand_tighten
2749735,564,-17408,1680,-2163,-404,-1382,insert_bolts_hand_tighten
2749757,664,-16640,2192,2932,1229,-1061,insert_bolts_hand_tighten
2749779,236,-13168,3336,2828,1350,-59,insert_bolts_hand_tighten
2749801,-60,-14772,3896,-816,-168,598,insert_bolts_hand_tighten
2749823,380,-16768,3428,-1095,109,754,insert_bolts_hand_tighten
2749845,304,-18144,3488,4346,828,488,insert_bolts_hand_tighten
2749867,720,-18000,2856,8631,1957,1424,insert_bolts_hand_tighten
2749889,-96,-15124,4196,9360,1536,3976,insert_bolts_hand_tighten
2749911,-948,-13540,5256,5146,750,3493,insert_bolts_hand_tighten
2749933,-1192,-15324,5540,4157,499,2476,insert_bolts_hand_tighten
2749955,-672,-17448,4272,7009,405,2469,insert_bolts_hand_tighten
2749977,-392,-16584,4984,10751,2749,2880,insert_bolts_hand_tighten
2749999,-1884,-13124,7200,9036,2034,3958,insert_bolts_hand_tighten
2750021,-1868,-13096,6988,3168,1021,2934,insert_bolts_hand_tighten
2750043,-1212,-14436,7120,2016,975,1393,insert_bolts_hand_tighten
2750065,-664,-15992,6488,3143,944,561,insert_bolts_hand_tighten
2750087,-548,-14812,7084,2881,3087,1290,insert_bolts_hand_tighten
2750109,-612,-16016,6480,2923,1802,2707,insert_bolts_hand_tighten
2750131,-1512,-13912,6832,3400,899,2657,insert_bolts_hand_tighten
2750153,-1912,-14880,8168,2018,-252,1744,insert_bolts_hand_tighten
2750175,-2260,-14136,5936,539,174,71,insert_bolts_hand_tighten
2750197,-1368,-15672,6656,3359,541,407,insert_bolts_hand_tighten
2750219,-2168,-14512,7436,6481,285,1089,insert_bolts_hand_tighten
2750241,-2240,-13608,8344,3736,1820,1077,insert_bolts_hand_tighten
2750263,-2348,-13836,8412,1548,634,535,insert_bolts_hand_tighten
2750285,-2176,-13604,7940,60,776,-130,insert_bolts_hand_tighten
2750307,-1880,-12640,7588,-1761,1403,-1374,insert_bolts_hand_tighten
2750329,-552,-16828,6492,-600,2059,-2381,insert_bolts_hand_tighten
2750351,-1332,-15368,8604,7258,5065,-1239,insert_bolts_hand_tighten
2750373,-3068,-15636,8612,4864,2390,569,insert_bolts_hand_tighten
2750395,-1336,-13432,7548,4432,1702,628,insert_bolts_hand_tighten
2750417,-1864,-13336,8288,1023,-477,-63,insert_bolts_hand_tighten
2750439,-1512,-10684,6876,878,-2713,-503,insert_bolts_hand_tighten
2750461,-2844,-12432,9300,-7092,-1377,-2622,insert_bolts_hand_tighten
2750483,-788,-14592,9260,-7346,-670,-2315,insert_bolts_hand_tighten
2750505,-956,-17424,7372,279,407,-170,insert_bolts_hand_tighten
2750527,-1460,-16012,7760,7297,635,2190,insert_bolts_hand_tighten
2750549,-1552,-14100,7460,6402,252,2578,insert_bolts_hand_tighten
2750571,-2036,-12616,6632,3395,441,985,insert_bolts_hand_tighten
2750593,-2288,-11736,8452,2744,2225,-542,insert_bolts_hand_tighten
2750615,-3084,-12420,9300,1898,431,-941,insert_bolts_hand_tighten
2750637,-2480,-11984,10232,-297,136,-1050,insert_bolts_hand_tighten
2750659,-1820,-13832,10320,-2121,23,-938,insert_bolts_hand_tighten
2750681,-700,-15516,9360,-1551,546,172,insert_bolts_hand_tighten
2750703,-1196,-15624,9596,2440,958,1868,insert_bolts_hand_tighten
2750725,-1480,-13388,10860,1802,1779,2753,insert_bolts_hand_tighten
2750747,-1752,-11840,11484,-2112,2001,1844,insert_bolts_hand_tighten
2750769,-1680,-11732,11996,-3306,1557,723,insert_bolts_hand_tighten
2750791,-1448,-10352,12148,-3011,2657,-1366,insert_bolts_hand_tighten
2750813,-1568,-8828,11600,-4910,5484,-4602,insert_bolts_hand_tighten
2750835,-1184,-7760,11160,-6826,7632,-8485,insert_bolts_hand_tighten
2750857,-556,-7668,10144,-7575,9728,-12312,insert_bolts_hand_tighten
2750879,132,-6664,8184,-6523,10397,-16037,insert_bolts_hand_tighten
2750901,1628,-6296,6872,-4601,10473,-18366,insert_bolts_hand_tighten
2750923,2200,-7568,5768,-2659,10938,-20257,insert_bolts_hand_tighten
2750945,4488,-8604,4380,-3579,9967,-21947,insert_bolts_hand_tighten
2750967,4492,-11244,4368,-1965,12530,-23684,insert_bolts_hand_tighten
2750989,4020,-10332,4180,7414,12246,-24656,insert_bolts_hand_tighten
2751011,4768,-11432,4488,15851,11154,-24023,insert_bolts_hand_tighten
2751033,5352,-11596,5268,16617,8062,-24731,insert_bolts_hand_tighten
2751055,7352,-13396,5812,4345,3901,-26540,insert_bolts_hand_tighten
2751077,8224,-17480,6328,5104,4378,-28330,insert_bolts_hand_tighten
2751099,7664,-15840,5784,14660,3322,-26165,insert_bolts_hand_tighten
2751121,8284,-14160,6804,20120,2562,-21914,insert_bolts_hand_tighten
2751143,10160,-16276,10824,13585,-3556,-18557,insert_bolts_hand_tighten
2751165,10268,-15076,13640,7924,-2859,-19193,insert_bolts_hand_tighten
2751187,10060,-13204,12344,8004,-4679,-18717,insert_bolts_hand_tighten
2751209,10976,-8620,10108,7494,-4750,-16533,insert_bolts_hand_tighten
2751231,12660,-12248,12804,9513,-865,-12080,insert_bolts_hand_tighten
2751253,12632,-11508,15184,15799,3623,-8855,insert_bolts_hand_tighten
2751275,10724,-7716,15116,13965,582,-7348,insert_bolts_hand_tighten
2751297,10916,-6944,14452,8935,-2771,-7734,insert_bolts_hand_tighten
2751319,11048,-5984,12680,4577,-4791,-7385,insert_bolts_hand_tighten
2751341,12180,-6288,12140,4493,-6082,-5768,insert_bolts_hand_tighten
2751363,13068,-6412,12692,8042,-2350,-2947,insert_bolts_hand_tighten
2751385,12280,-5800,13480,9459,-183,-1112,insert_bolts_hand_tighten
2751407,12100,-4972,13716,6821,-784,231,insert_bolts_hand_tighten
2751429,12092,-5632,13572,6079,-2517,5,insert_bolts_hand_tighten
2751451,12356,-3392,11620,5633,-2541,-563,insert_bolts_hand_tighten
2751473,12380,-2092,11916,2515,-1409,-459,insert_bolts_hand_tighten
2751495,12268,-2292,12464,1401,275,383,insert_bolts_hand_tighten
2751517,12216,-4308,12664,2196,350,109,insert_bolts_hand_tighten
2751539,13460,-2304,13024,4159,211,-567,insert_bolts_hand_tighten
2751561,12300,-1120,12904,1612,756,-1268,insert_bolts_hand_tighten
2751583,11916,-1484,11908,-1704,-219,-1662,insert_bolts_hand_tighten
2751605,13016,-2836,12000,400,876,-322,insert_bolts_hand_tighten
2751627,12452,-3100,12584,6395,958,1324,insert_bolts_hand_tighten
2751649,13464,-272,14440,5507,3510,1986,insert_bolts_hand_tighten
2751671,13152,-736,12880,4850,1177,937,insert_bolts_hand_tighten
2751693,13272,-1776,13264,1903,1203,426,insert_bolts_hand_tighten
2751715,12796,-2992,13012,2209,2683,1424,insert_bolts_hand_tighten
2751737,12800,-1608,12980,3525,2699,3749,insert_bolts_hand_tighten
2751759,12784,-2820,13256,4562,1137,5291,insert_bolts_hand_tighten
2751781,13772,-4408,15552,166,1937,5434,insert_bolts_hand_tighten
2751803,14120,-6200,17888,-6930,4121,5386,insert_bolts_hand_tighten
2751825,16248,-8560,18072,-13351,5964,7700,insert_bolts_hand_tighten
2751847,17160,-11828,18720,-17454,5583,11827,insert_bolts_hand_tighten
2751869,18672,-14428,22196,-26060,3572,15873,insert_bolts_hand_tighten
2751891,19624,-15788,18916,-32768,-2875,21114,insert_bolts_hand_tighten
2751913,19552,-18344,12992,-32768,-2232,28331,insert_bolts_hand_tighten
2751935,15472,-17460,9212,-28744,-2627,32767,insert_bolts_hand_tighten
2751957,9280,-14184,6888,-21678,-6994,32767,insert_bolts_hand_tighten
2751979,7188,-11932,5700,-17732,-12171,32767,insert_bolts_hand_tighten
2752001,5608,-10744,5584,-14120,-10677,32767,insert_bolts_hand_tighten
2752023,4224,-10068,4244,-9282,-10204,32767,insert_bolts_hand_tighten
2752045,3556,-6672,3992,-8523,-7517,31502,insert_bolts_hand_tighten
2752067,2832,-6248,7680,-8117,-4691,26970,insert_bolts_hand_tighten
2752089,2084,-4540,7528,-3902,-5177,24049,insert_bolts_hand_tighten
2752111,1712,-5268,5868,-1860,-5038,21521,insert_bolts_hand_tighten
2752133,1600,-6252,5344,3269,-3079,17020,insert_bolts_hand_tighten
2752155,60,-5040,7912,7160,-4683,11614,insert_bolts_hand_tighten
2752177,2136,-6588,9304,6662,-3734,9097,insert_bolts_hand_tighten
2752199,264,-6292,8396,1695,-3200,6541,insert_bolts_hand_tighten
2752221,160,-11732,7412,-1852,-2436,4342,insert_bolts_hand_tighten
2752243,680,-13876,8108,2982,-829,2940,insert_bolts_hand_tighten
2752265,-1040,-12932,9792,5652,-1367,3155,insert_bolts_hand_tighten
2752287,-1412,-12516,8536,1130,-3008,2751,insert_bolts_hand_tighten
2752309,-1624,-13052,6640,-4171,-2131,1764,insert_bolts_hand_tighten
2752331,-2844,-15096,7716,1805,-244,168,insert_bolts_hand_tighten
2752353,-2976,-13568,9188,7967,2704,-588,insert_bolts_hand_tighten
2752375,-3588,-10320,9648,4649,1076,-8,insert_bolts_hand_tighten
2752397,-3060,-12264,8736,-2607,-429,-102,insert_bolts_hand_tighten
2752419,-2880,-14120,6476,-3487,-1468,-465,insert_bolts_hand_tighten
2752441,-2592,-15188,6728,-724,-1037,18,insert_bolts_hand_tighten
2752463,-3020,-14360,7924,20,-511,239,insert_bolts_hand_tighten
2752485,-3372,-13508,7672,-2940,-291,-240,insert_bolts_hand_tighten
2752507,-3408,-15268,6944,-4459,-161,-1035,insert_bolts_hand_tighten
2752529,-2508,-15728,6840,-2572,-256,-773,insert_bolts_hand_tighten
2752551,-2756,-15048,8104,428,178,-195,insert_bolts_hand_tighten
2752573,-2792,-13584,8128,862,328,-7,insert_bolts_hand_tighten
2752595,-2000,-13480,7040,-250,72,-512,insert_bolts_hand_tighten
2752617,-2264,-14252,7128,-2113,-397,-524,insert_bolts_hand_tighten
2752639,-2280,-15080,6980,-3568,-115,-856,insert_bolts_hand_tighten
2752661,-2032,-15032,7180,-1751,-320,-337,insert_bolts_hand_tighten
2752683,-2624,-14764,6976,-424,-280,-435,insert_bolts_hand_tighten
2752705,-2964,-14532,6276,807,393,-1167,insert_bolts_hand_tighten
2752727,-3052,-14256,4932,2164,348,-1715,insert_bolts_hand_tighten
2752749,-2972,-12588,6488,1568,1106,-2398,insert_bolts_hand_tighten
2752771,-2876,-14320,7832,649,889,-2835,insert_bolts_hand_tighten
2752793,-2044,-15564,8888,2891,1823,-2585,insert_bolts_hand_tighten
2752815,-1924,-15704,7860,2968,1256,-1123,insert_bolts_hand_tighten
2752837,-2056,-14244,7624,2521,185,-84,insert_bolts_hand_tighten
2752859,-1460,-14564,7016,1115,-260,66,insert_bolts_hand_tighten
2752881,-2028,-14556,7404,1498,280,-446,insert_bolts_hand_tighten
2752903,-2160,-13292,7940,1764,228,-804,insert_bolts_hand_tighten
2752925,-1848,-12944,8612,-457,-756,-545,insert_bolts_hand_tighten
2752947,-1976,-12376,8560,-192,-1777,424,insert_bolts_hand_tighten
2752969,-2892,-16228,8008,617,-2328,-415,insert_bolts_hand_tighten
2752991,-1232,-13768,6220,776,-2343,-53,insert_bolts_hand_tighten
2753013,-1716,-16356,8100,2415,-2396,216,insert_bolts_hand_tighten
2753035,-1212,-15132,8656,2531,-3920,1744,insert_bolts_hand_tighten
2753057,-1668,-15796,8672,2711,-2857,2196,insert_bolts_hand_tighten
2753079,-1328,-14672,8440,5050,-3643,3286,insert_bolts_hand_tighten
2753101,-1468,-13192,9228,9929,-2763,3102,insert_bolts_hand_tighten
2753123,-2076,-12624,9976,9364,-3603,3324,insert_bolts_hand_tighten
2753145,-920,-11792,10492,7126,-3734,2274,insert_bolts_hand_tighten
2753167,-928,-13752,11152,10192,-1539,2001,insert_bolts_hand_tighten
2753189,-1000,-11424,12668,12139,-1712,2696,insert_bolts_hand_tighten
2753211,-1592,-10532,13928,6527,-1704,1164,insert_bolts_hand_tighten
2753233,-1980,-9804,13140,257,-3134,1111,insert_bolts_hand_tighten
2753255,-1192,-10860,10936,-2394,-5548,2490,insert_bolts_hand_tighten
2753277,-868,-15452,11116,914,-3216,2916,insert_bolts_hand_tighten
2753299,-2140,-13380,10888,6447,-1749,3338,insert_bolts_hand_tighten
2753321,-3256,-11764,10948,4976,-2851,4524,insert_bolts_hand_tighten
2753343,-4224,-12656,10620,1462,-3883,4682,insert_bolts_hand_tighten
2753365,-3872,-13076,9452,4415,-4682,3491,insert_bolts_hand_tighten
2753387,-2788,-12664,9208,9033,-3134,2299,insert_bolts_hand_tighten
2753409,-836,-10608,10960,8947,526,2331,insert_bolts_hand_tighten
2753431,-3676,-11532,12336,6315,4202,-884,insert_bolts_hand_tighten
2753453,-2648,-10512,12068,11000,-1546,-1874,insert_bolts_hand_tighten
2753475,-2556,-11544,12392,8355,-2101,-3472,insert_bolts_hand_tighten
2753497,-692,-9188,10972,2052,-3008,-2383,insert_bolts_hand_tighten
2753519,-1964,-9296,12880,-5357,854,-2731,insert_bolts_hand_tighten
2753541,288,-6608,14612,-7138,-1253,-2560,insert_bolts_hand_tighten
2753563,-628,-6216,15144,-10119,499,-4360,insert_bolts_hand_tighten
2753585,-460,-7428,13460,-11303,-1138,-4866,insert_bolts_hand_tighten
2753607,956,-9876,13332,-12514,-2846,-4075,insert_bolts_hand_tighten
2753629,1592,-11764,12020,-7835,522,-3926,insert_bolts_hand_tighten
2753651,2120,-13604,12948,-386,2625,-2438,insert_bolts_hand_tighten
2753673,-452,-12524,13140,-1461,4236,-839,insert_bolts_hand_tighten
2753695,-980,-12084,13400,-1630,1568,832,insert_bolts_hand_tighten
2753717,-1884,-13248,9740,-2374,-1063,2466,insert_bolts_hand_tighten
2753739,-1788,-14768,8180,702,1661,3048,insert_bolts_hand_tighten
2753761,-3192,-14724,9388,3078,1242,5945,insert_bolts_hand_tighten
2753783,-4264,-13680,9552,2312,-1216,7014,insert_bolts_hand_tighten
2753805,-2924,-14256,8112,850,-1912,6666,insert_bolts_hand_tighten
2753827,-1420,-14636,10556,6294,-485,4775,insert_bolts_hand_tighten
2753849,-3336,-8572,13652,2638,3253,-663,insert_bolts_hand_tighten
2753871,-2732,-10736,11872,7477,-450,-3980,insert_bolts_hand_tighten
2753893,-936,-11148,10904,3265,-2814,-5465,insert_bolts_hand_tighten
2753915,-312,-10460,12356,-488,1083,-6480,insert_bolts_hand_tighten
2753937,1748,-7748,14504,-6866,280,-2729,insert_bolts_hand_tighten
2753959,-240,-10580,15660,-11065,2840,-1664,insert_bolts_hand_tighten
2753981,-644,-9096,16136,-6924,1928,-4447,insert_bolts_hand_tighten
2754003,-220,-8248,14424,-8197,261,-4545,insert_bolts_hand_tighten
2754025,-1244,-10740,12124,-6846,-843,-6589,insert_bolts_hand_tighten
2754047,1976,-10060,10164,-8001,-1903,-5273,insert_bolts_hand_tighten
2754069,3024,-14340,10888,-4401,4125,-3128,insert_bolts_hand_tighten
2754091,288,-13480,13140,-255,5494,2692,insert_bolts_hand_tighten
2754113,-2216,-16060,11768,3669,-148,5985,insert_bolts_hand_tighten
2754135,-3000,-15864,6680,3475,-6039,6226,insert_bolts_hand_tighten
2754157,-2312,-15508,5772,3557,-7576,5212,insert_bolts_hand_tighten
2754179,-2120,-13940,8600,6822,-4259,5038,insert_bolts_hand_tighten
2754201,-2964,-10520,10280,8234,-3587,3685,insert_bolts_hand_tighten
2754223,-492,-6840,12740,1653,-3281,4191,insert_bolts_hand_tighten
2754245,-1056,-11828,12676,-7111,4961,1276,insert_bolts_hand_tighten
2754267,-3036,-15604,10512,3072,3052,-410,insert_bolts_hand_tighten
2754289,-1820,-13096,10348,5115,783,-2285,insert_bolts_hand_tighten
2754311,-932,-12368,10188,239,1555,-4056,insert_bolts_hand_tighten
2754333,-396,-11280,10448,-4185,2158,-4687,insert_bolts_hand_tighten
2754355,1284,-11016,12548,-6230,-1777,-2358,insert_bolts_hand_tighten
2754377,836,-11040,15404,-5312,3210,-3167,insert_bolts_hand_tighten
2754399,-672,-9524,16560,35,2064,-4291,insert_bolts_hand_tighten
2754421,-540,-9364,13572,-813,1002,-4764,insert_bolts_hand_tighten
2754443,360,-9412,10424,-6113,-959,-3699,insert_bolts_hand_tighten
2754465,844,-13532,9364,-4330,-727,-1709,insert_bolts_hand_tighten
2754487,1172,-14128,12248,3945,1312,-2057,insert_bolts_hand_tighten
2754509,944,-12512,14824,8269,2256,-2399,insert_bolts_hand_tighten
2754531,-212,-10892,13552,5861,470,-1123,insert_bolts_hand_tighten
2754553,192,-9564,11972,111,-3550,943,insert_bolts_hand_tighten
2754575,1320,-10236,10020,-2826,-3469,434,insert_bolts_hand_tighten
2754597,2712,-12532,10832,338,-3691,965,insert_bolts_hand_tighten
2754619,1512,-10804,11280,3220,-369,2689,insert_bolts_hand_tighten
2754641,-1072,-11692,10572,40,1581,5374,insert_bolts_hand_tighten
2754663,-2208,-14408,8128,-2446,-1807,6713,insert_bolts_hand_tighten
2754685,-2356,-16256,7604,-1373,-2857,6004,insert_bolts_hand_tighten
2754707,-2992,-16520,8640,4142,-3535,4585,insert_bolts_hand_tighten
2754729,-532,-5716,12968,3240,-2959,785,insert_bolts_hand_tighten
2754751,-1328,-9488,13844,-6353,3123,482,insert_bolts_hand_tighten
2754773,-1812,-14888,11632,375,1931,-1722,insert_bolts_hand_tighten
2754795,360,-14944,10580,351,-115,-2513,insert_bolts_hand_tighten
2754817,-1016,-12720,10896,-2456,1554,-2103,insert_bolts_hand_tighten
2754839,-1064,-13420,11868,-6033,-62,-2136,insert_bolts_hand_tighten
2754861,660,-8280,12436,-9314,308,-4365,insert_bolts_hand_tighten
2754883,1324,-8224,13868,-16417,1891,-3192,insert_bolts_hand_tighten
2754905,1168,-8576,13256,-22724,362,-3430,insert_bolts_hand_tighten
2754927,840,-13672,8776,-23428,-445,-5024,insert_bolts_hand_tighten
2754949,3168,-18476,8136,-7641,-969,-4334,insert_bolts_hand_tighten
2754971,3084,-15940,8596,5890,823,-2061,insert_bolts_hand_tighten
2754993,2536,-12368,9476,8453,2911,-678,insert_bolts_hand_tighten
2755015,2928,-11896,9248,5712,4341,1692,insert_bolts_hand_tighten
2755037,1128,-13768,9132,9767,3195,4316,insert_bolts_hand_tighten
2755059,-992,-16336,8612,16265,-1575,6616,insert_bolts_hand_tighten
2755081,-2684,-14744,7576,16833,-4026,8361,insert_bolts_hand_tighten
2755103,-2868,-12964,7824,13227,-6293,9259,insert_bolts_hand_tighten
2755125,-1828,-9204,8508,8026,-5840,5487,insert_bolts_hand_tighten
2755147,16,-6432,11816,-4206,-426,3889,insert_bolts_hand_tighten
2755169,-2968,-18276,11800,-7290,1659,2794,insert_bolts_hand_tighten
2755191,-172,-13900,13792,4105,3783,-324,insert_bolts_hand_tighten
2755213,-1440,-12628,13084,-1519,-772,1622,insert_bolts_hand_tighten
2755235,-392,-12332,11860,-9403,-149,494,insert_bolts_hand_tighten
2755257,-264,-12836,10488,-14514,-1521,-1490,insert_bolts_hand_tighten
2755279,-500,-12228,10884,-16634,-1278,-2719,insert_bolts_hand_tighten
2755301,2084,-16244,12600,-9906,-961,-4927,insert_bolts_hand_tighten
2755323,1624,-13960,13212,-1485,4257,-4724,insert_bolts_hand_tighten
2755345,720,-7204,9800,-1734,342,-3778,insert_bolts_hand_tighten
2755367,720,-8400,8600,-14939,-2495,-3142,insert_bolts_hand_tighten
2755389,880,-12048,7768,-17850,-2767,-4607,insert_bolts_hand_tighten
2755411,1744,-18240,7756,-5760,-2322,-3880,insert_bolts_hand_tighten
2755433,2312,-18764,6624,10559,787,-3802,insert_bolts_hand_tighten
2755455,2020,-13352,6436,19150,4292,-3034,insert_bolts_hand_tighten
2755477,1788,-11672,10912,12245,5129,2655,insert_bolts_hand_tighten
2755499,-1488,-14292,9696,11580,1275,5602,insert_bolts_hand_tighten
2755521,-1088,-14916,8092,15565,-1434,6865,insert_bolts_hand_tighten
2755543,-1896,-14316,8516,15781,-3854,8957,insert_bolts_hand_tighten
2755565,-96,-9840,9124,9773,-3966,5174,insert_bolts_hand_tighten
2755587,92,-3756,13724,-9618,2454,2673,insert_bolts_hand_tighten
2755609,-2092,-17044,12552,-7591,1417,399,insert_bolts_hand_tighten
2755631,-804,-15144,12496,-7261,3040,48,insert_bolts_hand_tighten
2755653,-1124,-16816,11160,-7299,1236,145,insert_bolts_hand_tighten
2755675,-964,-13708,11800,-9320,150,-252,insert_bolts_hand_tighten
2755697,-592,-11600,11528,-17517,63,-1921,insert_bolts_hand_tighten
2755719,1244,-12696,12100,-22426,1489,-4935,insert_bolts_hand_tighten
2755741,952,-16696,9344,-13497,1146,-8137,insert_bolts_hand_tighten
2755763,2248,-11100,7624,-10212,771,-7804,insert_bolts_hand_tighten
2755785,1744,-10456,5052,-12889,70,-5941,insert_bolts_hand_tighten
2755807,1528,-10572,4836,-12198,-696,-4730,insert_bolts_hand_tighten
2755829,2088,-14388,6500,-11469,-956,-3338,insert_bolts_hand_tighten
2755851,2108,-19532,6480,1366,-442,-4939,insert_bolts_hand_tighten
2755873,3268,-19140,1264,18254,-970,-5640,insert_bolts_hand_tighten
2755895,5856,-11456,6292,18255,6093,-674,insert_bolts_hand_tighten
2755917,1428,-13408,10732,10855,5359,6254,insert_bolts_hand_tighten
2755939,588,-13940,8432,10205,-3910,10942,insert_bolts_hand_tighten
2755961,-612,-18692,5160,16026,105,9014,insert_bolts_hand_tighten
2755983,-1852,-15500,5756,23691,-825,7620,insert_bolts_hand_tighten
2756005,-1384,-6096,10612,12400,-3704,6463,insert_bolts_hand_tighten
2756027,-1272,-7644,13508,-11047,3940,1337,insert_bolts_hand_tighten
2756049,-2808,-15332,10664,-8138,2535,-481,insert_bolts_hand_tighten
2756071,104,-21220,8424,-3068,1524,1173,insert_bolts_hand_tighten
2756093,-1256,-16876,10340,1417,5123,-250,insert_bolts_hand_tighten
2756115,1408,-10012,12460,-6265,2778,-1200,insert_bolts_hand_tighten
2756137,1204,-12848,10980,-10128,2844,-2975,insert_bolts_hand_tighten
2756159,984,-15056,10776,-6150,4093,-4192,insert_bolts_hand_tighten
2756181,-412,-15032,10800,-4506,3982,-5119,insert_bolts_hand_tighten
2756203,-652,-10820,11424,-6376,2080,-5780,insert_bolts_hand_tighten
2756225,192,-10536,9664,-11216,-326,-7692,insert_bolts_hand_tighten
2756247,448,-8180,7840,-15843,-568,-9660,insert_bolts_hand_tighten
2756269,1584,-10228,4548,-18870,-3975,-8271,insert_bolts_hand_tighten
2756291,2908,-16528,3164,-13745,-3338,-4354,insert_bolts_hand_tighten
2756313,3456,-19704,6292,-2271,31,-1405,insert_bolts_hand_tighten
2756335,2820,-17032,7692,2490,923,-973,insert_bolts_hand_tighten
2756357,2040,-15524,6372,3280,1349,-1104,insert_bolts_hand_tighten
2756379,2232,-14152,5376,369,1834,186,insert_bolts_hand_tighten
2756401,1796,-14384,5924,-2819,3059,441,insert_bolts_hand_tighten
2756423,2296,-15680,7464,-620,1388,60,insert_bolts_hand_tighten
2756445,2188,-16236,6904,1576,-223,575,insert_bolts_hand_tighten
2756467,1988,-14136,4844,3026,-2265,3990,insert_bolts_hand_tighten
2756489,2416,-13360,3716,-1159,-494,8116,insert_bolts_hand_tighten
2756511,-632,-18792,3152,-811,2460,8688,insert_bolts_hand_tighten
2756533,-1780,-20792,2920,11843,543,6519,insert_bolts_hand_tighten
2756555,-808,-16344,5804,18107,97,5723,insert_bolts_hand_tighten
2756577,-1372,-9468,9800,5681,3636,4650,insert_bolts_hand_tighten
2756599,-2852,-15020,6312,3250,2059,515,insert_bolts_hand_tighten
2756621,-956,-15660,7252,6859,3593,-1831,insert_bolts_hand_tighten
2756643,-68,-15832,8700,2175,4264,-2181,insert_bolts_hand_tighten
2756665,1628,-10484,11952,-3537,5180,295,insert_bolts_hand_tighten
2756687,1060,-15852,10812,-2983,3023,134,insert_bolts_hand_tighten
2756709,488,-15096,8980,-324,4497,-1749,insert_bolts_hand_tighten
2756731,-448,-14620,8288,1219,5691,-2795,insert_bolts_hand_tighten
2756753,-1120,-12356,9512,-1773,4244,-2988,insert_bolts_hand_tighten
2756775,-1108,-12816,8848,-6498,2480,-2368,insert_bolts_hand_tighten
2756797,-92,-12344,9920,-6932,1479,-3159,insert_bolts_hand_tighten
2756819,764,-12824,7616,-8543,681,-4277,insert_bolts_hand_tighten
2756841,1376,-15436,5860,-7262,-653,-4032,insert_bolts_hand_tighten
2756863,1364,-15276,5012,-684,97,-3712,insert_bolts_hand_tighten
2756885,1504,-14692,6728,4602,158,-1410,insert_bolts_hand_tighten
2756907,668,-13924,7724,577,967,-1037,insert_bolts_hand_tighten
2756929,1384,-16480,7216,-4623,-1458,-398,insert_bolts_hand_tighten
2756951,1000,-15744,7352,-1950,385,-684,insert_bolts_hand_tighten
2756973,1268,-16004,7280,520,-196,-553,insert_bolts_hand_tighten
2756995,640,-15620,7588,5524,1166,-1266,insert_bolts_hand_tighten
2757017,1168,-13740,6720,5903,1284,-1299,insert_bolts_hand_tighten
2757039,612,-13268,5900,-80,596,-1079,insert_bolts_hand_tighten
2757061,316,-14840,6588,-5377,-389,1654,insert_bolts_hand_tighten
2757083,64,-15768,6192,-4403,-1246,2599,insert_bolts_hand_tighten
2757105,-508,-15760,6964,-4836,1123,2911,insert_bolts_hand_tighten
2757127,-1572,-16232,5080,-6575,336,2164,insert_bolts_hand_tighten
2757149,-3124,-16984,3944,-7182,576,-870,insert_bolts_hand_tighten
2757171,432,-15184,9620,-4676,87,-608,insert_bolts_hand_tighten
2757193,1132,-14640,9772,-5099,-591,401,insert_bolts_hand_tighten
2757215,-140,-13080,6364,-11784,214,-1724,insert_bolts_hand_tighten
2757237,-444,-14172,2972,-14593,-23,-3841,insert_bolts_hand_tighten
2757259,276,-15548,3456,-10770,344,-4429,insert_bolts_hand_tighten
2757281,628,-13260,5604,-5732,630,-4517,insert_bolts_hand_tighten
2757303,448,-10800,4992,-3844,169,-4932,insert_bolts_hand_tighten
2757325,448,-10532,6392,-4689,1408,-6261,insert_bolts_hand_tighten
2757347,-1072,-7864,6512,-3517,3013,-8709,insert_bolts_hand_tighten
2757369,908,-9332,7396,-282,3152,-8189,insert_bolts_hand_tighten
2757391,3824,-8720,8776,4165,7725,-9398,insert_bolts_hand_tighten
2757413,4824,-9244,8080,4331,13798,-14318,insert_bolts_hand_tighten
2757435,6164,-10128,5676,4758,18061,-16689,insert_bolts_hand_tighten
2757457,7128,-11800,3224,5916,25474,-19832,insert_bolts_hand_tighten
2757479,6140,-15420,3208,13257,30830,-22871,insert_bolts_hand_tighten
2757501,7236,-17372,6700,19770,28254,-23869,insert_bolts_hand_tighten
2757523,6084,-14048,8620,14020,21793,-22315,insert_bolts_hand_tighten
2757545,6756,-15184,6464,8842,16136,-20277,insert_bolts_hand_tighten
2757567,5440,-14296,5116,12213,13046,-19852,insert_bolts_hand_tighten
2757589,7896,-14640,7472,13664,9421,-18570,insert_bolts_hand_tighten
2757611,7636,-14388,8768,11876,7685,-17819,insert_bolts_hand_tighten
2757633,9376,-13660,10388,13505,3264,-16278,insert_bolts_hand_tighten
2757655,9252,-10388,9512,11350,2613,-14556,insert_bolts_hand_tighten
2757677,11568,-12372,10640,9275,-1110,-11946,insert_bolts_hand_tighten
2757699,11804,-11592,11116,11666,3105,-10796,insert_bolts_hand_tighten
2757721,11896,-9792,12912,14732,4570,-8384,insert_bolts_hand_tighten
2757743,11124,-8196,12776,11871,1622,-5742,insert_bolts_hand_tighten
2757765,11500,-9324,12680,11432,-1093,-4397,insert_bolts_hand_tighten
2757787,11376,-7652,14564,15802,-1959,-1767,insert_bolts_hand_tighten
2757809,10116,-6100,14412,14938,-3051,-716,insert_bolts_hand_tighten
2757831,11472,-5460,13736,14062,-4592,261,insert_bolts_hand_tighten
2757853,11164,-3836,13740,15589,-2109,199,insert_bolts_hand_tighten
2757875,11080,-2484,14700,14357,-1756,884,insert_bolts_hand_tighten
2757897,10692,-3260,15408,10151,-1502,489,insert_bolts_hand_tighten
2757919,11604,-3244,15068,9761,-2524,1010,insert_bolts_hand_tighten
2757941,11288,-2252,13508,10837,-2682,2088,insert_bolts_hand_tighten
2757963,11312,-1380,13548,8942,-2007,2304,insert_bolts_hand_tighten
2757985,11332,-1760,13920,7706,-831,2572,insert_bolts_hand_tighten
2758007,10428,-2544,16392,4403,3982,3077,insert_bolts_hand_tighten
2758029,10484,-384,16064,6139,1547,2939,insert_bolts_hand_tighten
2758051,9732,-1824,15200,4192,1106,2511,insert_bolts_hand_tighten
2758073,10176,-1076,13828,2367,1062,1933,insert_bolts_hand_tighten
2758095,9672,-356,13756,1272,1076,1999,insert_bolts_hand_tighten
2758117,10380,-876,13068,333,-982,2456,insert_bolts_hand_tighten
2758139,10720,-1472,13844,646,-50,1911,insert_bolts_hand_tighten
2758161,10136,-1856,13720,885,1474,1553,insert_bolts_hand_tighten
2758183,10796,48,13900,1798,2130,1665,insert_bolts_hand_tighten
2758205,10520,-1100,13948,255,1843,1960,insert_bolts_hand_tighten
2758227,12528,-892,15048,3002,3254,3431,insert_bolts_hand_tighten
2758249,12236,-2800,17248,-2321,6634,4180,insert_bolts_hand_tighten
2758271,13236,-3652,21468,-1801,9522,5227,insert_bolts_hand_tighten
2758293,12692,-4140,21516,-5592,9573,6175,insert_bolts_hand_tighten
2758315,14080,-5776,21148,-11022,11287,7966,insert_bolts_hand_tighten
2758337,14184,-5908,21152,-18330,12874,10248,insert_bolts_hand_tighten
2758359,13588,-8160,21272,-28320,10883,13580,insert_bolts_hand_tighten
2758381,12892,-10132,18832,-32768,5612,15839,insert_bolts_hand_tighten
2758403,10844,-11440,13728,-32768,-1330,20049,insert_bolts_hand_tighten
2758425,9456,-12608,10296,-32768,-4811,24998,insert_bolts_hand_tighten
2758447,6060,-14412,7772,-32768,-5462,27726,insert_bolts_hand_tighten
2758469,3320,-12700,5216,-31567,-9592,29221,insert_bolts_hand_tighten
2758491,712,-9680,4992,-27973,-13498,29995,insert_bolts_hand_tighten
2758513,80,-10344,4000,-23331,-14602,28045,insert_bolts_hand_tighten
2758535,48,-10456,2444,-17918,-11654,23338,insert_bolts_hand_tighten
2758557,-356,-10108,4256,-13138,-7814,17283,insert_bolts_hand_tighten
2758579,-620,-7264,7840,-7478,-7347,13586,insert_bolts_hand_tighten
2758601,-580,-7104,7692,-5249,-6164,12814,insert_bolts_hand_tighten
2758623,-1152,-8328,6812,-4926,-6623,10058,insert_bolts_hand_tighten
2758645,-312,-12484,6536,-145,-6871,6039,insert_bolts_hand_tighten
2758667,164,-10724,7064,6603,-5983,3189,insert_bolts_hand_tighten
2758689,1224,-10180,7520,4595,-4047,2521,insert_bolts_hand_tighten
2758711,140,-11080,8356,-968,-2782,1988,insert_bolts_hand_tighten
2758733,-396,-14884,7480,-1605,-922,314,insert_bolts_hand_tighten
2758755,-900,-14324,7624,4956,2229,-1667,insert_bolts_hand_tighten
2758777,-1296,-12332,7192,4994,763,-1848,insert_bolts_hand_tighten
2758799,-440,-11824,6308,-2066,-936,-1447,insert_bolts_hand_tighten
2758821,-76,-16008,5644,-5340,-1528,-1796,insert_bolts_hand_tighten
2758843,-88,-17136,5616,631,509,-2145,insert_bolts_hand_tighten
2758865,-772,-14536,6952,5115,1906,-1527,insert_bolts_hand_tighten
2758887,-880,-13500,7248,2709,716,-1078,insert_bolts_hand_tighten
2758909,-324,-13876,6760,-965,-495,-1427,insert_bolts_hand_tighten
2758931,-540,-15152,5256,-2712,-1681,-1818,insert_bolts_hand_tighten
2758953,304,-16256,5240,-3856,-1315,-620,insert_bolts_hand_tighten
2758975,388,-17088,5272,-1173,118,-1525,insert_bolts_hand_tighten
2758997,-392,-15548,5952,-765,1019,-727,insert_bolts_hand_tighten
2759019,-732,-15432,6648,-1892,-1076,237,insert_bolts_hand_tighten
2759041,-828,-14728,5472,-4243,-2891,238,insert_bolts_hand_tighten
2759063,344,-16084,3860,-5836,-3902,-215,insert_bolts_hand_tighten
2759085,408,-16876,3868,-1052,-1145,-1803,insert_bolts_hand_tighten
2759107,4,-15180,5192,3236,-977,-1492,insert_bolts_hand_tighten
2759129,-36,-14112,6276,1010,-1732,-1339,insert_bolts_hand_tighten
2759151,32,-15480,6752,-5541,-1706,-753,insert_bolts_hand_tighten
2759173,868,-17040,5616,-4767,-1593,-1380,insert_bolts_hand_tighten
2759195,1148,-17992,4024,1145,-95,-1437,insert_bolts_hand_tighten
2759217,1104,-17272,5408,6498,1125,-719,insert_bolts_hand_tighten
2759239,1056,-12364,6188,6712,285,-599,insert_bolts_hand_tighten
2759261,856,-12708,7500,-5048,-1129,1126,insert_bolts_hand_tighten
2759283,84,-15224,6168,-5002,-2125,-1231,insert_bolts_hand_tighten
2759305,892,-16372,3976,-4614,-2523,-2030,insert_bolts_hand_tighten
2759327,1404,-16072,3084,619,-1210,-2434,insert_bolts_hand_tighten
2759349,2364,-15808,3608,5056,-1540,43,insert_bolts_hand_tighten
2759371,1052,-15140,6216,4980,228,2567,insert_bolts_hand_tighten
2759393,-56,-16208,6224,5635,-1503,2996,insert_bolts_hand_tighten
2759415,568,-16668,6596,8884,-1465,2429,insert_bolts_hand_tighten
2759437,1408,-18048,5592,12519,-901,2657,insert_bolts_hand_tighten
2759459,332,-16716,5804,19177,315,3314,insert_bolts_hand_tighten
2759481,584,-13072,7656,20435,-1922,5540,insert_bolts_hand_tighten
2759503,-576,-11680,8728,15338,-2120,5945,insert_bolts_hand_tighten
2759525,-332,-15680,8100,13964,-3038,6319,insert_bolts_hand_tighten
2759547,360,-14296,8888,22354,-1190,5770,insert_bolts_hand_tighten
2759569,-1328,-11948,9568,20815,-984,6984,insert_bolts_hand_tighten
2759591,-1360,-8152,10272,13183,-2786,7066,insert_bolts_hand_tighten
2759613,-1424,-9580,9492,4199,-3302,5509,insert_bolts_hand_tighten
2759635,-656,-11012,9992,1004,-2508,3059,insert_bolts_hand_tighten
2759657,284,-13144,11612,4855,238,4276,insert_bolts_hand_tighten
2759679,-2224,-12444,12656,6005,-245,7358,insert_bolts_hand_tighten
2759701,-2352,-11688,12588,6781,-1711,2851,insert_bolts_hand_tighten
2759723,-2748,-7052,12468,-2427,-135,173,insert_bolts_hand_tighten
2759745,-2632,-5232,11116,-8989,1154,-2649,insert_bolts_hand_tighten
2759767,-2236,-7660,12032,-19421,1353,-5283,insert_bolts_hand_tighten
2759789,-528,-9820,13256,-29826,1335,-7349,insert_bolts_hand_tighten
2759811,-564,-12468,10056,-32768,1950,-9698,insert_bolts_hand_tighten
2759833,24,-12516,8068,-32768,417,-11353,insert_bolts_hand_tighten
2759855,1080,-12620,3916,-32768,1914,-12516,insert_bolts_hand_tighten
2759877,1640,-16816,1372,-32768,3126,-8839,insert_bolts_hand_tighten
2759899,1628,-27272,-1856,-18216,2611,-4595,insert_bolts_hand_tighten
2759921,1696,-27548,-1992,10460,1954,-1622,insert_bolts_hand_tighten
2759943,1476,-19340,2636,23501,2593,800,insert_bolts_hand_tighten
2759965,596,-12088,5656,20598,89,2427,insert_bolts_hand_tighten
2759987,-524,-8976,7488,9062,2499,-452,insert_bolts_hand_tighten
2760009,52,-11780,7808,-1180,4185,-3997,insert_bolts_hand_tighten
2760031,196,-16164,7260,-3068,3992,-5602,insert_bolts_hand_tighten
2760053,468,-17644,7372,3827,2971,-5026,insert_bolts_hand_tighten
2760075,632,-15392,5604,5368,1762,-3975,insert_bolts_hand_tighten
2760097,912,-14812,6292,-369,264,-3116,insert_bolts_hand_tighten
2760119,1368,-14840,6384,-3871,-1893,-3072,insert_bolts_hand_tighten
2760141,904,-13912,6964,-7899,-2541,-3657,insert_bolts_hand_tighten
2760163,56,-13548,5692,-9697,-2205,-5211,insert_bolts_hand_tighten
2760185,1624,-14368,8268,-8646,-3262,-5110,insert_bolts_hand_tighten
2760207,2016,-16196,7372,-9683,-6364,-1800,insert_bolts_hand_tighten
2760229,3308,-15012,4260,-12045,-8017,-1906,insert_bolts_hand_tighten
2760251,3380,-15652,1660,-16478,-5746,-1054,insert_bolts_hand_tighten
2760273,3452,-16452,256,-16035,-3278,-902,insert_bolts_hand_tighten
2760295,4148,-18652,-704,-11440,-2657,19,insert_bolts_hand_tighten
2760317,3780,-18248,-1108,-5193,-390,494,insert_bolts_hand_tighten
2760339,5032,-18956,684,-1027,-13,508,insert_bolts_hand_tighten
2760361,2684,-14736,1460,-1379,2752,-1607,insert_bolts_hand_tighten
2760383,4344,-14648,2020,-1190,1717,-1656,insert_bolts_hand_tighten
2760405,5036,-15136,2340,-1097,2566,-1877,insert_bolts_hand_tighten
2760427,5072,-17496,3444,535,4418,-84,insert_bolts_hand_tighten
2760449,4672,-17576,3744,4094,3873,50,insert_bolts_hand_tighten
2760471,4192,-16280,3616,5706,4074,360,insert_bolts_hand_tighten
2760493,3380,-14468,2896,4985,3830,290,insert_bolts_hand_tighten
2760515,5052,-17660,3156,2451,2621,741,insert_bolts_hand_tighten
2760537,3584,-17496,2264,10407,4922,-1356,insert_bolts_hand_tighten
2760559,2592,-16388,2268,15535,2897,-512,insert_bolts_hand_tighten
2760581,3076,-15332,3344,16226,589,-469,insert_bolts_hand_tighten
2760603,2584,-13920,4740,14525,944,-930,insert_bolts_hand_tighten
2760625,2124,-13944,4996,11858,99,-767,insert_bolts_hand_tighten
2760647,2000,-14384,5568,9021,812,-1260,insert_bolts_hand_tighten
2760669,2908,-15948,6732,9479,306,-1641,insert_bolts_hand_tighten
2760691,3932,-14708,9052,8873,66,-969,insert_bolts_hand_tighten
2760713,3280,-12924,10768,7762,2229,-966,insert_bolts_hand_tighten
2760735,2844,-12424,9944,3551,-113,901,insert_bolts_hand_tighten
2760757,3000,-13012,9168,1139,-618,1846,insert_bolts_hand_tighten
2760779,3320,-13332,7448,-1647,-1335,2631,insert_bolts_hand_tighten
2760801,3092,-14428,6808,-3229,288,2083,insert_bolts_hand_tighten
2760823,3504,-15720,7312,-126,829,1356,insert_bolts_hand_tighten
2760845,4840,-14648,9836,3400,1210,1111,insert_bolts_hand_tighten
2760867,4364,-11676,11660,1362,1941,1820,insert_bolts_hand_tighten
2760889,4644,-9900,11852,-4223,946,2969,insert_bolts_hand_tighten
2760911,4816,-9684,10848,-10029,1659,2804,insert_bolts_hand_tighten
2760933,4268,-9824,9968,-11599,3915,216,insert_bolts_hand_tighten
2760955,2884,-9696,10364,-7603,7817,-3727,insert_bolts_hand_tighten
2760977,2872,-6320,9280,-2421,11074,-7270,insert_bolts_hand_tighten
2760999,1584,-3624,7796,-1457,14655,-10200,insert_bolts_hand_tighten
2761021,1152,-2392,6848,-242,16633,-12904,insert_bolts_hand_tighten
2761043,1884,-3164,6508,1602,16102,-15796,insert_bolts_hand_tighten
2761065,1968,-3328,5548,3170,17103,-20890,insert_bolts_hand_tighten
2761087,3704,-4620,4136,5614,17045,-25556,insert_bolts_hand_tighten
2761109,5584,-5936,4912,6082,19162,-28907,insert_bolts_hand_tighten
2761131,7496,-10468,6740,5504,18893,-30031,insert_bolts_hand_tighten
2761153,10372,-14060,8056,5770,16942,-30155,insert_bolts_hand_tighten
2761175,9532,-15120,7608,9525,16248,-29056,insert_bolts_hand_tighten
2761197,15684,-14732,10288,5552,8395,-23666,insert_bolts_hand_tighten
2761219,14028,-19136,10100,3018,6304,-22617,insert_bolts_hand_tighten
2761241,14760,-18476,12164,10710,8339,-20199,insert_bolts_hand_tighten
2761263,13276,-16088,13400,9918,3955,-15260,insert_bolts_hand_tighten
2761285,13172,-14416,12516,5506,-2210,-11962,insert_bolts_hand_tighten
2761307,13856,-12904,12732,-831,-2038,-10864,insert_bolts_hand_tighten
2761329,13740,-12800,12732,619,-457,-8456,insert_bolts_hand_tighten
2761351,13028,-10544,12528,3065,300,-5052,insert_bolts_hand_tighten
2761373,12324,-9672,12056,4424,536,-3633,insert_bolts_hand_tighten
2761395,11532,-7756,11312,4094,83,-4002,insert_bolts_hand_tighten
2761417,11808,-5992,11480,1135,60,-4079,insert_bolts_hand_tighten
2761439,11560,-6408,12148,-1123,-97,-3781,insert_bolts_hand_tighten
2761461,11788,-7248,11732,-1162,-1263,-2787,insert_bolts_hand_tighten
2761483,11684,-6952,11512,1702,-1839,-1708,insert_bolts_hand_tighten
2761505,14004,-6684,13300,1070,1268,-813,insert_bolts_hand_tighten
2761527,10932,-7860,13472,84,3638,-27,insert_bolts_hand_tighten
2761549,11800,-7388,12048,-1881,2690,-123,insert_bolts_hand_tighten
2761571,11432,-7744,11820,-1792,200,852,insert_bolts_hand_tighten
2761593,11348,-6212,12108,1318,-466,2490,insert_bolts_hand_tighten
2761615,10944,-4360,11964,2638,122,2145,insert_bolts_hand_tighten
2761637,10224,-5552,11580,-1232,873,309,insert_bolts_hand_tighten
2761659,11996,-5464,11656,-1123,1476,-201,insert_bolts_hand_tighten
2761681,11460,-5524,13440,357,730,407,insert_bolts_hand_tighten
2761703,10740,-4836,13760,-687,597,-36,insert_bolts_hand_tighten
2761725,10288,-5196,12680,-1659,229,-1022,insert_bolts_hand_tighten
2761747,10684,-5848,11576,-358,-224,-389,insert_bolts_hand_tighten
2761769,10292,-5488,11856,99,-672,-99,insert_bolts_hand_tighten
2761791,9988,-6008,13196,-1590,-1037,-278,insert_bolts_hand_tighten
2761813,11280,-5980,12792,-3433,-999,-779,insert_bolts_hand_tighten
2761835,11116,-5304,12316,-3904,-1293,-1260,insert_bolts_hand_tighten
2761857,11420,-6028,10764,-5505,-1852,-1452,insert_bolts_hand_tighten
2761879,12332,-6300,12532,-3182,-1582,267,insert_bolts_hand_tighten
2761901,12816,-6464,12460,-5059,-2255,159,insert_bolts_hand_tighten
2761923,13628,-8468,11732,-9516,-2688,525,insert_bolts_hand_tighten
2761945,16760,-10916,11156,-9143,-4789,3567,insert_bolts_hand_tighten
2761967,16988,-12852,10636,-10684,-2244,6762,insert_bolts_hand_tighten
2761989,16956,-15088,10148,-14430,-5989,10379,insert_bolts_hand_tighten
2762011,17716,-16760,7936,-18337,-10239,14252,insert_bolts_hand_tighten
2762033,16216,-16936,5748,-23778,-15228,18259,insert_bolts_hand_tighten
2762055,15596,-19176,2284,-24350,-19682,21859,insert_bolts_hand_tighten
2762077,14204,-20016,76,-19575,-23212,25148,insert_bolts_hand_tighten
2762099,11056,-18500,-60,-13593,-24006,26819,insert_bolts_hand_tighten
2762121,7452,-14356,572,-12967,-28274,27471,insert_bolts_hand_tighten
2762143,5908,-13024,-676,-12227,-27293,26108,insert_bolts_hand_tighten
2762165,5284,-12828,-432,-9123,-24821,24583,insert_bolts_hand_tighten
2762187,4268,-12832,2880,-4946,-22403,21199,insert_bolts_hand_tighten
2762209,3672,-10584,3352,-1790,-21049,17613,insert_bolts_hand_tighten
2762231,4048,-9348,2736,-197,-17006,15197,insert_bolts_hand_tighten
2762253,4128,-9124,2892,1443,-14148,12889,insert_bolts_hand_tighten
2762275,4368,-10852,5844,3452,-10347,9719,insert_bolts_hand_tighten
2762297,4984,-10504,6244,5017,-8232,8553,insert_bolts_hand_tighten
2762319,4944,-10740,4536,273,-4890,6893,insert_bolts_hand_tighten
2762341,3844,-12764,3152,-3057,-2029,5281,insert_bolts_hand_tighten
2762363,3352,-14116,2440,-1913,-2151,4614,insert_bolts_hand_tighten
2762385,2704,-15168,1392,698,-3288,3469,insert_bolts_hand_tighten
2762407,2596,-14860,-224,1494,-3772,1651,insert_bolts_hand_tighten
2762429,1972,-13660,-208,-232,-3761,881,insert_bolts_hand_tighten
2762451,1484,-15244,68,783,-3021,650,insert_bolts_hand_tighten
2762473,1552,-16072,1044,3113,-2583,688,insert_bolts_hand_tighten
2762495,1080,-15232,936,4280,-2319,-424,insert_bolts_hand_tighten
2762517,1092,-14352,1056,2430,-1984,-918,insert_bolts_hand_tighten
2762539,1340,-14864,56,224,-805,-1049,insert_bolts_hand_tighten
2762561,996,-17088,-148,311,-687,-101,insert_bolts_hand_tighten
2762583,1620,-16768,-160,1684,-1007,115,insert_bolts_hand_tighten
2762605,1200,-16160,-252,2815,-1083,-893,insert_bolts_hand_tighten
2762627,1356,-16568,204,-123,-665,-1407,insert_bolts_hand_tighten
2762649,2324,-16788,-264,-124,-838,-1858,insert_bolts_hand_tighten
2762671,1756,-16264,-144,-655,-841,-991,insert_bolts_hand_tighten
2762693,2224,-17308,-1152,1060,-1075,-704,insert_bolts_hand_tighten
2762715,1372,-16768,420,4064,228,-1233,insert_bolts_hand_tighten
2762737,1872,-14880,1072,3588,116,-1412,insert_bolts_hand_tighten
2762759,2052,-16024,244,-1347,784,-1356,insert_bolts_hand_tighten
2762781,2744,-19080,-256,1424,871,-539,insert_bolts_hand_tighten
2762803,2144,-18300,1004,6926,986,887,insert_bolts_hand_tighten
2762825,1820,-17132,1864,11347,-135,1574,insert_bolts_hand_tighten
2762847,1068,-14712,5140,10030,2027,1292,insert_bolts_hand_tighten
2762869,1636,-14056,5544,8688,1178,2026,insert_bolts_hand_tighten
2762891,484,-15784,4360,10232,859,1922,insert_bolts_hand_tighten
2762913,1056,-16872,2756,16785,1970,1814,insert_bolts_hand_tighten
2762935,896,-15304,3832,18073,-162,3494,insert_bolts_hand_tighten
2762957,264,-13300,5896,11893,-2713,4368,insert_bolts_hand_tighten
2762979,-404,-14968,6132,6239,-1765,2126,insert_bolts_hand_tighten
2763001,608,-16468,6220,9747,-1750,2545,insert_bolts_hand_tighten
2763023,536,-15224,7272,11198,-827,3086,insert_bolts_hand_tighten
2763045,620,-14052,7768,9044,-763,3300,insert_bolts_hand_tighten
2763067,628,-12232,8800,5626,904,2859,insert_bolts_hand_tighten
2763089,428,-12480,9672,3598,1629,1765,insert_bolts_hand_tighten
2763111,932,-10044,10128,1620,2440,-43,insert_bolts_hand_tighten
2763133,1148,-8328,10080,-843,4010,-2620,insert_bolts_hand_tighten
2763155,1484,-7036,9712,546,5981,-6006,insert_bolts_hand_tighten
2763177,1852,-4324,9448,2288,8166,-9420,insert_bolts_hand_tighten
2763199,1656,-2528,8420,3728,9119,-13748,insert_bolts_hand_tighten
2763221,2340,-1272,8504,2999,9107,-18582,insert_bolts_hand_tighten
2763243,3500,-1464,8116,154,8428,-23110,insert_bolts_hand_tighten
2763265,4616,-2220,6964,-2152,8896,-27423,insert_bolts_hand_tighten
2763287,6452,-3576,5904,-5026,10001,-30280,insert_bolts_hand_tighten
2763309,7912,-9032,6464,-8300,11873,-32327,insert_bolts_hand_tighten
2763331,10016,-16092,6748,-9130,15170,-32768,insert_bolts_hand_tighten
2763353,9256,-18900,7816,100,19965,-32768,insert_bolts_hand_tighten
2763375,10048,-14924,6984,3697,14749,-32383,insert_bolts_hand_tighten
2763397,13748,-15372,6356,-590,11723,-27270,insert_bolts_hand_tighten
2763419,13104,-20472,7324,-711,14385,-24838,insert_bolts_hand_tighten
2763441,12992,-20316,9728,10738,9437,-19636,insert_bolts_hand_tighten
2763463,12768,-16088,10832,17828,6980,-15625,insert_bolts_hand_tighten
2763485,13136,-12864,10128,13322,702,-13378,insert_bolts_hand_tighten
2763507,14008,-10820,9652,3132,-890,-13124,insert_bolts_hand_tighten
2763529,14028,-12460,12044,-2674,675,-11510,insert_bolts_hand_tighten
2763551,13556,-13260,12332,3973,3187,-8661,insert_bolts_hand_tighten
2763573,11988,-10104,11360,9406,2645,-5030,insert_bolts_hand_tighten
2763595,11352,-8472,11128,9061,1343,-3377,insert_bolts_hand_tighten
2763617,11344,-7136,11220,4857,83,-3686,insert_bolts_hand_tighten
2763639,10648,-7004,11856,2555,-741,-4347,insert_bolts_hand_tighten
2763661,11540,-6616,11568,3650,-1184,-3313,insert_bolts_hand_tighten
2763683,11572,-6728,11624,5511,-371,-2404,insert_bolts_hand_tighten
2763705,11360,-5516,11500,7716,194,-1841,insert_bolts_hand_tighten
2763727,11744,-4796,11736,7423,-109,-1382,insert_bolts_hand_tighten
2763749,11660,-3952,12776,5972,227,-1336,insert_bolts_hand_tighten
2763771,11720,-3848,12352,3295,-762,-1672,insert_bolts_hand_tighten
2763793,11772,-4008,12332,674,-1345,-1754,insert_bolts_hand_tighten
2763815,11612,-4624,12292,515,-1489,-1663,insert_bolts_hand_tighten
2763837,11976,-4180,12308,1511,-490,-1045,insert_bolts_hand_tighten
2763859,12124,-3708,12228,1837,171,-578,insert_bolts_hand_tighten
2763881,12184,-4036,12816,936,1044,-231,insert_bolts_hand_tighten
2763903,11380,-4044,12504,1257,1056,-72,insert_bolts_hand_tighten
2763925,10928,-4228,12040,704,460,300,insert_bolts_hand_tighten
2763947,11412,-4228,12076,2302,441,1219,insert_bolts_hand_tighten
2763969,11428,-4228,12128,3873,579,1860,insert_bolts_hand_tighten
2763991,11240,-3220,12424,3854,634,1857,insert_bolts_hand_tighten
2764013,11268,-2980,12180,1572,-123,982,insert_bolts_hand_tighten
2764035,11668,-2776,11724,480,-147,492,insert_bolts_hand_tighten
2764057,11616,-2756,11480,1062,-133,712,insert_bolts_hand_tighten
2764079,11324,-3700,12496,2814,558,956,insert_bolts_hand_tighten
2764101,11740,-2268,12424,3834,1240,1046,insert_bolts_hand_tighten
2764123,11852,-2380,13172,2756,419,822,insert_bolts_hand_tighten
2764145,12652,-4060,14112,982,-198,1471,insert_bolts_hand_tighten
2764167,12252,-3400,13780,2233,598,1822,insert_bolts_hand_tighten
2764189,11884,-2588,13196,1951,595,2373,insert_bolts_hand_tighten
2764211,13004,-4428,14044,-1624,-1009,2990,insert_bolts_hand_tighten
2764233,15268,-8676,15544,-5196,-345,4921,insert_bolts_hand_tighten
2764255,16768,-10980,14408,-7507,1578,8422,insert_bolts_hand_tighten
2764277,17592,-13260,13892,-7246,2200,14788,insert_bolts_hand_tighten
2764299,17624,-15204,14444,-3855,353,20730,insert_bolts_hand_tighten
2764321,18164,-14484,14300,-4311,-2815,25477,insert_bolts_hand_tighten
2764343,18452,-13744,13732,-9948,-7723,29412,insert_bolts_hand_tighten
2764365,17236,-14700,12964,-14044,-11192,32767,insert_bolts_hand_tighten
2764387,16500,-15616,10148,-15362,-10694,32767,insert_bolts_hand_tighten
2764409,13968,-13748,8040,-17331,-9998,32767,insert_bolts_hand_tighten
2764431,10912,-12540,8068,-18500,-10350,32767,insert_bolts_hand_tighten
2764453,8336,-10340,6948,-19861,-11131,32767,insert_bolts_hand_tighten
2764475,7076,-9952,6072,-19440,-8893,31067,insert_bolts_hand_tighten
2764497,4220,-9032,6020,-15817,-6826,28095,insert_bolts_hand_tighten
2764519,3372,-7900,5636,-10743,-7377,25228,insert_bolts_hand_tighten
2764541,2592,-7008,6808,-6485,-7589,22317,insert_bolts_hand_tighten
2764563,2108,-5324,7516,-5345,-6127,19141,insert_bolts_hand_tighten
2764585,1352,-5456,6324,-5009,-5498,15414,insert_bolts_hand_tighten
2764607,3308,-7436,5828,-1926,-10903,12976,insert_bolts_hand_tighten
2764629,688,-8856,8008,-1411,-2723,5506,insert_bolts_hand_tighten
2764651,1848,-8844,8280,917,-4438,4378,insert_bolts_hand_tighten
2764673,1884,-10328,7284,-1049,-2543,4532,insert_bolts_hand_tighten
2764695,504,-14208,7164,-307,-1657,3006,insert_bolts_hand_tighten
2764717,380,-14452,8572,3483,-245,1406,insert_bolts_hand_tighten
2764739,868,-12872,7120,2588,-209,1518,insert_bolts_hand_tighten
2764761,64,-14840,6800,-1977,2240,703,insert_bolts_hand_tighten
2764783,-424,-16692,5096,192,2058,46,insert_bolts_hand_tighten
2764805,-1000,-15996,4924,6021,2146,690,insert_bolts_hand_tighten
2764827,-1076,-14480,5676,8421,1045,465,insert_bolts_hand_tighten
2764849,-96,-13860,4620,2686,-858,484,insert_bolts_hand_tighten
2764871,-736,-16188,4984,-266,-251,449,insert_bolts_hand_tighten
2764893,-584,-17448,5384,4275,293,846,insert_bolts_hand_tighten
2764915,-1732,-14168,6436,7739,1398,986,insert_bolts_hand_tighten
2764937,-892,-14148,7120,4818,1639,740,insert_bolts_hand_tighten
2764959,-240,-13796,7028,3649,983,156,insert_bolts_hand_tighten
2764981,-1068,-16744,6480,3233,489,353,insert_bolts_hand_tighten
2765003,-1064,-15276,6944,6323,782,1057,insert_bolts_hand_tighten
2765025,-1044,-14012,8092,6013,826,1059,insert_bolts_hand_tighten
2765047,-1220,-13472,8012,3317,608,-46,insert_bolts_hand_tighten
2765069,-1016,-12676,6600,229,608,-1749,insert_bolts_hand_tighten
2765091,-440,-16060,6688,1115,501,-2132,insert_bolts_hand_tighten
2765113,-356,-14580,7780,298,462,-1354,insert_bolts_hand_tighten
2765135,52,-15076,8728,-951,114,-664,insert_bolts_hand_tighten
2765157,-468,-13652,7128,136,-159,-753,insert_bolts_hand_tighten
2765179,-1332,-13848,5712,-645,-292,-1628,insert_bolts_hand_tighten
2765201,-1888,-12696,6188,-2469,-432,-2097,insert_bolts_hand_tighten
2765223,-1196,-9580,5628,-2833,-1218,-3514,insert_bolts_hand_tighten
2765245,-412,-12500,8900,-6044,-2462,-3638,insert_bolts_hand_tighten
2765267,-1472,-15604,11444,-13882,-695,-3462,insert_bolts_hand_tighten
2765289,284,-18872,6196,-5341,783,-3783,insert_bolts_hand_tighten
2765311,1228,-19556,3908,10416,2067,-373,insert_bolts_hand_tighten
2765333,-28,-12820,4140,16582,391,1015,insert_bolts_hand_tighten
2765355,-1724,-11016,6008,9464,-4386,2518,insert_bolts_hand_tighten
2765377,92,-10444,7156,2099,-6341,1989,insert_bolts_hand_tighten
2765399,-780,-17456,6640,1223,-4577,1663,insert_bolts_hand_tighten
2765421,1544,-21420,5496,17837,-4868,3654,insert_bolts_hand_tighten
2765443,92,-15932,8376,28094,-1051,4990,insert_bolts_hand_tighten
2765465,-2304,-8364,15940,20259,-945,3783,insert_bolts_hand_tighten
2765487,-4,-5116,17664,2605,-3946,1813,insert_bolts_hand_tighten
2765509,-1088,-10288,14664,-8434,-1737,422,insert_bolts_hand_tighten
2765531,116,-13452,10104,-2140,-571,-1720,insert_bolts_hand_tighten
2765553,904,-11964,10496,7435,2178,-2485,insert_bolts_hand_tighten
2765575,1552,-12500,12728,9610,21,848,insert_bolts_hand_tighten
2765597,12,-12208,12780,6238,-1092,2567,insert_bolts_hand_tighten
2765619,1040,-9652,12876,-2071,-2448,262,insert_bolts_hand_tighten
2765641,364,-11372,11336,-6059,-1481,-1552,insert_bolts_hand_tighten
2765663,528,-13996,11320,1674,-1527,-849,insert_bolts_hand_tighten
2765685,-420,-12732,11980,4397,-1709,3528,insert_bolts_hand_tighten
2765707,-1176,-16836,9908,7127,-5111,3198,insert_bolts_hand_tighten
2765729,-1152,-10020,11004,8608,-4267,1321,insert_bolts_hand_tighten
2765751,-448,-7864,10292,2570,-4275,1864,insert_bolts_hand_tighten
2765773,-72,-8008,8152,-931,-1141,4083,insert_bolts_hand_tighten
2765795,1068,-17304,10548,-3033,2566,6336,insert_bolts_hand_tighten
2765817,-1928,-20908,12056,6362,4589,5618,insert_bolts_hand_tighten
2765839,-1472,-8940,13508,14312,-205,2499,insert_bolts_hand_tighten
2765861,-2232,-7396,12756,5515,917,-290,insert_bolts_hand_tighten
2765883,-1860,-9872,11648,226,645,-2838,insert_bolts_hand_tighten
2765905,-664,-10020,11700,-3375,2239,-5084,insert_bolts_hand_tighten
2765927,268,-13860,11032,-3930,2729,-4467,insert_bolts_hand_tighten
2765949,-584,-10932,13104,-54,2056,-3011,insert_bolts_hand_tighten
2765971,556,-6612,15468,-3161,487,-1241,insert_bolts_hand_tighten
2765993,-444,-8168,14856,-9160,-163,-2214,insert_bolts_hand_tighten
2766015,-140,-13256,13920,-10649,-177,-4196,insert_bolts_hand_tighten
2766037,580,-13288,11772,-1787,842,-4163,insert_bolts_hand_tighten
2766059,580,-10944,11664,2361,1182,-1996,insert_bolts_hand_tighten
2766081,276,-10144,13172,-808,568,-1190,insert_bolts_hand_tighten
2766103,400,-9468,13784,-3474,-688,-1564,insert_bolts_hand_tighten
2766125,800,-8808,13672,-7268,-2210,-2182,insert_bolts_hand_tighten
2766147,2140,-11356,13728,-8458,-2204,-1688,insert_bolts_hand_tighten
2766169,1992,-13208,10932,-7877,-2363,-1528,insert_bolts_hand_tighten
2766191,1632,-13388,10468,-7134,-1318,-29,insert_bolts_hand_tighten
2766213,512,-11912,11016,-6571,-1903,2530,insert_bolts_hand_tighten
2766235,1132,-14668,9776,-4409,-4383,3773,insert_bolts_hand_tighten
2766257,1504,-14964,8696,1932,-4683,428,insert_bolts_hand_tighten
2766279,1036,-11896,9824,1042,-1384,-374,insert_bolts_hand_tighten
2766301,-172,-10404,10400,-729,-1364,567,insert_bolts_hand_tighten
2766323,508,-12560,9712,-4122,-2667,2051,insert_bolts_hand_tighten
2766345,256,-14604,8380,-70,414,2050,insert_bolts_hand_tighten
2766367,20,-14448,8464,4163,1123,4066,insert_bolts_hand_tighten
2766389,-1420,-14868,10488,6329,3555,5075,insert_bolts_hand_tighten
2766411,-2600,-14536,11312,7533,-176,5216,insert_bolts_hand_tighten
2766433,-1684,-14088,9844,9509,-2435,4245,insert_bolts_hand_tighten
2766455,-472,-14120,8376,13017,-2137,3990,insert_bolts_hand_tighten
2766477,2320,-9568,12808,9870,2295,3515,insert_bolts_hand_tighten
2766499,-1304,-11840,14564,3102,4159,-314,insert_bolts_hand_tighten
2766521,-1128,-10928,11576,9139,649,-2418,insert_bolts_hand_tighten
2766543,36,-8020,12308,88,-271,-1676,insert_bolts_hand_tighten
2766565,-152,-8624,12804,-7874,1051,-3273,insert_bolts_hand_tighten
2766587,528,-9048,13344,-9418,790,-3411,insert_bolts_hand_tighten
2766609,1084,-10464,13840,-12862,956,-1662,insert_bolts_hand_tighten
2766631,-940,-12448,12688,-12840,731,-2151,insert_bolts_hand_tighten
2766653,1256,-12900,12352,-10635,-1543,-2681,insert_bolts_hand_tighten
2766675,1392,-13320,11824,-3798,-400,-4190,insert_bolts_hand_tighten
2766697,1876,-10968,11500,482,122,-4506,insert_bolts_hand_tighten
2766719,2596,-11416,11568,-112,850,-3301,insert_bolts_hand_tighten
2766741,2492,-11268,10792,-4680,2155,-2846,insert_bolts_hand_tighten
2766763,2140,-13556,11432,-7297,2287,-2745,insert_bolts_hand_tighten
2766785,880,-14140,11632,-3310,1857,-2234,insert_bolts_hand_tighten
2766807,308,-13984,10168,1663,-849,-676,insert_bolts_hand_tighten
2766829,-180,-12692,7600,-339,-3517,1950,insert_bolts_hand_tighten
2766851,320,-13000,8796,-4061,-1692,4975,insert_bolts_hand_tighten
2766873,-1768,-15796,9052,-6038,-53,6388,insert_bolts_hand_tighten
2766895,-1516,-18112,7552,-1002,-2286,5722,insert_bolts_hand_tighten
2766917,-1208,-15596,6932,3915,-1404,4685,insert_bolts_hand_tighten
2766939,-860,-14940,8336,4520,-1090,4847,insert_bolts_hand_tighten
2766961,-24,-10964,8904,5148,-612,3085,insert_bolts_hand_tighten
2766983,908,-10712,12340,-1530,4669,2312,insert_bolts_hand_tighten
2767005,-1200,-14016,10768,4146,3344,-628,insert_bolts_hand_tighten
2767027,704,-11336,10396,736,933,-1507,insert_bolts_hand_tighten
2767049,-1256,-15296,10136,-920,640,-2796,insert_bolts_hand_tighten
2767071,16,-11572,8852,-2277,-2383,-3075,insert_bolts_hand_tighten
2767093,-268,-13836,12524,-7443,2872,-1399,insert_bolts_hand_tighten
2767115,684,-10236,12580,-2150,44,-3239,insert_bolts_hand_tighten
2767137,1732,-10372,10568,-8567,32,-2703,insert_bolts_hand_tighten
2767159,1452,-14372,8508,-6478,1949,-4352,insert_bolts_hand_tighten
2767181,1288,-14836,9840,2539,1552,-4293,insert_bolts_hand_tighten
2767203,1548,-10756,11628,4906,961,-3760,insert_bolts_hand_tighten
2767225,2432,-11368,9596,-737,-2134,-1796,insert_bolts_hand_tighten
2767247,3072,-12100,9872,-3316,859,-2314,insert_bolts_hand_tighten
2767269,2456,-14396,12144,-2348,2888,-2952,insert_bolts_hand_tighten
2767291,784,-14168,11532,4168,2212,-1885,insert_bolts_hand_tighten
2767313,-348,-14568,9208,4321,-1617,2747,insert_bolts_hand_tighten
2767335,-1168,-11932,6432,-52,-2516,6623,insert_bolts_hand_tighten
2767357,-1748,-17220,7160,-164,392,8931,insert_bolts_hand_tighten
2767379,-2716,-18780,8584,5921,-1009,7821,insert_bolts_hand_tighten
2767401,-2436,-17040,8388,12680,-2589,6784,insert_bolts_hand_tighten
2767423,-800,-7016,9148,10847,-2125,1327,insert_bolts_hand_tighten
2767445,1600,-8580,13416,1189,2185,1330,insert_bolts_hand_tighten
2767467,-596,-13284,12644,1680,2277,-556,insert_bolts_hand_tighten
2767489,944,-11360,12208,-244,1552,-436,insert_bolts_hand_tighten
2767511,-184,-13416,11864,-4081,-467,-52,insert_bolts_hand_tighten
2767533,-44,-11748,12096,-4173,-553,-2115,insert_bolts_hand_tighten
2767555,1816,-10932,11660,-4457,-1189,-2973,insert_bolts_hand_tighten
2767577,488,-9796,11940,-7293,1843,-3158,insert_bolts_hand_tighten
2767599,1848,-7128,10860,-12005,-939,-3437,insert_bolts_hand_tighten
2767621,1376,-16996,10160,-8535,111,-5582,insert_bolts_hand_tighten
2767643,3236,-13600,11672,5902,1114,-7575,insert_bolts_hand_tighten
2767665,4708,-11264,9000,10286,2774,-4705,insert_bolts_hand_tighten
2767687,3440,-10856,9576,4460,5911,-1636,insert_bolts_hand_tighten
2767709,-1152,-13952,13524,1905,5767,2448,insert_bolts_hand_tighten
2767731,-1448,-16380,9676,14135,-3805,6666,insert_bolts_hand_tighten
2767753,-2296,-16424,5880,18708,-2659,8538,insert_bolts_hand_tighten
2767775,-3808,-12756,6584,16297,-4200,10563,insert_bolts_hand_tighten
2767797,-3004,-10368,8320,9693,-4755,9045,insert_bolts_hand_tighten
2767819,1512,-4880,15512,2922,3778,2432,insert_bolts_hand_tighten
2767841,-2356,-16776,14568,1819,2453,1481,insert_bolts_hand_tighten
2767863,1188,-11280,12136,6229,3793,-3745,insert_bolts_hand_tighten
2767885,-428,-11800,12692,-210,2934,-2201,insert_bolts_hand_tighten
2767907,684,-6388,16128,-7571,188,-506,insert_bolts_hand_tighten
2767929,704,-6268,17436,-13160,299,-2445,insert_bolts_hand_tighten
2767951,1568,-9396,16968,-11274,-902,-4868,insert_bolts_hand_tighten
2767973,56,-8540,12204,-6091,-1338,-7822,insert_bolts_hand_tighten
2767995,1268,-6252,10240,-10156,-3470,-6168,insert_bolts_hand_tighten
2768017,1048,-8108,11764,-18142,-3875,-3713,insert_bolts_hand_tighten
2768039,2100,-9908,9972,-21251,-4212,-1164,insert_bolts_hand_tighten
2768061,3588,-19804,8380,-8337,-3559,-1354,insert_bolts_hand_tighten
2768083,2748,-18724,7380,10509,2499,-3858,insert_bolts_hand_tighten
2768105,3008,-13476,10948,9197,3277,252,insert_bolts_hand_tighten
2768127,356,-10536,11780,2900,1053,2225,insert_bolts_hand_tighten
2768149,-1080,-13256,7108,977,-4449,5916,insert_bolts_hand_tighten
2768171,-228,-16824,5212,8001,-714,7101,insert_bolts_hand_tighten
2768193,-1232,-16060,8384,17333,545,9740,insert_bolts_hand_tighten
2768215,-2688,-12520,10668,12297,-1389,8859,insert_bolts_hand_tighten
2768237,412,-2960,16952,-3356,2026,2184,insert_bolts_hand_tighten
2768259,-1868,-13248,13912,-12357,1428,1779,insert_bolts_hand_tighten
2768281,-1336,-14384,12412,-7355,1240,1889,insert_bolts_hand_tighten
2768303,-1168,-15020,12620,-5564,2837,2083,insert_bolts_hand_tighten
2768325,-832,-12120,12364,-6690,1810,1876,insert_bolts_hand_tighten
2768347,956,-8752,10272,-13504,1715,473,insert_bolts_hand_tighten
2768369,860,-16528,6948,-7188,118,-1723,insert_bolts_hand_tighten
2768391,764,-12292,8404,-827,-103,-1743,insert_bolts_hand_tighten
2768413,-384,-10396,11600,-5064,0,-385,insert_bolts_hand_tighten
2768435,-920,-10236,12756,-10286,1019,-1872,insert_bolts_hand_tighten
2768457,-44,-17064,9620,-5783,1099,-2804,insert_bolts_hand_tighten
2768479,260,-17580,11220,4058,947,-2006,insert_bolts_hand_tighten
2768501,-184,-13144,11512,1408,899,-2217,insert_bolts_hand_tighten
2768523,-212,-11128,9840,-5150,-1176,-2886,insert_bolts_hand_tighten
2768545,376,-10636,8996,-7311,-2380,-2840,insert_bolts_hand_tighten
2768567,780,-8664,8912,-13224,-2326,-1887,insert_bolts_hand_tighten
2768589,1336,-13172,5528,-16333,-2761,-760,insert_bolts_hand_tighten
2768611,2504,-22312,7268,4,105,-2075,insert_bolts_hand_tighten
2768633,1236,-15128,9456,5378,268,416,insert_bolts_hand_tighten
2768655,920,-12408,8264,3741,-535,92,insert_bolts_hand_tighten
2768677,1608,-11612,6652,4545,-893,-429,insert_bolts_hand_tighten
2768699,2312,-15980,7344,9382,120,-958,insert_bolts_hand_tighten
2768721,1328,-17280,8816,17461,2856,361,insert_bolts_hand_tighten
2768743,272,-15100,9632,21138,3674,968,insert_bolts_hand_tighten
2768765,-1240,-11220,9572,15916,1126,3115,insert_bolts_hand_tighten
2768787,-2028,-10544,9212,10186,-609,3950,insert_bolts_hand_tighten
2768809,-728,-12456,8432,8988,-1782,3946,insert_bolts_hand_tighten
2768831,292,-11040,10788,13644,-1410,-87,insert_bolts_hand_tighten
2768853,808,-6924,13796,5716,1556,477,insert_bolts_hand_tighten
2768875,-724,-8884,12956,-3658,615,173,insert_bolts_hand_tighten
2768897,148,-14592,11816,-7733,997,570,insert_bolts_hand_tighten
2768919,-764,-14832,11620,-6503,4031,1185,insert_bolts_hand_tighten
2768941,-1596,-10384,13880,-12511,3030,1982,insert_bolts_hand_tighten
2768963,-1104,-10400,13696,-17097,528,444,insert_bolts_hand_tighten
2768985,-412,-16952,11288,-16340,3393,-1662,insert_bolts_hand_tighten
2769007,292,-17604,9704,-2265,1709,-1180,insert_bolts_hand_tighten
2769029,-192,-9084,10408,-3486,1713,-653,insert_bolts_hand_tighten
2769051,484,-7096,11248,-14964,82,-1832,insert_bolts_hand_tighten
2769073,820,-15892,7700,-13128,-685,-4171,insert_bolts_hand_tighten
2769095,1356,-20796,8988,7359,406,-3134,insert_bolts_hand_tighten
2769117,-772,-10600,11608,2453,1640,-1499,insert_bolts_hand_tighten
2769139,-892,-10576,10264,-9426,-1117,-1604,insert_bolts_hand_tighten
2769161,1072,-15576,9824,-5821,-2385,-2256,insert_bolts_hand_tighten
2769183,1228,-12692,8696,-7602,-1492,-1283,insert_bolts_hand_tighten
2769205,920,-13220,7332,-8643,-2713,-2465,insert_bolts_hand_tighten
2769227,1760,-15092,6972,-6423,-2845,-2215,insert_bolts_hand_tighten
2769249,1172,-15276,7988,-1820,-2136,-1095,insert_bolts_hand_tighten
2769271,292,-13932,8488,-565,-1981,-322,insert_bolts_hand_tighten
2769293,-568,-13020,6372,-1010,-1386,-337,insert_bolts_hand_tighten
2769315,-436,-15144,5680,-3352,-1707,1100,insert_bolts_hand_tighten
2769337,380,-14992,5148,-5511,-1151,922,insert_bolts_hand_tighten
2769359,1156,-18056,6944,-1869,-952,599,insert_bolts_hand_tighten
2769381,1820,-15036,7184,4462,-1090,-292,insert_bolts_hand_tighten
2769403,2168,-13868,8624,4196,1559,-829,insert_bolts_hand_tighten
2769425,2364,-11504,7716,4565,1699,-1196,insert_bolts_hand_tighten
2769447,2724,-11748,8308,2746,3802,-1798,insert_bolts_hand_tighten
2769469,2604,-14260,8680,4451,5918,-2774,insert_bolts_hand_tighten
2769491,2024,-15412,8860,11486,6535,-3882,insert_bolts_hand_tighten
2769513,1400,-15408,8948,17870,6661,-3938,insert_bolts_hand_tighten
2769535,-424,-14684,9648,20942,7026,-3475,insert_bolts_hand_tighten
2769557,-1664,-14308,9968,24935,5334,-2741,insert_bolts_hand_tighten
2769579,-1960,-12852,11752,25063,2740,966,insert_bolts_hand_tighten
2769601,-1844,-12476,12040,19481,1435,3489,insert_bolts_hand_tighten
2769623,-1724,-12160,11776,20837,1927,3002,insert_bolts_hand_tighten
2769645,-464,-9320,12964,21615,794,5129,insert_bolts_hand_tighten
2769667,464,-9380,13588,15492,-709,7407,insert_bolts_hand_tighten
2769689,100,-6468,13016,8101,-2368,5938,insert_bolts_hand_tighten
2769711,600,-5432,11716,2991,-1652,3508,insert_bolts_hand_tighten
2769733,2040,-6332,12648,7494,-57,657,insert_bolts_hand_tighten
2769755,2508,-7564,15116,11634,-278,-74,insert_bolts_hand_tighten
2769777,2836,-9368,14284,14158,-3993,-741,insert_bolts_hand_tighten
2769799,3428,-4796,16264,7581,-2819,339,insert_bolts_hand_tighten
2769821,848,-5120,17836,-7788,-704,706,insert_bolts_hand_tighten
2769843,-112,-6808,15332,-9309,889,-585,insert_bolts_hand_tighten
2769865,452,-10140,14788,-3626,2620,-2535,insert_bolts_hand_tighten
2769887,1096,-5328,16248,463,4589,-2538,insert_bolts_hand_tighten
2769909,-152,-6328,18576,-2818,1706,-2261,insert_bolts_hand_tighten
2769931,-80,-8592,18300,-8611,1689,-1865,insert_bolts_hand_tighten
2769953,-184,-10348,15276,-6301,2063,-1151,insert_bolts_hand_tighten
2769975,-396,-8568,14232,-5420,2937,-1529,insert_bolts_hand_tighten
2769997,-492,-6480,15608,-7859,1260,-1168,insert_bolts_hand_tighten
2770019,-1512,-4320,16812,-18025,-290,-3177,insert_bolts_hand_tighten
2770041,128,-13048,12832,-13334,-4122,-3449,insert_bolts_hand_tighten
2770063,3768,-12268,14344,5636,-2565,-667,insert_bolts_hand_tighten
2770085,776,-5932,13864,-186,1819,-312,insert_bolts_hand_tighten
2770107,172,-7776,13056,-5653,-1237,-2062,insert_bolts_hand_tighten
2770129,1096,-6756,13700,-9867,-1133,-2958,insert_bolts_hand_tighten
2770151,1028,-5748,13532,-13958,-1128,-3744,insert_bolts_hand_tighten
2770173,1756,-6556,12400,-15522,-662,-3867,insert_bolts_hand_tighten
2770195,2496,-8748,11468,-17045,1142,-2021,insert_bolts_hand_tighten
2770217,1812,-14132,9920,-12320,1610,-3943,insert_bolts_hand_tighten
2770239,3220,-15052,10652,16,754,-5169,insert_bolts_hand_tighten
2770261,3980,-11316,13068,4882,5697,-3204,insert_bolts_hand_tighten
2770283,2504,-11092,12864,4737,4445,-202,insert_bolts_hand_tighten
2770305,344,-12016,12440,6216,3101,2076,insert_bolts_hand_tighten
2770327,864,-12188,11560,8109,-930,6222,insert_bolts_hand_tighten
2770349,728,-13292,11828,11652,-2656,7513,insert_bolts_hand_tighten
2770371,364,-11744,11984,12751,-2642,8099,insert_bolts_hand_tighten
2770393,-792,-10928,13008,14966,-1710,7448,insert_bolts_hand_tighten
2770415,-1608,-8100,12160,11855,-1414,6112,insert_bolts_hand_tighten
2770437,-956,-10268,10960,8786,139,4837,insert_bolts_hand_tighten
2770459,164,-10164,12888,9902,1071,2038,insert_bolts_hand_tighten
2770481,-176,-8868,16124,10622,5374,-244,insert_bolts_hand_tighten
2770503,-1236,-6248,16656,-571,931,735,insert_bolts_hand_tighten
2770525,-656,-6564,14080,-13402,-1020,-1876,insert_bolts_hand_tighten
2770547,812,-11092,12512,-18407,1565,-4598,insert_bolts_hand_tighten
2770569,240,-11628,16996,-14012,4165,-4294,insert_bolts_hand_tighten
2770591,-1224,-6652,17684,-12568,2889,-4145,insert_bolts_hand_tighten
2770613,892,-4908,16848,-12362,-3983,-3226,insert_bolts_hand_tighten
2770635,512,-10412,11572,-7404,1005,-6077,insert_bolts_hand_tighten
2770657,3016,-11956,11452,2458,-600,-2444,insert_bolts_hand_tighten
2770679,1236,-7296,12712,-875,2038,-615,insert_bolts_hand_tighten
2770701,648,-7260,12996,-10358,-1895,-1061,insert_bolts_hand_tighten
2770723,1516,-8904,11872,-16481,-4561,-1727,insert_bolts_hand_tighten
2770745,2800,-18012,9200,-4322,-3896,-5815,insert_bolts_hand_tighten
2770767,4328,-10960,11056,6062,3574,-7170,insert_bolts_hand_tighten
2770789,3292,-10700,14748,5346,5482,-383,insert_bolts_hand_tighten
2770811,-180,-11492,11872,3981,379,2605,insert_bolts_hand_tighten
2770833,-632,-12720,10692,3049,-2784,3816,insert_bolts_hand_tighten
2770855,-688,-11928,9940,7189,-3933,6266,insert_bolts_hand_tighten
2770877,-588,-12256,10920,7529,-5028,8305,insert_bolts_hand_tighten
2770899,160,-12308,11284,6464,-6499,9478,insert_bolts_hand_tighten
2770921,1724,-14960,10292,5607,-5749,8120,insert_bolts_hand_tighten
2770943,2880,-2968,14132,6482,-235,3,insert_bolts_hand_tighten
2770965,768,-9628,17072,-1176,3948,583,insert_bolts_hand_tighten
2770987,412,-10676,15732,-858,2156,-316,insert_bolts_hand_tighten
2771009,540,-10376,12440,-4768,516,89,insert_bolts_hand_tighten
2771031,-12,-10656,10992,-8358,733,-396,insert_bolts_hand_tighten
2771053,508,-9608,14036,-13142,1075,-537,insert_bolts_hand_tighten
2771075,516,-12004,13912,-12945,1493,-492,insert_bolts_hand_tighten
2771097,-300,-14380,13060,-5024,660,-1149,insert_bolts_hand_tighten
2771119,1724,-12548,13264,-1019,665,-498,insert_bolts_hand_tighten
2771141,524,-9680,12928,-4844,-160,-701,insert_bolts_hand_tighten
2771163,1060,-7564,12012,-12138,-1945,-1098,insert_bolts_hand_tighten
2771185,2012,-11104,11016,-9475,-3073,-1948,insert_bolts_hand_tighten
2771207,2404,-11408,10492,-2315,-1555,-1949,insert_bolts_hand_tighten
2771229,1688,-11964,10424,-78,-2081,-2270,insert_bolts_hand_tighten
2771251,2056,-12744,10792,39,-3517,-2037,insert_bolts_hand_tighten
2771273,2768,-12104,10532,-1331,-3412,-2803,insert_bolts_hand_tighten
2771295,5048,-12444,13804,-5092,1072,-3070,insert_bolts_hand_tighten
2771317,3664,-13240,11412,-3288,5051,-4804,insert_bolts_hand_tighten
2771339,4092,-13220,11012,-2019,7864,-3968,insert_bolts_hand_tighten
2771361,2804,-13540,10548,-830,8201,-2894,insert_bolts_hand_tighten
2771383,2296,-12660,10320,502,5573,-1567,insert_bolts_hand_tighten
2771405,1948,-12916,9684,1810,3629,-76,insert_bolts_hand_tighten
2771427,1440,-13092,9736,3468,2783,679,insert_bolts_hand_tighten
2771449,1004,-12876,9924,3939,785,896,insert_bolts_hand_tighten
2771471,944,-12516,9776,3777,-14,726,insert_bolts_hand_tighten
2771493,852,-12584,9756,4067,-516,625,insert_bolts_hand_tighten
2771515,992,-12280,9460,3796,-886,520,insert_bolts_hand_tighten
2771537,1052,-12276,10156,3474,-117,818,insert_bolts_hand_tighten
2771559,568,-12456,10968,3116,251,1118,insert_bolts_hand_tighten
2771581,340,-12336,11440,2552,-87,772,insert_bolts_hand_tighten
2771603,292,-11784,11760,2144,-372,652,insert_bolts_hand_tighten
2771625,408,-11288,12228,927,-249,744,insert_bolts_hand_tighten
2771647,608,-11516,12384,-522,162,913,insert_bolts_hand_tighten
2771669,616,-11908,12620,-426,747,1076,insert_bolts_hand_tighten
2771691,800,-12432,13020,797,1544,1039,insert_bolts_hand_tighten
2771713,708,-12120,12884,2134,1129,926,insert_bolts_hand_tighten
2771735,972,-10976,12680,2165,1325,1173,insert_bolts_hand_tighten
2771757,832,-10772,12348,795,1676,1500,insert_bolts_hand_tighten
2771779,824,-11108,12716,-202,2078,1324,insert_bolts_hand_tighten
2771801,876,-10892,12168,-1066,2432,1038,insert_bolts_hand_tighten
2771823,780,-11304,11876,-695,3013,766,insert_bolts_hand_tighten
2771845,556,-11312,11676,-491,1902,527,insert_bolts_hand_tighten
2771867,660,-10660,11620,-661,1691,505,insert_bolts_hand_tighten
2771889,452,-11492,12112,-564,1373,833,insert_bolts_hand_tighten
2771911,156,-10952,11724,-1136,1133,799,insert_bolts_hand_tighten
2771933,216,-11284,11440,-1369,956,763,insert_bolts_hand_tighten
2771955,-8,-11528,11600,-1265,730,608,insert_bolts_hand_tighten
2771977,12,-11584,11808,102,716,279,insert_bolts_hand_tighten
2771999,-148,-11432,11812,493,339,349,insert_bolts_hand_tighten
2772021,-32,-11272,12156,391,439,245,insert_bolts_hand_tighten
2772043,144,-11220,12524,-97,231,180,insert_bolts_hand_tighten
2772065,112,-11200,12064,-858,453,-181,insert_bolts_hand_tighten
2772087,32,-11832,12148,-541,557,-444,insert_bolts_hand_tighten
2772109,148,-11340,12140,-243,518,-455,insert_bolts_hand_tighten
2772131,88,-11504,11992,-146,343,-245,insert_bolts_hand_tighten
2772153,188,-11404,11956,-274,250,-184,insert_bolts_hand_tighten
2772175,176,-11692,11864,-432,208,-156,insert_bolts_hand_tighten
2772197,164,-11400,12028,-335,327,-166,insert_bolts_hand_tighten
2772219,196,-11708,12036,-449,198,0,insert_bolts_hand_tighten
2772241,148,-11828,12020,304,297,100,insert_bolts_hand_tighten
2772263,184,-11464,11768,149,-121,264,insert_bolts_hand_tighten
2772285,188,-11632,11816,-193,-230,352,insert_bolts_hand_tighten
2772307,224,-11508,11992,-187,-346,297,insert_bolts_hand_tighten
2772329,252,-11332,12228,-158,-329,248,insert_bolts_hand_tighten
2772351,280,-11080,12028,-183,-91,414,insert_bolts_hand_tighten
2772373,320,-11392,12040,-505,-88,302,insert_bolts_hand_tighten
2772395,224,-11448,12556,-232,164,297,insert_bolts_hand_tighten
2772417,348,-11416,12508,110,137,235,insert_bolts_hand_tighten
2772439,312,-11404,12308,255,381,127,insert_bolts_hand_tighten
2772461,472,-11200,12268,-214,382,199,insert_bolts_hand_tighten
2772483,608,-11404,12248,-537,556,132,insert_bolts_hand_tighten
2772505,600,-11424,12416,-285,831,106,insert_bolts_hand_tighten
2772527,820,-11308,12204,393,1947,53,insert_bolts_hand_tighten
2772549,496,-11132,11960,411,1535,-74,insert_bolts_hand_tighten
2772571,528,-11140,11940,-110,1353,-178,insert_bolts_hand_tighten
2772593,484,-11140,11948,-415,1289,-435,insert_bolts_hand_tighten
2772615,128,-11152,11744,-840,1292,-553,insert_bolts_hand_tighten
2772637,412,-11256,11428,-1216,1061,-635,insert_bolts_hand_tighten
2772659,164,-11732,11192,-1301,960,-607,insert_bolts_hand_tighten
2772681,224,-12136,11688,-727,1503,-565,insert_bolts_hand_tighten
2772703,-184,-11868,12088,-401,171,-137,insert_bolts_hand_tighten
2772725,-132,-11928,12356,-43,-53,-205,insert_bolts_hand_tighten
2772747,-84,-12004,12608,436,-336,-190,insert_bolts_hand_tighten
2772769,300,-11940,12988,1152,-548,24,insert_bolts_hand_tighten
2772791,316,-11388,12716,1810,-140,274,insert_bolts_hand_tighten
2772813,328,-10860,12692,2022,377,142,insert_bolts_hand_tighten
2772835,292,-10424,12640,1440,670,-93,insert_bolts_hand_tighten
2772857,168,-10160,12588,224,900,-532,insert_bolts_hand_tighten
2772879,32,-10452,12216,-596,975,-953,insert_bolts_hand_tighten
2772901,104,-10928,11824,-396,795,-1196,insert_bolts_hand_tighten
2772923,92,-10812,11696,-338,696,-1391,insert_bolts_hand_tighten
2772945,320,-11712,12252,-157,559,-935,insert_bolts_hand_tighten
2772967,188,-11732,12560,224,638,-626,insert_bolts_hand_tighten
2772989,148,-11608,12400,-178,876,-551,insert_bolts_hand_tighten
2773011,-12,-11276,12252,-426,970,-618,insert_bolts_hand_tighten
2773033,-136,-11392,12284,-568,1104,-659,insert_bolts_hand_tighten
2773055,8,-11112,12004,-641,1204,-757,insert_bolts_hand_tighten
2773077,80,-11204,11804,-643,1193,-752,insert_bolts_hand_tighten
2773099,-4,-11292,11944,-657,1612,-803,insert_bolts_hand_tighten
2773121,-44,-11280,11996,-711,330,-668,insert_bolts_hand_tighten
2773143,-68,-11504,12152,-419,283,-515,insert_bolts_hand_tighten
2773165,284,-11372,12336,-477,157,-358,insert_bolts_hand_tighten
2773187,316,-11448,12152,-264,146,-392,insert_bolts_hand_tighten
2773209,504,-11680,12452,-241,242,-383,insert_bolts_hand_tighten
2773231,640,-11452,12316,-44,144,-395,insert_bolts_hand_tighten
2773253,540,-11696,12280,-367,143,-266,insert_bolts_hand_tighten
2773275,608,-11524,12044,13,82,-104,insert_bolts_hand_tighten
2773297,496,-11408,12432,727,52,-150,insert_bolts_hand_tighten
2773319,396,-11000,12260,577,299,-354,insert_bolts_hand_tighten
2773341,228,-10804,12136,102,228,-397,insert_bolts_hand_tighten
2773363,80,-10864,12032,-573,382,-640,insert_bolts_hand_tighten
2773385,196,-11132,12132,-569,446,-701,insert_bolts_hand_tighten
2773407,184,-11320,12220,-539,605,-625,insert_bolts_hand_tighten
2773429,32,-11460,12152,-823,620,-462,insert_bolts_hand_tighten
2773451,-16,-11656,12140,-675,441,-321,insert_bolts_hand_tighten
2773473,20,-11732,12008,-319,206,-105,insert_bolts_hand_tighten
2773495,140,-11292,12072,-221,144,71,insert_bolts_hand_tighten
2773517,192,-11840,12280,-352,169,217,insert_bolts_hand_tighten
2773539,368,-11588,12560,-309,336,340,insert_bolts_hand_tighten
2773561,400,-11636,12472,-387,420,455,insert_bolts_hand_tighten
2773583,328,-11268,12508,-242,484,719,insert_bolts_hand_tighten
2773605,332,-11160,12288,-193,608,593,insert_bolts_hand_tighten
2773627,456,-10724,11992,-321,697,291,insert_bolts_hand_tighten
2773649,452,-10876,11988,-488,703,-16,insert_bolts_hand_tighten
2773671,444,-11044,12100,-556,724,-42,insert_bolts_hand_tighten
2773693,272,-11168,11912,-511,403,-23,insert_bolts_hand_tighten
2773715,284,-11356,11792,-540,299,78,insert_bolts_hand_tighten
2773737,248,-11320,11836,-308,185,137,insert_bolts_hand_tighten
2773759,268,-11656,12252,-296,131,45,insert_bolts_hand_tighten
2773781,572,-11536,12272,-49,95,37,insert_bolts_hand_tighten
2773803,640,-11740,12372,634,154,160,insert_bolts_hand_tighten
2773825,556,-11232,12352,517,818,127,insert_bolts_hand_tighten
2773847,488,-11396,12260,9,410,127,insert_bolts_hand_tighten
2773869,244,-10880,12568,-219,434,73,insert_bolts_hand_tighten
2773891,28,-10980,12364,-435,422,-57,insert_bolts_hand_tighten
2773913,192,-11064,12288,-188,524,-227,insert_bolts_hand_tighten
2773935,84,-11156,12304,-27,260,-178,insert_bolts_hand_tighten
2773957,96,-11096,12268,-281,25,-370,insert_bolts_hand_tighten
2773979,120,-11276,12180,-179,-279,-385,insert_bolts_hand_tighten
2774001,92,-11192,11900,-166,-417,-294,insert_bolts_hand_tighten
2774023,348,-11436,11812,-449,-380,-220,insert_bolts_hand_tighten
2774045,136,-11412,12004,-707,-344,29,insert_bolts_hand_tighten
2774067,84,-11624,11880,-884,-294,181,insert_bolts_hand_tighten
2774089,-36,-11608,11988,-603,-535,231,insert_bolts_hand_tighten
2774111,-36,-11608,12356,-93,-705,380,insert_bolts_hand_tighten
2774133,396,-11312,12492,-211,-414,398,insert_bolts_hand_tighten
2774155,444,-11556,12916,-565,-46,647,insert_bolts_hand_tighten
2774177,444,-11620,12788,-594,287,802,insert_bolts_hand_tighten
2774199,160,-11468,12744,-262,656,778,insert_bolts_hand_tighten
2774221,320,-11012,12484,-201,690,571,insert_bolts_hand_tighten
2774243,400,-11264,12168,-419,783,353,insert_bolts_hand_tighten
2774265,368,-11040,11880,-354,538,217,insert_bolts_hand_tighten
2774287,388,-11140,11964,-347,438,82,insert_bolts_hand_tighten
2774309,448,-11368,12208,-178,168,29,insert_bolts_hand_tighten
2774331,504,-11332,12052,27,60,-46,insert_bolts_hand_tighten
2774353,508,-11284,12104,-12,-4,-153,insert_bolts_hand_tighten
2774375,464,-11512,12068,-155,16,-207,insert_bolts_hand_tighten
2774397,244,-11536,12140,-273,-141,-173,insert_bolts_hand_tighten
2774419,376,-11612,12044,-202,-86,-33,insert_bolts_hand_tighten
2774441,268,-11444,12208,-61,-161,-15,insert_bolts_hand_tighten
2774463,208,-11400,12176,112,-155,-78,insert_bolts_hand_tighten
2774485,296,-11044,11872,-29,-128,-121,insert_bolts_hand_tighten
2774507,280,-11396,11988,-353,-34,-116,insert_bolts_hand_tighten
2774529,304,-11404,11976,-363,-49,25,insert_bolts_hand_tighten
2774551,224,-11516,12224,-234,-39,176,insert_bolts_hand_tighten
2774573,296,-11548,12160,-207,-97,148,insert_bolts_hand_tighten
2774595,448,-11620,12352,-119,-148,265,insert_bolts_hand_tighten
2774617,472,-11344,12276,-98,-95,290,insert_bolts_hand_tighten
2774639,472,-11180,12112,-232,-46,306,insert_bolts_hand_tighten
2774661,432,-11040,12144,-279,-36,199,insert_bolts_hand_tighten
2774683,472,-11012,12080,-124,-134,23,insert_bolts_hand_tighten
2774705,540,-11236,12312,-218,-168,-42,insert_bolts_hand_tighten
2774727,544,-11324,12344,-347,-118,-77,insert_bolts_hand_tighten
2774749,592,-11528,12336,-238,-46,-39,insert_bolts_hand_tighten
2774771,520,-11316,12368,-154,61,36,insert_bolts_hand_tighten
2774793,392,-11344,12200,-187,71,81,insert_bolts_hand_tighten
2774815,380,-11212,12104,-156,61,8,insert_bolts_hand_tighten
2774837,444,-11288,12176,-171,-169,12,insert_bolts_hand_tighten
2774859,504,-11240,12104,31,-102,-121,insert_bolts_hand_tighten
2774881,536,-11528,12076,-330,61,96,insert_bolts_hand_tighten
2774903,524,-11508,12288,-257,32,257,insert_bolts_hand_tighten
2774925,496,-11408,12268,-144,155,167,insert_bolts_hand_tighten
2774947,576,-11312,12352,-81,150,255,insert_bolts_hand_tighten
2774969,564,-11244,12396,-106,381,207,insert_bolts_hand_tighten
2774991,456,-11016,12044,-286,466,65,insert_bolts_hand_tighten
2775013,368,-11060,12008,-542,442,-52,insert_bolts_hand_tighten
2775035,328,-11232,12008,-561,356,-140,insert_bolts_hand_tighten
2775057,272,-11416,12196,-342,153,-51,insert_bolts_hand_tighten
2775079,468,-11548,12120,-226,-101,79,insert_bolts_hand_tighten
2775101,556,-11604,12336,-379,-11,254,insert_bolts_hand_tighten
2775123,340,-11468,12524,-358,34,320,insert_bolts_hand_tighten
2775145,448,-11616,12508,-87,47,397,insert_bolts_hand_tighten
2775167,508,-11116,12480,47,206,377,insert_bolts_hand_tighten
2775189,500,-11136,12264,-180,284,324,insert_bolts_hand_tighten
2775211,592,-11132,12156,-273,253,249,insert_bolts_hand_tighten
2775233,468,-11416,12220,-388,486,395,insert_bolts_hand_tighten
2775255,544,-11384,12116,-295,426,272,insert_bolts_hand_tighten
2775277,680,-11464,12088,-329,388,319,insert_bolts_hand_tighten
2775299,736,-11352,11948,-432,264,340,insert_bolts_hand_tighten
2775321,676,-11336,11796,-420,183,321,insert_bolts_hand_tighten
2775343,500,-11204,11796,-396,-88,289,insert_bolts_hand_tighten
2775365,284,-11140,11696,-441,-234,262,insert_bolts_hand_tighten
2775387,216,-11024,11836,-419,-348,74,insert_bolts_hand_tighten
2775409,316,-11184,12124,-277,-563,25,insert_bolts_hand_tighten
2775431,416,-11460,12240,-121,-419,46,insert_bolts_hand_tighten
2775453,560,-11288,12452,-133,-189,126,insert_bolts_hand_tighten
2775475,536,-11560,12544,-622,-60,131,insert_bolts_hand_tighten
2775497,564,-11600,12672,-584,181,153,insert_bolts_hand_tighten
2775519,508,-11532,12564,-135,136,434,insert_bolts_hand_tighten
2775541,504,-11108,12280,0,130,470,insert_bolts_hand_tighten
2775563,636,-11124,12172,-157,138,264,insert_bolts_hand_tighten
2775585,740,-11156,12048,-94,207,109,insert_bolts_hand_tighten
2775607,576,-11124,12208,-266,232,-151,insert_bolts_hand_tighten
2775629,472,-11172,12116,-229,130,-247,insert_bolts_hand_tighten
2775651,500,-11560,12048,-234,96,-126,insert_bolts_hand_tighten
2775673,540,-11584,12128,-139,21,-65,insert_bolts_hand_tighten
2775695,524,-11528,12176,-140,73,-31,insert_bolts_hand_tighten
2775717,524,-11548,12188,-164,199,81,insert_bolts_hand_tighten
2775739,432,-11536,12120,-145,107,147,insert_bolts_hand_tighten
2775761,552,-11292,12016,-80,43,256,insert_bolts_hand_tighten
2775783,644,-11156,12212,25,17,224,insert_bolts_hand_tighten
2775805,676,-11172,12244,-45,16,166,insert_bolts_hand_tighten
2775827,756,-11128,12232,-181,95,35,insert_bolts_hand_tighten
2775849,752,-11340,12004,-310,246,-257,insert_bolts_hand_tighten
2775871,596,-11244,12264,-596,246,-185,insert_bolts_hand_tighten
2775893,472,-11380,12340,-350,118,-66,insert_bolts_hand_tighten
2775915,424,-11324,12492,18,83,60,insert_bolts_hand_tighten
2775937,476,-11236,12424,-72,91,186,insert_bolts_hand_tighten
2775959,416,-11232,12324,-200,201,119,insert_bolts_hand_tighten
2775981,256,-11140,12316,-269,366,75,insert_bolts_hand_tighten
2776003,264,-11300,12220,-185,411,-107,insert_bolts_hand_tighten
2776025,524,-11384,12304,-160,394,-28,insert_bolts_hand_tighten
2776047,644,-11632,12480,-73,322,83,insert_bolts_hand_tighten
2776069,696,-11412,12392,-212,562,141,insert_bolts_hand_tighten
2776091,664,-11320,12180,-65,522,162,insert_bolts_hand_tighten
2776113,536,-10944,12044,-129,538,60,insert_bolts_hand_tighten
2776135,388,-10772,11900,-201,329,-5,insert_bolts_hand_tighten
2776157,408,-10980,11768,-217,150,-247,insert_bolts_hand_tighten
2776179,400,-11284,11988,-284,260,-314,insert_bolts_hand_tighten
2776201,520,-11572,12352,-208,174,-233,insert_bolts_hand_tighten
2776223,612,-11780,12448,-137,298,-12,insert_bolts_hand_tighten
2776245,664,-11588,12632,-133,315,110,insert_bolts_hand_tighten
2776267,584,-11352,12280,-264,426,250,insert_bolts_hand_tighten
